property_id,cpp_nearest_water_distance_m,cpp_nearest_water_feature_id,cpp_nearest_water_feature_class,cpp_nearest_water_feature_type,cpp_nearest_water_source_id,cpp_nearest_water_source_object_id,cpp_nearest_water_name,cpp_nearest_water_tie_count,cpp_segment_checks,cpp_candidate_feature_checks,cpp_index_node_visits,distance_crs,algorithm
14817000020150000000,116.82769451242974,flowline:5EBDG,flowline,Channel Line,5EBDG,9118227,,1,32485,6,20,EPSG:26918,feature_bvh
14817000020140000000,139.50272643298277,flowline:5EBDG,flowline,Channel Line,5EBDG,9118227,,1,32485,6,20,EPSG:26918,feature_bvh
14720000010071000000,23.868487095731872,flowline:9ZMPY,flowline,Channel Line,9ZMPY,16859031,,1,32499,6,19,EPSG:26918,feature_bvh
14720000010081110000,153.89068906103299,waterbody:OHBHA,waterbody,River,OHBHA,6808470,,1,32327,3,19,EPSG:26918,feature_bvh
14720000010082100000,152.98814054838905,waterbody:M4M8X,waterbody,Lake,M4M8X,5659922,,1,32354,5,20,EPSG:26918,feature_bvh
14720000010081200000,120.22033791158186,waterbody:OHBHA,waterbody,River,OHBHA,6808470,,1,32327,3,20,EPSG:26918,feature_bvh
14720000010010000000,128.23658440915003,waterbody:OHBHA,waterbody,River,OHBHA,6808470,,1,32446,4,23,EPSG:26918,feature_bvh
14716000030550000000,197.67133638070752,waterbody:OHBHA,waterbody,River,OHBHA,6808470,,1,32446,4,23,EPSG:26918,feature_bvh
14720000010020000000,118.49071137788428,waterbody:OHBHA,waterbody,River,OHBHA,6808470,,1,32446,4,23,EPSG:26918,feature_bvh
14716000030070000000,135.17645376473715,waterbody:OHBHA,waterbody,River,OHBHA,6808470,,1,32446,4,23,EPSG:26918,feature_bvh
14716000030060000000,120.94582722505265,waterbody:OHBHA,waterbody,River,OHBHA,6808470,,1,32446,4,23,EPSG:26918,feature_bvh
14716000030590000000,117.41496496248421,waterbody:OHBHA,waterbody,River,OHBHA,6808470,,1,32446,4,23,EPSG:26918,feature_bvh
14716000030050000000,106.54681311486675,waterbody:OHBHA,waterbody,River,OHBHA,6808470,,1,32446,4,23,EPSG:26918,feature_bvh
14716000030600000000,94.880220893338659,waterbody:OHBHA,waterbody,River,OHBHA,6808470,,1,32446,4,23,EPSG:26918,feature_bvh
14716000030040000000,92.374578356510355,waterbody:OHBHA,waterbody,River,OHBHA,6808470,,1,32327,3,23,EPSG:26918,feature_bvh
14716000030630000000,44.724408082245155,waterbody:OHBHA,waterbody,River,OHBHA,6808470,,1,32327,3,23,EPSG:26918,feature_bvh
14716000030620000000,51.538086284733374,waterbody:OHBHA,waterbody,River,OHBHA,6808470,,1,32327,3,23,EPSG:26918,feature_bvh
14716000030610000000,76.813689797531069,waterbody:OHBHA,waterbody,River,OHBHA,6808470,,1,32327,3,23,EPSG:26918,feature_bvh
14716000030020000000,47.913126977605096,waterbody:OHBHA,waterbody,River,OHBHA,6808470,,1,32327,3,23,EPSG:26918,feature_bvh
14716000030010000000,44.580593505620172,waterbody:OHBHA,waterbody,River,OHBHA,6808470,,1,32327,3,23,EPSG:26918,feature_bvh
14716000030030000000,78.40735680282674,waterbody:OHBHA,waterbody,River,OHBHA,6808470,,1,32327,3,23,EPSG:26918,feature_bvh
14716000020570000000,49.853197305456945,waterbody:OHBHA,waterbody,River,OHBHA,6808470,,1,32327,3,23,EPSG:26918,feature_bvh
14716000020560000000,47.430235325355135,waterbody:OHBHA,waterbody,River,OHBHA,6808470,,1,32327,3,23,EPSG:26918,feature_bvh
14716000010020000000,44.687670170336837,waterbody:OHBHA,waterbody,River,OHBHA,6808470,,1,32327,3,21,EPSG:26918,feature_bvh
14716000010050000000,116.76594802892276,waterbody:OHBHA,waterbody,River,OHBHA,6808470,,1,32327,3,21,EPSG:26918,feature_bvh
14716000010040000000,90.337876854395617,waterbody:OHBHA,waterbody,River,OHBHA,6808470,,1,32327,3,21,EPSG:26918,feature_bvh
14716000010060000000,142.94322331608765,waterbody:OHBHA,waterbody,River,OHBHA,6808470,,1,32327,3,23,EPSG:26918,feature_bvh
14716000010130000000,141.39587894396763,waterbody:OHBHA,waterbody,River,OHBHA,6808470,,1,32327,3,23,EPSG:26918,feature_bvh
14716000010140000000,163.60074613607478,waterbody:OHBHA,waterbody,River,OHBHA,6808470,,1,32327,3,23,EPSG:26918,feature_bvh
14716000010150000000,178.67025238374185,waterbody:OHBHA,waterbody,River,OHBHA,6808470,,1,32327,3,23,EPSG:26918,feature_bvh
14716000010650000000,172.6442043026513,waterbody:OHBHA,waterbody,River,OHBHA,6808470,,1,32327,3,23,EPSG:26918,feature_bvh
14716000010470000000,190.84988460502652,waterbody:OHBHA,waterbody,River,OHBHA,6808470,,1,32327,3,23,EPSG:26918,feature_bvh
14716000010480000000,176.25516484523993,waterbody:OHBHA,waterbody,River,OHBHA,6808470,,1,32327,3,23,EPSG:26918,feature_bvh
14716000010500000000,146.93283078479692,waterbody:OHBHA,waterbody,River,OHBHA,6808470,,1,32327,3,23,EPSG:26918,feature_bvh
14716000010490000000,161.6790202648362,waterbody:OHBHA,waterbody,River,OHBHA,6808470,,1,32327,3,23,EPSG:26918,feature_bvh
14716000010510000000,132.21644567082924,waterbody:OHBHA,waterbody,River,OHBHA,6808470,,1,32327,3,23,EPSG:26918,feature_bvh
14716000010521000000,110.21370621730517,waterbody:OHBHA,waterbody,River,OHBHA,6808470,,1,32327,3,23,EPSG:26918,feature_bvh
14716000010540000000,87.936069028076304,waterbody:OHBHA,waterbody,River,OHBHA,6808470,,1,32327,3,23,EPSG:26918,feature_bvh
14716000010550000000,73.063908946761316,waterbody:OHBHA,waterbody,River,OHBHA,6808470,,1,32327,3,23,EPSG:26918,feature_bvh
14716000010110000000,74.086709843494532,waterbody:OHBHA,waterbody,River,OHBHA,6808470,,1,32327,3,23,EPSG:26918,feature_bvh
14716000010120000000,104.53021024162221,waterbody:OHBHA,waterbody,River,OHBHA,6808470,,1,32327,3,23,EPSG:26918,feature_bvh
14716000010090000000,41.74625519224616,waterbody:OHBHA,waterbody,River,OHBHA,6808470,,1,32327,3,23,EPSG:26918,feature_bvh
14716000010100000000,43.365038620907384,waterbody:OHBHA,waterbody,River,OHBHA,6808470,,1,32327,3,23,EPSG:26918,feature_bvh
14716000010560000000,42.292154385480536,waterbody:OHBHA,waterbody,River,OHBHA,6808470,,1,32327,3,23,EPSG:26918,feature_bvh
14716000010570000000,45.485831792699521,waterbody:OHBHA,waterbody,River,OHBHA,6808470,,1,32327,3,23,EPSG:26918,feature_bvh
14716000010580000000,48.381493461793568,waterbody:OHBHA,waterbody,River,OHBHA,6808470,,1,32327,3,23,EPSG:26918,feature_bvh
14716000020020000000,50.187699895124517,waterbody:OHBHA,waterbody,River,OHBHA,6808470,,1,32327,3,23,EPSG:26918,feature_bvh
14716000020580000000,52.937829339846502,waterbody:OHBHA,waterbody,River,OHBHA,6808470,,1,32327,3,23,EPSG:26918,feature_bvh
14716000020030000000,84.105530934615672,waterbody:OHBHA,waterbody,River,OHBHA,6808470,,1,32327,3,23,EPSG:26918,feature_bvh
14716000020550000000,85.239802249724335,waterbody:OHBHA,waterbody,River,OHBHA,6808470,,1,32327,3,23,EPSG:26918,feature_bvh
14716000020040000000,105.93994521447577,waterbody:OHBHA,waterbody,River,OHBHA,6808470,,1,32327,3,23,EPSG:26918,feature_bvh
14716000020050000000,127.56372539940907,waterbody:OHBHA,waterbody,River,OHBHA,6808470,,1,32327,3,23,EPSG:26918,feature_bvh
14716000020010000000,49.070487441527966,waterbody:OHBHA,waterbody,River,OHBHA,6808470,,1,32327,3,23,EPSG:26918,feature_bvh
14716000010590000000,50.470800674427331,waterbody:OHBHA,waterbody,River,OHBHA,6808470,,1,32327,3,23,EPSG:26918,feature_bvh
14716000010600000000,83.31587705568208,waterbody:OHBHA,waterbody,River,OHBHA,6808470,,1,32327,3,23,EPSG:26918,feature_bvh
14716000010620000000,113.23852996236067,waterbody:OHBHA,waterbody,River,OHBHA,6808470,,1,32327,3,23,EPSG:26918,feature_bvh
14716000010610000000,98.28435443906568,waterbody:OHBHA,waterbody,River,OHBHA,6808470,,1,32327,3,23,EPSG:26918,feature_bvh
14716000010640000000,143.09626226304832,waterbody:OHBHA,waterbody,River,OHBHA,6808470,,1,32327,3,23,EPSG:26918,feature_bvh
14716000010630000000,128.21973956146579,waterbody:OHBHA,waterbody,River,OHBHA,6808470,,1,32327,3,23,EPSG:26918,feature_bvh
14716000020131100000,215.66105442241528,waterbody:OHBHA,waterbody,River,OHBHA,6808470,,1,32446,4,23,EPSG:26918,feature_bvh
14716000020500000000,192.55099651891666,waterbody:OHBHA,waterbody,River,OHBHA,6808470,,1,32446,4,23,EPSG:26918,feature_bvh
14716000020490000000,214.32510716204462,waterbody:OHBHA,waterbody,River,OHBHA,6808470,,1,32446,4,23,EPSG:26918,feature_bvh
14716000020521000000,163.77595377915623,waterbody:OHBHA,waterbody,River,OHBHA,6808470,,1,32327,3,23,EPSG:26918,feature_bvh
14716000020060000000,141.95437131661856,waterbody:OHBHA,waterbody,River,OHBHA,6808470,,1,32327,3,23,EPSG:26918,feature_bvh
14716000020530000000,135.10526879549889,waterbody:OHBHA,waterbody,River,OHBHA,6808470,,1,32327,3,23,EPSG:26918,feature_bvh
14716000020540000000,106.607253751174,waterbody:OHBHA,waterbody,River,OHBHA,6808470,,1,32327,3,23,EPSG:26918,feature_bvh
14716000030580000000,142.93851202653218,waterbody:OHBHA,waterbody,River,OHBHA,6808470,,1,32446,4,23,EPSG:26918,feature_bvh
14716000030100000000,177.38006441951887,waterbody:OHBHA,waterbody,River,OHBHA,6808470,,1,32446,4,23,EPSG:26918,feature_bvh
14716000030560000000,183.36387645420368,waterbody:OHBHA,waterbody,River,OHBHA,6808470,,1,32446,4,23,EPSG:26918,feature_bvh
14716000030090000000,163.11908813977232,waterbody:OHBHA,waterbody,River,OHBHA,6808470,,1,32446,4,23,EPSG:26918,feature_bvh
14716000030570000000,165.21976016874393,waterbody:OHBHA,waterbody,River,OHBHA,6808470,,1,32446,4,23,EPSG:26918,feature_bvh
14716000030080000000,149.08102104656751,waterbody:OHBHA,waterbody,River,OHBHA,6808470,,1,32446,4,23,EPSG:26918,feature_bvh
14716000030540000000,211.92734842719557,waterbody:OHBHA,waterbody,River,OHBHA,6808470,,1,32446,4,23,EPSG:26918,feature_bvh
14716000030110000000,191.75262673647339,waterbody:OHBHA,waterbody,River,OHBHA,6808470,,1,32446,4,23,EPSG:26918,feature_bvh
14716000030120000000,205.8911659753401,waterbody:OHBHA,waterbody,River,OHBHA,6808470,,1,32446,4,23,EPSG:26918,feature_bvh
14716000030530000000,226.06638880319102,waterbody:OHBHA,waterbody,River,OHBHA,6808470,,1,32446,4,23,EPSG:26918,feature_bvh
14716000030140000000,248.69101874501044,waterbody:OHBHA,waterbody,River,OHBHA,6808470,,1,32446,4,23,EPSG:26918,feature_bvh
14716000030130000000,227.04084544124325,waterbody:OHBHA,waterbody,River,OHBHA,6808470,,1,32446,4,23,EPSG:26918,feature_bvh
14716000030520000000,240.25314408519361,waterbody:OHBHA,waterbody,River,OHBHA,6808470,,1,32446,4,23,EPSG:26918,feature_bvh
14716000030510000000,254.28582322890645,waterbody:OHBHA,waterbody,River,OHBHA,6808470,,1,32446,4,23,EPSG:26918,feature_bvh
14716000030500000000,268.49465818150406,waterbody:OHBHA,waterbody,River,OHBHA,6808470,,1,32446,4,23,EPSG:26918,feature_bvh
14716000030490000000,270.00542919991312,flowline:9ZMPY,flowline,Channel Line,9ZMPY,16859031,,1,32474,5,23,EPSG:26918,feature_bvh
14716000030480000000,260.69142247186926,flowline:9ZMPY,flowline,Channel Line,9ZMPY,16859031,,1,32474,5,23,EPSG:26918,feature_bvh
14716000030470000000,251.29777814905037,flowline:9ZMPY,flowline,Channel Line,9ZMPY,16859031,,1,32474,5,23,EPSG:26918,feature_bvh
14716000030460000000,242.26503846339341,flowline:9ZMPY,flowline,Channel Line,9ZMPY,16859031,,1,32474,5,23,EPSG:26918,feature_bvh
14716000030160000000,277.84563876924676,waterbody:OHBHA,waterbody,River,OHBHA,6808470,,1,32446,4,23,EPSG:26918,feature_bvh
14716000030150000000,263.36402101383084,waterbody:OHBHA,waterbody,River,OHBHA,6808470,,1,32446,4,23,EPSG:26918,feature_bvh
14716000030170000000,292.3588774305893,waterbody:OHBHA,waterbody,River,OHBHA,6808470,,1,32474,5,23,EPSG:26918,feature_bvh
14716000030190000000,276.85517914630867,flowline:9ZMPY,flowline,Channel Line,9ZMPY,16859031,,1,32474,5,23,EPSG:26918,feature_bvh
14716000030180000000,285.68009068229429,flowline:9ZMPY,flowline,Channel Line,9ZMPY,16859031,,1,32474,5,23,EPSG:26918,feature_bvh
14716000030210000000,259.08016810412187,flowline:9ZMPY,flowline,Channel Line,9ZMPY,16859031,,1,32474,5,23,EPSG:26918,feature_bvh
14716000030200000000,268.21543948644461,flowline:9ZMPY,flowline,Channel Line,9ZMPY,16859031,,1,32474,5,23,EPSG:26918,feature_bvh
14716000030220000000,250.07767330767945,flowline:9ZMPY,flowline,Channel Line,9ZMPY,16859031,,1,32474,5,23,EPSG:26918,feature_bvh
14716000030230000000,241.35460257232413,flowline:9ZMPY,flowline,Channel Line,9ZMPY,16859031,,1,32474,5,23,EPSG:26918,feature_bvh
14716000020400000000,298.76379938349203,flowline:9ZMPY,flowline,Channel Line,9ZMPY,16859031,,1,32474,5,23,EPSG:26918,feature_bvh
14716000020410000000,308.04100138381165,flowline:9ZMPY,flowline,Channel Line,9ZMPY,16859031,,1,32474,5,23,EPSG:26918,feature_bvh
14716000020430000000,301.64718959791401,waterbody:OHBHA,waterbody,River,OHBHA,6808470,,1,32446,4,23,EPSG:26918,feature_bvh
14716000020420000000,316.46431000472199,waterbody:OHBHA,waterbody,River,OHBHA,6808470,,1,32446,4,23,EPSG:26918,feature_bvh
14716000020170000000,305.27817196634811,waterbody:OHBHA,waterbody,River,OHBHA,6808470,,1,32446,4,23,EPSG:26918,feature_bvh
14716000020450000000,272.81260831097001,waterbody:OHBHA,waterbody,River,OHBHA,6808470,,1,32446,4,23,EPSG:26918,feature_bvh
14716000020440000000,287.086319288391,waterbody:OHBHA,waterbody,River,OHBHA,6808470,,1,32446,4,23,EPSG:26918,feature_bvh
14716000020460000000,258.28624859368171,waterbody:OHBHA,waterbody,River,OHBHA,6808470,,1,32446,4,23,EPSG:26918,feature_bvh
14716000020470000000,243.76361885193882,waterbody:OHBHA,waterbody,River,OHBHA,6808470,,1,32446,4,23,EPSG:26918,feature_bvh
14716000020480000000,229.08273822640825,waterbody:OHBHA,waterbody,River,OHBHA,6808470,,1,32446,4,23,EPSG:26918,feature_bvh
14716000020160000000,290.29701192964143,waterbody:OHBHA,waterbody,River,OHBHA,6808470,,1,32446,4,23,EPSG:26918,feature_bvh
14716000010660000000,209.94284739410449,waterbody:OHBHA,waterbody,River,OHBHA,6808470,,1,32327,3,23,EPSG:26918,feature_bvh
14716000010670000000,232.09551153048054,waterbody:OHBHA,waterbody,River,OHBHA,6808470,,1,32327,3,23,EPSG:26918,feature_bvh
14716000010680000000,246.80166169871441,waterbody:OHBHA,waterbody,River,OHBHA,6808470,,1,32327,3,23,EPSG:26918,feature_bvh
14716000010700000000,283.75890410345829,waterbody:OHBHA,waterbody,River,OHBHA,6808470,,1,32446,4,23,EPSG:26918,feature_bvh
14716000010710000000,305.8620180480774,waterbody:OHBHA,waterbody,River,OHBHA,6808470,,1,32446,4,23,EPSG:26918,feature_bvh
14716000010720000000,320.75350243504749,waterbody:OHBHA,waterbody,River,OHBHA,6808470,,1,32446,4,23,EPSG:26918,feature_bvh
14716000010730000000,335.83533129914281,waterbody:OHBHA,waterbody,River,OHBHA,6808470,,1,32515,5,23,EPSG:26918,feature_bvh
14716000020180000000,320.15604845769741,waterbody:OHBHA,waterbody,River,OHBHA,6808470,,1,32446,4,23,EPSG:26918,feature_bvh
14716000020190000000,335.28820720365729,waterbody:OHBHA,waterbody,River,OHBHA,6808470,,1,32515,5,23,EPSG:26918,feature_bvh
14716000020200000000,328.82704504393911,flowline:9ZMPY,flowline,Channel Line,9ZMPY,16859031,,1,32543,6,23,EPSG:26918,feature_bvh
14716000020390000000,289.82213073895184,flowline:9ZMPY,flowline,Channel Line,9ZMPY,16859031,,1,32474,5,23,EPSG:26918,feature_bvh
14813000010421000000,217.47093754268334,flowline:9ZMPY,flowline,Channel Line,9ZMPY,16859031,,1,32543,6,23,EPSG:26918,feature_bvh
14716000010750000000,355.74205326700644,flowline:9ZMPY,flowline,Channel Line,9ZMPY,16859031,,1,32515,5,23,EPSG:26918,feature_bvh
14716000010381000000,359.53376664166063,waterbody:OHBHA,waterbody,River,OHBHA,6808470,,1,32515,5,23,EPSG:26918,feature_bvh
14716000010370000000,384.88470700907021,waterbody:OHBHA,waterbody,River,OHBHA,6808470,,1,32515,5,23,EPSG:26918,feature_bvh
14716000010290000000,423.17231980469762,flowline:9ZMPY,flowline,Channel Line,9ZMPY,16859031,,1,32515,5,23,EPSG:26918,feature_bvh
14716000010280000000,396.11049248590024,waterbody:OHBHA,waterbody,River,OHBHA,6808470,,1,32515,5,23,EPSG:26918,feature_bvh
14716000010270000000,373.91277636626143,waterbody:OHBHA,waterbody,River,OHBHA,6808470,,1,32396,4,23,EPSG:26918,feature_bvh
14716000010260000000,358.81593588960766,waterbody:OHBHA,waterbody,River,OHBHA,6808470,,1,32396,4,23,EPSG:26918,feature_bvh
14716000010200000000,260.97612091784129,waterbody:OHBHA,waterbody,River,OHBHA,6808470,,1,32327,3,23,EPSG:26918,feature_bvh
14716000010390000000,325.44017753954972,waterbody:OHBHA,waterbody,River,OHBHA,6808470,,1,32515,5,23,EPSG:26918,feature_bvh
14716000010411100000,302.68358801411688,waterbody:OHBHA,waterbody,River,OHBHA,6808470,,1,32327,3,23,EPSG:26918,feature_bvh
14716000010431100000,272.75355196949766,waterbody:OHBHA,waterbody,River,OHBHA,6808470,,1,32327,3,23,EPSG:26918,feature_bvh
14716000010690000000,261.86000157279477,waterbody:OHBHA,waterbody,River,OHBHA,6808470,,1,32327,3,23,EPSG:26918,feature_bvh
14716000010440000000,242.85353141095936,waterbody:OHBHA,waterbody,River,OHBHA,6808470,,1,32327,3,23,EPSG:26918,feature_bvh
14716000010450000000,220.48704698039637,waterbody:OHBHA,waterbody,River,OHBHA,6808470,,1,32327,3,23,EPSG:26918,feature_bvh
14716000010460000000,205.641959695427,waterbody:OHBHA,waterbody,River,OHBHA,6808470,,1,32327,3,23,EPSG:26918,feature_bvh
14716000010180000000,223.43940482793153,waterbody:OHBHA,waterbody,River,OHBHA,6808470,,1,32327,3,23,EPSG:26918,feature_bvh
14716000010310000000,411.52589760326651,flowline:9ZMPY,flowline,Channel Line,9ZMPY,16859031,,1,32515,5,23,EPSG:26918,feature_bvh
14716000010300000000,416.04674759246956,flowline:9ZMPY,flowline,Channel Line,9ZMPY,16859031,,1,32515,5,23,EPSG:26918,feature_bvh
14813000010060000000,395.76259352775276,flowline:9ZMPY,flowline,Channel Line,9ZMPY,16859031,,1,32543,6,23,EPSG:26918,feature_bvh
14813000010241000000,333.51027749463697,flowline:9ZMPY,flowline,Channel Line,9ZMPY,16859031,,1,32543,6,23,EPSG:26918,feature_bvh
14813000010330000000,288.41595335001097,flowline:9ZMPY,flowline,Channel Line,9ZMPY,16859031,,1,32543,6,23,EPSG:26918,feature_bvh
14813000010340000000,286.39368871982094,flowline:9ZMPY,flowline,Channel Line,9ZMPY,16859031,,1,32543,6,23,EPSG:26918,feature_bvh
14817000010020000000,33.067176326453634,flowline:13FQR,flowline,Channel Line,13FQR,1701015,,1,32545,7,23,EPSG:26918,feature_bvh
14813000010800000000,66.598565149047744,flowline:9ZMPY,flowline,Channel Line,9ZMPY,16859031,,1,32543,6,23,EPSG:26918,feature_bvh
14813000010760000000,95.20243384172241,flowline:9ZMPY,flowline,Channel Line,9ZMPY,16859031,,1,32474,5,23,EPSG:26918,feature_bvh
14813000010711000000,103.02972921175746,flowline:9ZMPY,flowline,Channel Line,9ZMPY,16859031,,1,32474,5,23,EPSG:26918,feature_bvh
14813000010790000000,72.491490984064498,flowline:9ZMPY,flowline,Channel Line,9ZMPY,16859031,,1,32474,5,23,EPSG:26918,feature_bvh
14813000010680000000,118.0243152146721,flowline:9ZMPY,flowline,Channel Line,9ZMPY,16859031,,1,32543,6,23,EPSG:26918,feature_bvh
14813000010670000000,116.42361625156947,flowline:9ZMPY,flowline,Channel Line,9ZMPY,16859031,,1,32543,6,23,EPSG:26918,feature_bvh
14813000010660000000,114.61841252580884,flowline:9ZMPY,flowline,Channel Line,9ZMPY,16859031,,1,32543,6,23,EPSG:26918,feature_bvh
14813000010810000000,65.647718830013019,flowline:9ZMPY,flowline,Channel Line,9ZMPY,16859031,,1,32543,6,23,EPSG:26918,feature_bvh
14813000010650000000,117.80887353140947,flowline:9ZMPY,flowline,Channel Line,9ZMPY,16859031,,1,32543,6,23,EPSG:26918,feature_bvh
14716000030290000000,182.00678521101725,flowline:9ZMPY,flowline,Channel Line,9ZMPY,16859031,,1,32474,5,23,EPSG:26918,feature_bvh
14716000030280000000,191.07154874061794,flowline:9ZMPY,flowline,Channel Line,9ZMPY,16859031,,1,32474,5,23,EPSG:26918,feature_bvh
14716000030310000000,164.63501371487186,flowline:9ZMPY,flowline,Channel Line,9ZMPY,16859031,,1,32474,5,23,EPSG:26918,feature_bvh
14716000030300000000,172.81230904822689,flowline:9ZMPY,flowline,Channel Line,9ZMPY,16859031,,1,32474,5,23,EPSG:26918,feature_bvh
14716000030350000000,129.29466032278333,flowline:9ZMPY,flowline,Channel Line,9ZMPY,16859031,,1,32474,5,23,EPSG:26918,feature_bvh
14716000030320000000,156.47389447263268,flowline:9ZMPY,flowline,Channel Line,9ZMPY,16859031,,1,32474,5,23,EPSG:26918,feature_bvh
14813000010730000000,140.53764202625848,flowline:9ZMPY,flowline,Channel Line,9ZMPY,16859031,,1,32543,6,23,EPSG:26918,feature_bvh
14813000010740000000,148.07011735803877,flowline:9ZMPY,flowline,Channel Line,9ZMPY,16859031,,1,32543,6,23,EPSG:26918,feature_bvh
14813000010751000000,107.26056633792282,flowline:9ZMPY,flowline,Channel Line,9ZMPY,16859031,,1,32474,5,23,EPSG:26918,feature_bvh
14720000010060000000,40.655615768298141,flowline:9ZMPY,flowline,Channel Line,9ZMPY,16859031,,1,32474,5,23,EPSG:26918,feature_bvh
14720000010040000000,128.1932965787264,flowline:9ZMPY,flowline,Channel Line,9ZMPY,16859031,,1,32474,5,23,EPSG:26918,feature_bvh
14716000030400000000,180.300100127299,flowline:9ZMPY,flowline,Channel Line,9ZMPY,16859031,,1,32474,5,23,EPSG:26918,feature_bvh
14716000030390000000,166.64366128436873,flowline:9ZMPY,flowline,Channel Line,9ZMPY,16859031,,1,32474,5,23,EPSG:26918,feature_bvh
14716000030380000000,152.97679272986781,flowline:9ZMPY,flowline,Channel Line,9ZMPY,16859031,,1,32474,5,23,EPSG:26918,feature_bvh
14716000030370000000,145.05979892576613,flowline:9ZMPY,flowline,Channel Line,9ZMPY,16859031,,1,32474,5,23,EPSG:26918,feature_bvh
14716000030241000000,210.50002323673351,flowline:9ZMPY,flowline,Channel Line,9ZMPY,16859031,,1,32474,5,23,EPSG:26918,feature_bvh
14716000030430000000,215.3722500015441,flowline:9ZMPY,flowline,Channel Line,9ZMPY,16859031,,1,32474,5,23,EPSG:26918,feature_bvh
14716000030420000000,206.70419328388604,flowline:9ZMPY,flowline,Channel Line,9ZMPY,16859031,,1,32474,5,23,EPSG:26918,feature_bvh
14720000010030000000,162.03607383331828,flowline:9ZMPY,flowline,Channel Line,9ZMPY,16859031,,1,32474,5,23,EPSG:26918,feature_bvh
14716000030410000000,197.85664438877953,flowline:9ZMPY,flowline,Channel Line,9ZMPY,16859031,,1,32474,5,23,EPSG:26918,feature_bvh
14716000030401200000,190.54915673529084,flowline:9ZMPY,flowline,Channel Line,9ZMPY,16859031,,1,32474,5,23,EPSG:26918,feature_bvh
14716000030401100000,186.50354076082769,flowline:9ZMPY,flowline,Channel Line,9ZMPY,16859031,,1,32474,5,23,EPSG:26918,feature_bvh
14716000030440000000,224.05642351863048,flowline:9ZMPY,flowline,Channel Line,9ZMPY,16859031,,1,32474,5,23,EPSG:26918,feature_bvh
14716000030450000000,233.15930772699056,flowline:9ZMPY,flowline,Channel Line,9ZMPY,16859031,,1,32474,5,23,EPSG:26918,feature_bvh
14720000010050000000,72.231600461740385,flowline:9ZMPY,flowline,Channel Line,9ZMPY,16859031,,1,32474,5,23,EPSG:26918,feature_bvh
14817000020030000000,17.061473102101029,flowline:5EBDG,flowline,Channel Line,5EBDG,9118227,,1,32476,6,19,EPSG:26918,feature_bvh
14817000010010000000,36.84348192664843,flowline:9ZMPY,flowline,Channel Line,9ZMPY,16859031,,1,32545,7,23,EPSG:26918,feature_bvh
14817000020021000000,7.0026123322900409,flowline:5EBDG,flowline,Channel Line,5EBDG,9118227,,1,32476,6,19,EPSG:26918,feature_bvh
14817000020130000000,61.931094187297951,flowline:5EBDG,flowline,Channel Line,5EBDG,9118227,,1,32476,6,19,EPSG:26918,feature_bvh
14817000020120000000,344.28644090160464,flowline:5EBDG,flowline,Channel Line,5EBDG,9118227,,1,32673,8,24,EPSG:26918,feature_bvh
14817000020110000000,397.13701264672642,flowline:5EBDG,flowline,Channel Line,5EBDG,9118227,,1,32673,8,24,EPSG:26918,feature_bvh
14817000020100000000,445.97573426688882,waterbody:OHBHI,waterbody,River,OHBHI,6808474,,1,32673,8,24,EPSG:26918,feature_bvh
148170000200110000WC,44.922551321560086,flowline:9ZMPY,flowline,Channel Line,9ZMPY,16859031,,1,32476,6,23,EPSG:26918,feature_bvh
14817000010901000000,224.67458182966581,flowline:13FQR,flowline,Channel Line,13FQR,1701015,,1,32545,7,23,EPSG:26918,feature_bvh
14817000010661000000,377.64277692098113,flowline:13FQR,flowline,Channel Line,13FQR,1701015,,1,32545,7,23,EPSG:26918,feature_bvh
148170000201600000WC,51.428532205132129,flowline:9ZMPY,flowline,Channel Line,9ZMPY,16859031,,1,32476,6,23,EPSG:26918,feature_bvh
14817000020040000000,246.44239318175133,flowline:13FQR,flowline,Channel Line,13FQR,1701015,,1,32545,7,23,EPSG:26918,feature_bvh
14817000020090000000,466.90216107779338,waterbody:OHBHI,waterbody,River,OHBHI,6808474,,1,32673,8,24,EPSG:26918,feature_bvh
14817000020070000000,499.36893851942051,waterbody:OHBHI,waterbody,River,OHBHI,6808474,,1,32673,8,24,EPSG:26918,feature_bvh
14817000020060000000,553.1723971984261,waterbody:OHBHI,waterbody,River,OHBHI,6808474,,1,32673,8,24,EPSG:26918,feature_bvh
14817000020080000000,487.34604480544351,waterbody:OHBHI,waterbody,River,OHBHI,6808474,,1,32673,8,24,EPSG:26918,feature_bvh
14817000010291000000,236.1165316665161,flowline:13FQR,flowline,Channel Line,13FQR,1701015,,1,32545,7,23,EPSG:26918,feature_bvh
14817000010651000000,258.82371608968367,flowline:13FQR,flowline,Channel Line,13FQR,1701015,,1,32545,7,23,EPSG:26918,feature_bvh
14814000040621000000,250.57690272249312,flowline:13FQR,flowline,Channel Line,13FQR,1701015,,1,32590,9,23,EPSG:26918,feature_bvh
14813000030011000000,7.5293161327523093,flowline:13FQR,flowline,Channel Line,13FQR,1701015,,1,32588,8,23,EPSG:26918,feature_bvh
14817000010101000000,180.89430282650909,flowline:13FQR,flowline,Channel Line,13FQR,1701015,,1,32545,7,23,EPSG:26918,feature_bvh
14817000010121000000,133.93368366373841,flowline:13FQR,flowline,Channel Line,13FQR,1701015,,1,32545,7,23,EPSG:26918,feature_bvh
14817000010080000000,68.824330907191595,flowline:13FQR,flowline,Channel Line,13FQR,1701015,,1,32545,7,23,EPSG:26918,feature_bvh
14817000010070000000,55.881636150282468,flowline:13FQR,flowline,Channel Line,13FQR,1701015,,1,32545,7,23,EPSG:26918,feature_bvh
14813000020260000000,54.556268423702406,flowline:13FQR,flowline,Channel Line,13FQR,1701015,,1,32545,7,23,EPSG:26918,feature_bvh
14817000010031000000,90.010078949141018,flowline:13FQR,flowline,Channel Line,13FQR,1701015,,1,32545,7,23,EPSG:26918,feature_bvh
14813000020271000000,105.8909332966662,flowline:13FQR,flowline,Channel Line,13FQR,1701015,,1,32543,6,23,EPSG:26918,feature_bvh
148140000106000000WC,326.4960310732983,waterbody:OHBHA,waterbody,River,OHBHA,6808470,,1,32396,4,23,EPSG:26918,feature_bvh
14813000030651000000,48.918594139172924,flowline:13FQR,flowline,Channel Line,13FQR,1701015,,1,32396,4,23,EPSG:26918,feature_bvh
14813000030620000000,18.985519757822818,flowline:13FQR,flowline,Channel Line,13FQR,1701015,,1,32544,6,23,EPSG:26918,feature_bvh
14813000030630000000,27.541826814355186,flowline:13FQR,flowline,Channel Line,13FQR,1701015,,1,32396,4,23,EPSG:26918,feature_bvh
14813000030401000000,70.416389148712938,flowline:13FQR,flowline,Channel Line,13FQR,1701015,,1,32588,8,23,EPSG:26918,feature_bvh
14814000040580000000,294.3134107158387,waterbody:INMO0,waterbody,Lake,INMO0,618216,,1,32590,9,26,EPSG:26918,feature_bvh
14814000040590000000,303.33873835224728,flowline:13FQR,flowline,Channel Line,13FQR,1701015,,1,32590,9,26,EPSG:26918,feature_bvh
14814000040600000000,296.45602905771392,flowline:13FQR,flowline,Channel Line,13FQR,1701015,,1,32590,9,25,EPSG:26918,feature_bvh
14814000040610000000,289.45344068104396,flowline:13FQR,flowline,Channel Line,13FQR,1701015,,1,32590,9,25,EPSG:26918,feature_bvh
14814000040540000000,237.56787604101422,waterbody:INMO0,waterbody,Lake,INMO0,618216,,1,32590,9,26,EPSG:26918,feature_bvh
14814000040550000000,251.76177009020839,waterbody:INMO0,waterbody,Lake,INMO0,618216,,1,32590,9,26,EPSG:26918,feature_bvh
14814000040570000000,279.99855466300477,waterbody:INMO0,waterbody,Lake,INMO0,618216,,1,32590,9,26,EPSG:26918,feature_bvh
14814000040560000000,265.77409703473387,waterbody:INMO0,waterbody,Lake,INMO0,618216,,1,32590,9,26,EPSG:26918,feature_bvh
14814000040530000000,224.05996946155432,waterbody:INMO0,waterbody,Lake,INMO0,618216,,1,32590,9,26,EPSG:26918,feature_bvh
14814000020301000000,246.63429876935081,flowline:13FQR,flowline,Channel Line,13FQR,1701015,,1,32588,8,26,EPSG:26918,feature_bvh
14814000020270000000,268.80807416779288,flowline:13FQR,flowline,Channel Line,13FQR,1701015,,1,32572,7,26,EPSG:26918,feature_bvh
14814000020280000000,264.44073828259496,waterbody:MIFJR,waterbody,Lake,MIFJR,6219318,,1,32572,7,26,EPSG:26918,feature_bvh
14814000020290000000,258.79362437849863,waterbody:MIFJR,waterbody,Lake,MIFJR,6219318,,1,32572,7,26,EPSG:26918,feature_bvh
14814000030471000000,196.37718706850333,waterbody:MIFJR,waterbody,Lake,MIFJR,6219318,,1,32572,7,26,EPSG:26918,feature_bvh
14814000040510000000,152.3029614649536,waterbody:INMO0,waterbody,Lake,INMO0,618216,,1,32588,8,26,EPSG:26918,feature_bvh
14814000030450000000,166.76248867764951,waterbody:MIFJR,waterbody,Lake,MIFJR,6219318,,1,32572,7,26,EPSG:26918,feature_bvh
14814000030490000000,231.72055782446995,waterbody:MIFJR,waterbody,Lake,MIFJR,6219318,,1,32572,7,26,EPSG:26918,feature_bvh
14814000020260000000,259.12544677747792,flowline:13FQR,flowline,Channel Line,13FQR,1701015,,1,32572,7,26,EPSG:26918,feature_bvh
14814000020250000000,246.93737673646538,flowline:13FQR,flowline,Channel Line,13FQR,1701015,,1,32572,7,26,EPSG:26918,feature_bvh
14814000030440000000,192.67858212197257,waterbody:MIFJR,waterbody,Lake,MIFJR,6219318,,1,32572,7,26,EPSG:26918,feature_bvh
14814000030430000000,227.09712080384662,waterbody:MIFJR,waterbody,Lake,MIFJR,6219318,,1,32615,8,27,EPSG:26918,feature_bvh
14814000030511000000,249.79769458395077,flowline:13FQR,flowline,Channel Line,13FQR,1701015,,1,32572,7,27,EPSG:26918,feature_bvh
14814000020220000000,210.5203643624987,flowline:13FQR,flowline,Channel Line,13FQR,1701015,,1,32572,7,26,EPSG:26918,feature_bvh
14814000020230000000,222.63395605235425,flowline:13FQR,flowline,Channel Line,13FQR,1701015,,1,32572,7,26,EPSG:26918,feature_bvh
14814000020240000000,234.64685760602194,flowline:13FQR,flowline,Channel Line,13FQR,1701015,,1,32572,7,26,EPSG:26918,feature_bvh
14814000020210000000,198.17899036905524,flowline:13FQR,flowline,Channel Line,13FQR,1701015,,1,32572,7,26,EPSG:26918,feature_bvh
14814000020191000000,180.74110543929157,flowline:13FQR,flowline,Channel Line,13FQR,1701015,,1,32572,7,27,EPSG:26918,feature_bvh
14814000020500000000,138.20332450795357,flowline:13FQR,flowline,Channel Line,13FQR,1701015,,1,32544,6,25,EPSG:26918,feature_bvh
14814000020490000000,150.78490000517891,flowline:13FQR,flowline,Channel Line,13FQR,1701015,,1,32572,7,25,EPSG:26918,feature_bvh
14814000010210000000,124.81615197074227,flowline:13FQR,flowline,Channel Line,13FQR,1701015,,1,32572,7,23,EPSG:26918,feature_bvh
14814000010200000000,115.97277493160365,flowline:13FQR,flowline,Channel Line,13FQR,1701015,,1,32572,7,23,EPSG:26918,feature_bvh
14814000010151000000,134.53406930991494,flowline:13FQR,flowline,Channel Line,13FQR,1701015,,1,32588,8,23,EPSG:26918,feature_bvh
14814000010011000000,98.095613190235866,flowline:13FQR,flowline,Channel Line,13FQR,1701015,,1,32396,4,21,EPSG:26918,feature_bvh
14814000010040000000,86.288140112800022,flowline:13FQR,flowline,Channel Line,13FQR,1701015,,1,32396,4,21,EPSG:26918,feature_bvh
14814000010060000000,78.312035307939823,flowline:13FQR,flowline,Channel Line,13FQR,1701015,,1,32396,4,21,EPSG:26918,feature_bvh
14814000010050000000,81.973708963604594,flowline:13FQR,flowline,Channel Line,13FQR,1701015,,1,32396,4,21,EPSG:26918,feature_bvh
14814000010081000000,19.749541063818771,flowline:13FQR,flowline,Channel Line,13FQR,1701015,,1,32396,4,21,EPSG:26918,feature_bvh
14814000020060000000,12.472023309180118,flowline:13FQR,flowline,Channel Line,13FQR,1701015,,1,32396,4,24,EPSG:26918,feature_bvh
14814000020070000000,3.4026181573095182,flowline:13FQR,flowline,Channel Line,13FQR,1701015,,1,32396,4,24,EPSG:26918,feature_bvh
14814000020080000000,5.6239112010116381,flowline:13FQR,flowline,Channel Line,13FQR,1701015,,1,32396,4,24,EPSG:26918,feature_bvh
14814000020090000000,14.49810201651197,flowline:13FQR,flowline,Channel Line,13FQR,1701015,,1,32396,4,25,EPSG:26918,feature_bvh
14814000020011000000,28.433413956881513,flowline:13FQR,flowline,Channel Line,13FQR,1701015,,1,32396,4,24,EPSG:26918,feature_bvh
14814000030600000000,99.063824937847457,flowline:13FQR,flowline,Channel Line,13FQR,1701015,,1,32396,4,27,EPSG:26918,feature_bvh
14814000020151000000,90.89526059292831,flowline:13FQR,flowline,Channel Line,13FQR,1701015,,1,32425,5,27,EPSG:26918,feature_bvh
14814000030540000000,168.72621873133986,flowline:13FQR,flowline,Channel Line,13FQR,1701015,,1,32425,5,27,EPSG:26918,feature_bvh
14814000030620000000,78.326718611162846,flowline:13FQR,flowline,Channel Line,13FQR,1701015,,1,32396,4,25,EPSG:26918,feature_bvh
14814000030010000000,49.736415910223805,flowline:13FQR,flowline,Channel Line,13FQR,1701015,,1,32396,4,25,EPSG:26918,feature_bvh
14814000030020000000,73.686108428535931,flowline:13FQR,flowline,Channel Line,13FQR,1701015,,1,32396,4,25,EPSG:26918,feature_bvh
14814000030040000000,118.58660010308182,flowline:13FQR,flowline,Channel Line,13FQR,1701015,,1,32439,5,26,EPSG:26918,feature_bvh
14814000030050000000,135.21928761835352,flowline:13FQR,flowline,Channel Line,13FQR,1701015,,1,32667,6,26,EPSG:26918,feature_bvh
14814000030310000000,172.42304084958906,flowline:13FQR,flowline,Channel Line,13FQR,1701015,,1,32439,5,28,EPSG:26918,feature_bvh
14814000030320000000,152.74688469004801,flowline:13FQR,flowline,Channel Line,13FQR,1701015,,1,32439,5,27,EPSG:26918,feature_bvh
14814000030331000000,161.70849309420771,flowline:13FQR,flowline,Channel Line,13FQR,1701015,,1,32468,6,28,EPSG:26918,feature_bvh
14814000030280000000,210.70141161457059,flowline:88EEP,flowline,Channel Line,88EEP,13898192,Red Creek,1,32439,5,28,EPSG:26918,feature_bvh
14814000030290000000,205.27330405818228,flowline:13FQR,flowline,Channel Line,13FQR,1701015,,1,32439,5,28,EPSG:26918,feature_bvh
14814000030300000000,187.47592887950711,flowline:13FQR,flowline,Channel Line,13FQR,1701015,,1,32439,5,28,EPSG:26918,feature_bvh
14814000030090000000,157.38531463753438,flowline:88EEP,flowline,Channel Line,88EEP,13898192,Red Creek,1,32686,7,27,EPSG:26918,feature_bvh
14814000030060000000,152.40696114996297,flowline:13FQR,flowline,Channel Line,13FQR,1701015,,1,32667,6,26,EPSG:26918,feature_bvh
14814000030070000000,160.58336105796027,flowline:88EEP,flowline,Channel Line,88EEP,13898192,Red Creek,1,32667,6,26,EPSG:26918,feature_bvh
14814000030100000000,146.46943898558001,flowline:88EEP,flowline,Channel Line,88EEP,13898192,Red Creek,1,32686,7,27,EPSG:26918,feature_bvh
14814000040011000000,50.331619347271399,flowline:88EEP,flowline,Channel Line,88EEP,13898192,Red Creek,1,32686,7,26,EPSG:26918,feature_bvh
14814000030111000000,149.20002157484856,flowline:88EEP,flowline,Channel Line,88EEP,13898192,Red Creek,1,32686,7,27,EPSG:26918,feature_bvh
14814000040020000000,51.860587168771531,flowline:88EEP,flowline,Channel Line,88EEP,13898192,Red Creek,1,32686,7,25,EPSG:26918,feature_bvh
14814000040120000000,27.135724473765418,flowline:88EEP,flowline,Channel Line,88EEP,13898192,Red Creek,1,32686,7,25,EPSG:26918,feature_bvh
14814000040040000000,42.53187238330888,flowline:88EEP,flowline,Channel Line,88EEP,13898192,Red Creek,1,32686,7,25,EPSG:26918,feature_bvh
14814000040110000000,29.700382648122677,flowline:88EEP,flowline,Channel Line,88EEP,13898192,Red Creek,1,32686,7,25,EPSG:26918,feature_bvh
14814000040100000000,32.041948568474005,flowline:88EEP,flowline,Channel Line,88EEP,13898192,Red Creek,1,32686,7,25,EPSG:26918,feature_bvh
14814000040050000000,37.674000116872435,flowline:88EEP,flowline,Channel Line,88EEP,13898192,Red Creek,1,32686,7,25,EPSG:26918,feature_bvh
14814000030180000000,137.5431215373932,flowline:88EEP,flowline,Channel Line,88EEP,13898192,Red Creek,1,32667,6,27,EPSG:26918,feature_bvh
14814000040032000000,48.671952971045691,flowline:88EEP,flowline,Channel Line,88EEP,13898192,Red Creek,1,32686,7,25,EPSG:26918,feature_bvh
14814000030170000000,143.13197685533342,flowline:88EEP,flowline,Channel Line,88EEP,13898192,Red Creek,1,32667,6,27,EPSG:26918,feature_bvh
14814000040031200000,50.359162842784599,flowline:88EEP,flowline,Channel Line,88EEP,13898192,Red Creek,1,32686,7,25,EPSG:26918,feature_bvh
14814000040031100000,52.836489150353522,flowline:88EEP,flowline,Channel Line,88EEP,13898192,Red Creek,1,32686,7,25,EPSG:26918,feature_bvh
14814000030160000000,146.2071031742185,flowline:88EEP,flowline,Channel Line,88EEP,13898192,Red Creek,1,32667,6,27,EPSG:26918,feature_bvh
14814000030131000000,149.97459376861678,flowline:88EEP,flowline,Channel Line,88EEP,13898192,Red Creek,1,32686,7,28,EPSG:26918,feature_bvh
14814000030270000000,208.65430600840719,flowline:88EEP,flowline,Channel Line,88EEP,13898192,Red Creek,1,32667,6,28,EPSG:26918,feature_bvh
14814000030260000000,207.13643126582267,flowline:88EEP,flowline,Channel Line,88EEP,13898192,Red Creek,1,32667,6,28,EPSG:26918,feature_bvh
14814000030250000000,203.19970948086487,flowline:88EEP,flowline,Channel Line,88EEP,13898192,Red Creek,1,32667,6,28,EPSG:26918,feature_bvh
14814000030240000000,189.86189110739053,flowline:88EEP,flowline,Channel Line,88EEP,13898192,Red Creek,1,32667,6,27,EPSG:26918,feature_bvh
14814000030190000000,117.64350197196207,flowline:88EEP,flowline,Channel Line,88EEP,13898192,Red Creek,1,32667,6,27,EPSG:26918,feature_bvh
14814000030230000000,175.19819665146954,flowline:88EEP,flowline,Channel Line,88EEP,13898192,Red Creek,1,32696,7,27,EPSG:26918,feature_bvh
14814000040080000000,36.603618142100487,flowline:88EEP,flowline,Channel Line,88EEP,13898192,Red Creek,1,32686,7,25,EPSG:26918,feature_bvh
14814000040061000000,29.19628010645328,flowline:88EEP,flowline,Channel Line,88EEP,13898192,Red Creek,1,32686,7,25,EPSG:26918,feature_bvh
14814000040090000000,33.010651361531416,flowline:88EEP,flowline,Channel Line,88EEP,13898192,Red Creek,1,32686,7,25,EPSG:26918,feature_bvh
14814000040440000000,91.215763746921667,waterbody:MIFJR,waterbody,Lake,MIFJR,6219318,,1,32425,5,26,EPSG:26918,feature_bvh
14814000040450000000,81.406833787430543,waterbody:MIFJR,waterbody,Lake,MIFJR,6219318,,1,32572,7,26,EPSG:26918,feature_bvh
14814000040430000000,46.482548615558272,flowline:88EEP,flowline,Channel Line,88EEP,13898192,Red Creek,1,32667,6,24,EPSG:26918,feature_bvh
14814000030210000000,154.47631832590216,flowline:88EEP,flowline,Channel Line,88EEP,13898192,Red Creek,1,32615,8,27,EPSG:26918,feature_bvh
14814000030200000000,116.33908875972455,flowline:88EEP,flowline,Channel Line,88EEP,13898192,Red Creek,1,32468,6,27,EPSG:26918,feature_bvh
14814000030220000000,177.14614978726232,waterbody:MIFJR,waterbody,Lake,MIFJR,6219318,,1,32615,8,27,EPSG:26918,feature_bvh
14814000040480000000,96.74947004433524,waterbody:MIFJR,waterbody,Lake,MIFJR,6219318,,1,32572,7,26,EPSG:26918,feature_bvh
14814000040470000000,82.594830343546221,waterbody:MIFJR,waterbody,Lake,MIFJR,6219318,,1,32572,7,26,EPSG:26918,feature_bvh
14814000040460000000,76.682396723590628,waterbody:MIFJR,waterbody,Lake,MIFJR,6219318,,1,32572,7,26,EPSG:26918,feature_bvh
14814000040490000000,114.43036173478269,waterbody:MIFJR,waterbody,Lake,MIFJR,6219318,,1,32572,7,26,EPSG:26918,feature_bvh
14814000040500000000,131.90857725983133,waterbody:INMO0,waterbody,Lake,INMO0,618216,,1,32588,8,26,EPSG:26918,feature_bvh
14814000040520000000,190.41098230796985,waterbody:INMO0,waterbody,Lake,INMO0,618216,,1,32590,9,26,EPSG:26918,feature_bvh
14818000020012000000,201.96921959651172,waterbody:INMO0,waterbody,Lake,INMO0,618216,,1,32590,9,24,EPSG:26918,feature_bvh
14818000020042000000,13.729993506184201,flowline:88EEP,flowline,Channel Line,88EEP,13898192,Red Creek,1,32686,7,23,EPSG:26918,feature_bvh
14818000020041000000,84.676063724886887,flowline:C5G20,flowline,Channel Line,C5G20,20501605,Red Creek,1,32470,7,21,EPSG:26918,feature_bvh
148170000201800000RH,456.14055398125413,waterbody:INMO0,waterbody,Lake,INMO0,618216,,1,32658,10,26,EPSG:26918,feature_bvh
148170000201700000RH,436.69830247998038,waterbody:INMO0,waterbody,Lake,INMO0,618216,,1,32658,10,26,EPSG:26918,feature_bvh
14818000020050000000,214.06472959374111,flowline:C5G20,flowline,Channel Line,C5G20,20501605,Red Creek,1,32589,9,22,EPSG:26918,feature_bvh
14818000020060000000,262.66247744366154,flowline:C5G20,flowline,Channel Line,C5G20,20501605,Red Creek,1,32589,9,22,EPSG:26918,feature_bvh
14818000020011000000,473.59029215584047,flowline:C5G20,flowline,Channel Line,C5G20,20501605,Red Creek,1,32786,11,26,EPSG:26918,feature_bvh
14817000010710000000,459.95031655673728,waterbody:INMO0,waterbody,Lake,INMO0,618216,,1,32658,10,26,EPSG:26918,feature_bvh
14818000020080000000,587.62984179766318,waterbody:INMO0,waterbody,Lake,INMO0,618216,,1,32786,11,26,EPSG:26918,feature_bvh
14818000020070000000,539.34795113346524,flowline:C5G20,flowline,Channel Line,C5G20,20501605,Red Creek,1,32786,11,26,EPSG:26918,feature_bvh
14817000020050000000,586.5678557285255,waterbody:OHBHI,waterbody,River,OHBHI,6808474,,1,32786,11,26,EPSG:26918,feature_bvh
14819000010380000000,270.39014779244565,waterbody:MAALD,waterbody,Lake,MAALD,5889983,,1,34578,9,28,EPSG:26918,feature_bvh
14820000020450000000,289.2679037747609,waterbody:MAALD,waterbody,Lake,MAALD,5889983,,1,34558,8,28,EPSG:26918,feature_bvh
14819000010370000000,253.78289547460741,waterbody:MAALD,waterbody,Lake,MAALD,5889983,,1,32628,8,23,EPSG:26918,feature_bvh
14819000010360000000,234.71702405890039,waterbody:KEIOH,waterbody,Lake,KEIOH,3145011,,1,32628,8,23,EPSG:26918,feature_bvh
14819000010351100000,184.14141730615407,waterbody:KEIOH,waterbody,Lake,KEIOH,3145011,,1,32628,8,23,EPSG:26918,feature_bvh
14819000010411000000,217.87963977841258,waterbody:MAALD,waterbody,Lake,MAALD,5889983,,1,32608,7,23,EPSG:26918,feature_bvh
14819000010650000000,153.11786102027523,waterbody:KEIOH,waterbody,Lake,KEIOH,3145011,,1,32612,7,20,EPSG:26918,feature_bvh
14819000010200000000,123.88552352623532,waterbody:KEIOH,waterbody,Lake,KEIOH,3145011,,1,32612,7,20,EPSG:26918,feature_bvh
14819000010340000000,155.93076291097557,waterbody:KEIOH,waterbody,Lake,KEIOH,3145011,,1,32628,8,23,EPSG:26918,feature_bvh
14819000010232000000,128.0439765300265,waterbody:KEIOH,waterbody,Lake,KEIOH,3145011,,1,32628,8,23,EPSG:26918,feature_bvh
14819000010330000000,116.44032966559887,waterbody:KEIOH,waterbody,Lake,KEIOH,3145011,,1,32628,8,23,EPSG:26918,feature_bvh
14819000010320000000,97.536808904405135,waterbody:KEIOH,waterbody,Lake,KEIOH,3145011,,1,32628,8,23,EPSG:26918,feature_bvh
14819000010310000000,80.155066508569774,waterbody:KEIOH,waterbody,Lake,KEIOH,3145011,,1,32628,8,23,EPSG:26918,feature_bvh
14819000010170000000,69.59956586391111,waterbody:KEIOH,waterbody,Lake,KEIOH,3145011,,1,32610,7,20,EPSG:26918,feature_bvh
14819000010180000000,82.67519275394929,waterbody:KEIOH,waterbody,Lake,KEIOH,3145011,,1,32610,7,20,EPSG:26918,feature_bvh
14819000010220000000,14.948944161493683,waterbody:KEIOH,waterbody,Lake,KEIOH,3145011,,1,32610,7,19,EPSG:26918,feature_bvh
14819000010190000000,126.93728865925657,waterbody:KEIOH,waterbody,Lake,KEIOH,3145011,,1,32612,7,20,EPSG:26918,feature_bvh
14819000010210000000,103.61572356456178,waterbody:KEIOH,waterbody,Lake,KEIOH,3145011,,1,32628,8,20,EPSG:26918,feature_bvh
14819000010142000000,116.59364771340302,waterbody:KC462,waterbody,Lake,KC462,3047635,,1,32574,5,20,EPSG:26918,feature_bvh
14819000010101000000,90.11585664422212,flowline:DD867,flowline,Channel Line,DD867,22550904,,1,32703,8,20,EPSG:26918,feature_bvh
14819000010120000000,25.559452855694417,waterbody:KC462,waterbody,Lake,KC462,3047635,,1,32364,5,20,EPSG:26918,feature_bvh
14819000010130000000,101.22109630345943,waterbody:KC462,waterbody,Lake,KC462,3047635,,1,32364,5,20,EPSG:26918,feature_bvh
14819000010143000000,46.291803676864973,waterbody:KC462,waterbody,Lake,KC462,3047635,,1,32364,5,20,EPSG:26918,feature_bvh
14819000010144000000,34.191277011162654,waterbody:KC462,waterbody,Lake,KC462,3047635,,1,32432,6,20,EPSG:26918,feature_bvh
14819000010110000000,66.046991732207118,waterbody:KC462,waterbody,Lake,KC462,3047635,,1,32660,7,20,EPSG:26918,feature_bvh
14819000010040000000,65.140396515630599,flowline:DD867,flowline,Channel Line,DD867,22550904,,1,32660,7,20,EPSG:26918,feature_bvh
14819000010030000000,70.179874415723361,flowline:DD867,flowline,Channel Line,DD867,22550904,,1,32641,6,20,EPSG:26918,feature_bvh
14819000010021000000,31.630138080225912,flowline:DD867,flowline,Channel Line,DD867,22550904,,1,32641,6,20,EPSG:26918,feature_bvh
14818000020090000000,35.507995087149851,flowline:88EEP,flowline,Channel Line,88EEP,13898192,Red Creek,1,32617,6,19,EPSG:26918,feature_bvh
14818000020030000000,15.313643288645624,flowline:DD867,flowline,Channel Line,DD867,22550904,,1,32655,7,20,EPSG:26918,feature_bvh
14819000010011000000,108.4608812720942,flowline:DD867,flowline,Channel Line,DD867,22550904,,1,32617,6,20,EPSG:26918,feature_bvh
14819000010051000000,18.336995061972424,flowline:DD867,flowline,Channel Line,DD867,22550904,,1,32617,6,20,EPSG:26918,feature_bvh
14815000030460000000,241.33413330838272,flowline:DD867,flowline,Channel Line,DD867,22550904,,1,32633,7,22,EPSG:26918,feature_bvh
14815000030470000000,243.5599731199531,flowline:DD867,flowline,Channel Line,DD867,22550904,,1,32702,8,25,EPSG:26918,feature_bvh
14815000030490000000,246.80640698111748,flowline:DD867,flowline,Channel Line,DD867,22550904,,1,32702,8,25,EPSG:26918,feature_bvh
14815000030480000000,244.88930904429827,flowline:DD867,flowline,Channel Line,DD867,22550904,,1,32702,8,25,EPSG:26918,feature_bvh
14815000030510000000,249.80511445643839,flowline:DD867,flowline,Channel Line,DD867,22550904,,1,32686,7,25,EPSG:26918,feature_bvh
14815000030500000000,247.60576602652466,flowline:DD867,flowline,Channel Line,DD867,22550904,,1,32686,7,25,EPSG:26918,feature_bvh
14815000030520000000,251.40992296746174,flowline:DD867,flowline,Channel Line,DD867,22550904,,1,32686,7,25,EPSG:26918,feature_bvh
14815000030530000000,254.36385798998847,flowline:DD867,flowline,Channel Line,DD867,22550904,,1,32686,7,25,EPSG:26918,feature_bvh
14815000030580000000,274.7115427785576,flowline:DD867,flowline,Channel Line,DD867,22550904,,1,32686,7,25,EPSG:26918,feature_bvh
14815000010390000000,122.12258073259558,flowline:DD867,flowline,Channel Line,DD867,22550904,,1,32574,5,20,EPSG:26918,feature_bvh
14815000030590000000,280.2347707687768,flowline:DD867,flowline,Channel Line,DD867,22550904,,1,32686,7,25,EPSG:26918,feature_bvh
14815000030570000000,269.66142836474381,flowline:DD867,flowline,Channel Line,DD867,22550904,,1,32686,7,25,EPSG:26918,feature_bvh
14815000030560000000,265.29169791963147,flowline:DD867,flowline,Channel Line,DD867,22550904,,1,32686,7,25,EPSG:26918,feature_bvh
14815000030550000000,261.65840177657094,flowline:DD867,flowline,Channel Line,DD867,22550904,,1,32686,7,25,EPSG:26918,feature_bvh
14815000030540000000,258.11549221560023,flowline:DD867,flowline,Channel Line,DD867,22550904,,1,32686,7,25,EPSG:26918,feature_bvh
14815000030660000000,304.17633770539283,flowline:DD867,flowline,Channel Line,DD867,22550904,,1,32702,8,25,EPSG:26918,feature_bvh
14815000030650000000,305.49181531301252,flowline:DD867,flowline,Channel Line,DD867,22550904,,1,32702,8,25,EPSG:26918,feature_bvh
14815000030640000000,307.47152960843158,flowline:DD867,flowline,Channel Line,DD867,22550904,,1,32686,7,25,EPSG:26918,feature_bvh
14815000030630000000,309.86144837361928,flowline:DD867,flowline,Channel Line,DD867,22550904,,1,32686,7,25,EPSG:26918,feature_bvh
14815000030620000000,312.88216485694107,flowline:DD867,flowline,Channel Line,DD867,22550904,,1,32686,7,25,EPSG:26918,feature_bvh
14815000030860000000,346.24206590614551,flowline:DD867,flowline,Channel Line,DD867,22550904,,1,32686,7,25,EPSG:26918,feature_bvh
14815000030610000000,328.4986604624421,flowline:DD867,flowline,Channel Line,DD867,22550904,,1,32686,7,25,EPSG:26918,feature_bvh
14815000030600000000,311.00104966614805,flowline:DD867,flowline,Channel Line,DD867,22550904,,1,32686,7,25,EPSG:26918,feature_bvh
14815000010460000000,337.71519960134202,flowline:DD867,flowline,Channel Line,DD867,22550904,,1,32686,7,25,EPSG:26918,feature_bvh
14815000010470000000,348.6671953567394,flowline:DD867,flowline,Channel Line,DD867,22550904,,1,32686,7,25,EPSG:26918,feature_bvh
14815000010480000000,357.99228698750846,flowline:DD867,flowline,Channel Line,DD867,22550904,,1,32686,7,25,EPSG:26918,feature_bvh
14815000010490000000,367.41194216197499,flowline:DD867,flowline,Channel Line,DD867,22550904,,1,32686,7,26,EPSG:26918,feature_bvh
14815000010500000000,377.35841906682998,flowline:DD867,flowline,Channel Line,DD867,22550904,,1,32686,7,26,EPSG:26918,feature_bvh
14815000010510000000,387.14948489983232,flowline:DD867,flowline,Channel Line,DD867,22550904,,1,32686,7,26,EPSG:26918,feature_bvh
14815000010530000000,407.43945160149974,flowline:DD867,flowline,Channel Line,DD867,22550904,,1,32686,7,26,EPSG:26918,feature_bvh
14815000010540000000,408.20671140037587,waterbody:JYNZJ,waterbody,Lake,JYNZJ,2502763,,1,32698,8,26,EPSG:26918,feature_bvh
14815000010371000000,277.77247748018948,flowline:DD867,flowline,Channel Line,DD867,22550904,,1,32686,7,25,EPSG:26918,feature_bvh
14815000010520000000,397.05672281273041,flowline:DD867,flowline,Channel Line,DD867,22550904,,1,32686,7,26,EPSG:26918,feature_bvh
14815000010360000000,318.14410284017521,flowline:88EEP,flowline,Channel Line,88EEP,13898192,Red Creek,1,32686,7,26,EPSG:26918,feature_bvh
14815000010450000000,329.1932204648441,flowline:DD867,flowline,Channel Line,DD867,22550904,,1,32686,7,25,EPSG:26918,feature_bvh
14815000010440000000,322.89864452873542,flowline:DD867,flowline,Channel Line,DD867,22550904,,1,32686,7,25,EPSG:26918,feature_bvh
14815000010430000000,313.93813964799239,flowline:DD867,flowline,Channel Line,DD867,22550904,,1,32686,7,25,EPSG:26918,feature_bvh
14815000010420000000,305.08948995359322,flowline:DD867,flowline,Channel Line,DD867,22550904,,1,32686,7,25,EPSG:26918,feature_bvh
14815000010410000000,296.86675466041532,flowline:DD867,flowline,Channel Line,DD867,22550904,,1,32686,7,25,EPSG:26918,feature_bvh
14815000010400000000,289.20110360403902,flowline:DD867,flowline,Channel Line,DD867,22550904,,1,32686,7,25,EPSG:26918,feature_bvh
14815000010380000000,228.62377968251695,flowline:DD867,flowline,Channel Line,DD867,22550904,,1,32686,7,25,EPSG:26918,feature_bvh
14811000010360000000,320.4051521591403,waterbody:JYNZJ,waterbody,Lake,JYNZJ,2502763,,1,32528,7,23,EPSG:26918,feature_bvh
148140000404200000RH,192.85179342413804,flowline:88EEP,flowline,Channel Line,88EEP,13898192,Red Creek,1,32686,7,25,EPSG:26918,feature_bvh
148180000200200000RH,88.846892271688532,flowline:88EEP,flowline,Channel Line,88EEP,13898192,Red Creek,1,32686,7,23,EPSG:26918,feature_bvh
14814000040360000000,97.154365499394714,flowline:88EEP,flowline,Channel Line,88EEP,13898192,Red Creek,1,32686,7,25,EPSG:26918,feature_bvh
14814000040410000000,144.18423830056852,flowline:88EEP,flowline,Channel Line,88EEP,13898192,Red Creek,1,32686,7,25,EPSG:26918,feature_bvh
14814000040400000000,142.79417644002805,flowline:88EEP,flowline,Channel Line,88EEP,13898192,Red Creek,1,32686,7,25,EPSG:26918,feature_bvh
14814000040370000000,97.759769260040215,flowline:88EEP,flowline,Channel Line,88EEP,13898192,Red Creek,1,32686,7,25,EPSG:26918,feature_bvh
14815000010110000000,206.56073097567489,flowline:88EEP,flowline,Channel Line,88EEP,13898192,Red Creek,1,32686,7,25,EPSG:26918,feature_bvh
14815000010120000000,208.77956893653769,flowline:88EEP,flowline,Channel Line,88EEP,13898192,Red Creek,1,32686,7,25,EPSG:26918,feature_bvh
14815000010130000000,254.33928575351092,flowline:88EEP,flowline,Channel Line,88EEP,13898192,Red Creek,1,32686,7,25,EPSG:26918,feature_bvh
14815000010140000000,252.24759365305704,flowline:88EEP,flowline,Channel Line,88EEP,13898192,Red Creek,1,32686,7,25,EPSG:26918,feature_bvh
14815000010350000000,317.41680965511443,flowline:88EEP,flowline,Channel Line,88EEP,13898192,Red Creek,1,32686,7,26,EPSG:26918,feature_bvh
14815000010340000000,319.24008534580315,flowline:88EEP,flowline,Channel Line,88EEP,13898192,Red Creek,1,32686,7,26,EPSG:26918,feature_bvh
14815000010160000000,254.0346388079964,flowline:88EEP,flowline,Channel Line,88EEP,13898192,Red Creek,1,32686,7,26,EPSG:26918,feature_bvh
14815000010090000000,205.62055819639903,flowline:88EEP,flowline,Channel Line,88EEP,13898192,Red Creek,1,32686,7,26,EPSG:26918,feature_bvh
14815000010150000000,252.4675885559501,flowline:88EEP,flowline,Channel Line,88EEP,13898192,Red Creek,1,32686,7,26,EPSG:26918,feature_bvh
14815000010080000000,205.98755853533541,flowline:88EEP,flowline,Channel Line,88EEP,13898192,Red Creek,1,32686,7,26,EPSG:26918,feature_bvh
14815000010170000000,250.64883490562096,flowline:88EEP,flowline,Channel Line,88EEP,13898192,Red Creek,1,32686,7,26,EPSG:26918,feature_bvh
14815000010070000000,202.82656966464489,flowline:88EEP,flowline,Channel Line,88EEP,13898192,Red Creek,1,32686,7,26,EPSG:26918,feature_bvh
14814000040270000000,137.53622132651938,flowline:88EEP,flowline,Channel Line,88EEP,13898192,Red Creek,1,32686,7,26,EPSG:26918,feature_bvh
14814000040280000000,140.79307226755284,flowline:88EEP,flowline,Channel Line,88EEP,13898192,Red Creek,1,32686,7,26,EPSG:26918,feature_bvh
14814000040290000000,141.22782855607758,flowline:88EEP,flowline,Channel Line,88EEP,13898192,Red Creek,1,32686,7,25,EPSG:26918,feature_bvh
14814000040330000000,93.136548831793903,flowline:88EEP,flowline,Channel Line,88EEP,13898192,Red Creek,1,32686,7,25,EPSG:26918,feature_bvh
14814000040380000000,139.01915099353161,flowline:88EEP,flowline,Channel Line,88EEP,13898192,Red Creek,1,32686,7,25,EPSG:26918,feature_bvh
14815000010100000000,204.77199405579617,flowline:88EEP,flowline,Channel Line,88EEP,13898192,Red Creek,1,32686,7,25,EPSG:26918,feature_bvh
14814000040390000000,140.92876312592742,flowline:88EEP,flowline,Channel Line,88EEP,13898192,Red Creek,1,32686,7,25,EPSG:26918,feature_bvh
14814000040340000000,93.416243856446997,flowline:88EEP,flowline,Channel Line,88EEP,13898192,Red Creek,1,32686,7,25,EPSG:26918,feature_bvh
14814000040350000000,95.388643702491819,flowline:88EEP,flowline,Channel Line,88EEP,13898192,Red Creek,1,32686,7,25,EPSG:26918,feature_bvh
14814000040130000000,27.594456792372622,flowline:88EEP,flowline,Channel Line,88EEP,13898192,Red Creek,1,32686,7,25,EPSG:26918,feature_bvh
14814000040140000000,29.234282019201789,flowline:88EEP,flowline,Channel Line,88EEP,13898192,Red Creek,1,32686,7,25,EPSG:26918,feature_bvh
14814000040320000000,94.811871204253862,flowline:88EEP,flowline,Channel Line,88EEP,13898192,Red Creek,1,32686,7,25,EPSG:26918,feature_bvh
14814000040310000000,92.935360863400888,flowline:88EEP,flowline,Channel Line,88EEP,13898192,Red Creek,1,32686,7,25,EPSG:26918,feature_bvh
14814000040300000000,90.530174468415709,flowline:88EEP,flowline,Channel Line,88EEP,13898192,Red Creek,1,32686,7,26,EPSG:26918,feature_bvh
14814000040160000000,24.933268791979923,flowline:88EEP,flowline,Channel Line,88EEP,13898192,Red Creek,1,32686,7,25,EPSG:26918,feature_bvh
14814000040012000000,55.567491450003956,flowline:88EEP,flowline,Channel Line,88EEP,13898192,Red Creek,1,32686,7,26,EPSG:26918,feature_bvh
14814000040150000000,26.401233204286516,flowline:88EEP,flowline,Channel Line,88EEP,13898192,Red Creek,1,32686,7,25,EPSG:26918,feature_bvh
14814000040170000000,26.157992602007596,flowline:88EEP,flowline,Channel Line,88EEP,13898192,Red Creek,1,32686,7,26,EPSG:26918,feature_bvh
14814000040180000000,28.369892835529694,flowline:88EEP,flowline,Channel Line,88EEP,13898192,Red Creek,1,32686,7,26,EPSG:26918,feature_bvh
14814000040191000000,29.940319069227456,flowline:88EEP,flowline,Channel Line,88EEP,13898192,Red Creek,1,32686,7,26,EPSG:26918,feature_bvh
14814000040193000000,58.746863658088891,flowline:88EEP,flowline,Channel Line,88EEP,13898192,Red Creek,1,32686,7,26,EPSG:26918,feature_bvh
14814000040192000000,29.332233487967429,flowline:88EEP,flowline,Channel Line,88EEP,13898192,Red Creek,1,32686,7,26,EPSG:26918,feature_bvh
14814000040202000000,61.807231063447738,flowline:88EEP,flowline,Channel Line,88EEP,13898192,Red Creek,1,32686,7,26,EPSG:26918,feature_bvh
14814000040230000000,94.506985415137081,flowline:88EEP,flowline,Channel Line,88EEP,13898192,Red Creek,1,32686,7,26,EPSG:26918,feature_bvh
14814000040260000000,138.39435787805843,flowline:88EEP,flowline,Channel Line,88EEP,13898192,Red Creek,1,32686,7,26,EPSG:26918,feature_bvh
14814000040240000000,92.220976569627481,flowline:88EEP,flowline,Channel Line,88EEP,13898192,Red Creek,1,32686,7,26,EPSG:26918,feature_bvh
14814000040220000000,143.29736951919614,flowline:88EEP,flowline,Channel Line,88EEP,13898192,Red Creek,1,32686,7,26,EPSG:26918,feature_bvh
14814000040250000000,140.86322121914711,flowline:88EEP,flowline,Channel Line,88EEP,13898192,Red Creek,1,32686,7,26,EPSG:26918,feature_bvh
14814000040200000000,102.78514635278258,flowline:88EEP,flowline,Channel Line,88EEP,13898192,Red Creek,1,32686,7,26,EPSG:26918,feature_bvh
14814000040210000000,137.69237261843921,flowline:88EEP,flowline,Channel Line,88EEP,13898192,Red Creek,1,32686,7,26,EPSG:26918,feature_bvh
14815000010230000000,204.59721713359792,flowline:88EEP,flowline,Channel Line,88EEP,13898192,Red Creek,1,32702,8,26,EPSG:26918,feature_bvh
14815000010020000000,186.98762116975001,flowline:88EEP,flowline,Channel Line,88EEP,13898192,Red Creek,1,32702,8,26,EPSG:26918,feature_bvh
14815000010030000000,196.40148885652476,flowline:88EEP,flowline,Channel Line,88EEP,13898192,Red Creek,1,32702,8,26,EPSG:26918,feature_bvh
14815000010220000000,231.81740102623891,flowline:88EEP,flowline,Channel Line,88EEP,13898192,Red Creek,1,32702,8,26,EPSG:26918,feature_bvh
14815000010210000000,243.7881498328278,flowline:88EEP,flowline,Channel Line,88EEP,13898192,Red Creek,1,32702,8,26,EPSG:26918,feature_bvh
14815000010050000000,204.79181314949619,flowline:88EEP,flowline,Channel Line,88EEP,13898192,Red Creek,1,32686,7,26,EPSG:26918,feature_bvh
14815000010200000000,253.48443794788332,flowline:88EEP,flowline,Channel Line,88EEP,13898192,Red Creek,1,32686,7,26,EPSG:26918,feature_bvh
14815000010040000000,208.46743073366213,flowline:88EEP,flowline,Channel Line,88EEP,13898192,Red Creek,1,32686,7,26,EPSG:26918,feature_bvh
14815000010060000000,203.68238980954936,flowline:88EEP,flowline,Channel Line,88EEP,13898192,Red Creek,1,32686,7,26,EPSG:26918,feature_bvh
14815000010180000000,250.46808503584154,flowline:88EEP,flowline,Channel Line,88EEP,13898192,Red Creek,1,32686,7,26,EPSG:26918,feature_bvh
14815000010190000000,251.88179808273216,flowline:88EEP,flowline,Channel Line,88EEP,13898192,Red Creek,1,32686,7,26,EPSG:26918,feature_bvh
14815000010310000000,314.31111066734019,waterbody:JYNZJ,waterbody,Lake,JYNZJ,2502763,,1,32714,9,26,EPSG:26918,feature_bvh
14815000010320000000,315.98519253799185,flowline:88EEP,flowline,Channel Line,88EEP,13898192,Red Creek,1,32686,7,26,EPSG:26918,feature_bvh
14815000010330000000,317.14103756905126,flowline:88EEP,flowline,Channel Line,88EEP,13898192,Red Creek,1,32686,7,26,EPSG:26918,feature_bvh
14815000010300000000,283.78662188357396,waterbody:JYNZJ,waterbody,Lake,JYNZJ,2502763,,1,32714,9,26,EPSG:26918,feature_bvh
14815000010660000000,223.78885807076702,waterbody:JYNZJ,waterbody,Lake,JYNZJ,2502763,,1,32714,9,26,EPSG:26918,feature_bvh
14815000010670000000,211.33890223656834,waterbody:JYNZJ,waterbody,Lake,JYNZJ,2502763,,1,32714,9,26,EPSG:26918,feature_bvh
14815000010680000000,198.19474215845332,waterbody:JYNZJ,waterbody,Lake,JYNZJ,2502763,,1,32714,9,26,EPSG:26918,feature_bvh
14815000010690000000,185.69601869708265,waterbody:JYNZJ,waterbody,Lake,JYNZJ,2502763,,1,32714,9,26,EPSG:26918,feature_bvh
14815000010700000000,173.40477363266706,waterbody:JYNZJ,waterbody,Lake,JYNZJ,2502763,,1,32645,8,23,EPSG:26918,feature_bvh
14815000010290000000,255.08392191760751,waterbody:JYNZJ,waterbody,Lake,JYNZJ,2502763,,1,32714,9,26,EPSG:26918,feature_bvh
14815000010280000000,227.75179035669444,waterbody:JYNZJ,waterbody,Lake,JYNZJ,2502763,,1,32714,9,26,EPSG:26918,feature_bvh
14815000010270000000,202.70781509771552,waterbody:JYNZJ,waterbody,Lake,JYNZJ,2502763,,1,32714,9,26,EPSG:26918,feature_bvh
14815000010240000000,222.04939041234113,flowline:88EEP,flowline,Channel Line,88EEP,13898192,Red Creek,1,32702,8,26,EPSG:26918,feature_bvh
14815000010260000000,160.1986837875242,waterbody:JYNZJ,waterbody,Lake,JYNZJ,2502763,,1,32714,9,26,EPSG:26918,feature_bvh
14815000010730000000,135.71291656497178,waterbody:JYNZJ,waterbody,Lake,JYNZJ,2502763,,1,32645,8,23,EPSG:26918,feature_bvh
14815000010720000000,147.95932182460106,waterbody:JYNZJ,waterbody,Lake,JYNZJ,2502763,,1,32645,8,23,EPSG:26918,feature_bvh
14815000010710000000,160.53648743902065,waterbody:JYNZJ,waterbody,Lake,JYNZJ,2502763,,1,32645,8,23,EPSG:26918,feature_bvh
14815000010740000000,123.88447158899677,waterbody:JYNZJ,waterbody,Lake,JYNZJ,2502763,,1,32645,8,23,EPSG:26918,feature_bvh
14815000010750000000,111.43222493019516,waterbody:JYNZJ,waterbody,Lake,JYNZJ,2502763,,1,32645,8,23,EPSG:26918,feature_bvh
14815000020120000000,64.248094417085582,waterbody:JYNZJ,waterbody,Lake,JYNZJ,2502763,,1,32645,8,23,EPSG:26918,feature_bvh
14815000010760000000,100.20717974007094,waterbody:JYNZJ,waterbody,Lake,JYNZJ,2502763,,1,32645,8,23,EPSG:26918,feature_bvh
14815000010770000000,88.972246188425174,waterbody:JYNZJ,waterbody,Lake,JYNZJ,2502763,,1,32645,8,23,EPSG:26918,feature_bvh
14815000010780000000,73.683853775322831,waterbody:JYNZJ,waterbody,Lake,JYNZJ,2502763,,1,32645,8,23,EPSG:26918,feature_bvh
14815000010790000000,66.306777562188202,waterbody:JYNZJ,waterbody,Lake,JYNZJ,2502763,,1,32645,8,23,EPSG:26918,feature_bvh
14815000010800000000,44.120375027638246,waterbody:JYNZJ,waterbody,Lake,JYNZJ,2502763,,1,32645,8,23,EPSG:26918,feature_bvh
14815000020110000000,41.775637890001171,waterbody:JYNZJ,waterbody,Lake,JYNZJ,2502763,,1,32645,8,23,EPSG:26918,feature_bvh
14815000020130000000,104.40903728464994,waterbody:JYNZJ,waterbody,Lake,JYNZJ,2502763,,1,32645,8,23,EPSG:26918,feature_bvh
14815000020041000000,29.327833478375418,waterbody:JYNZJ,waterbody,Lake,JYNZJ,2502763,,1,32645,8,23,EPSG:26918,feature_bvh
14815000020190000000,109.81750868901861,waterbody:JYNZJ,waterbody,Lake,JYNZJ,2502763,,1,32645,8,23,EPSG:26918,feature_bvh
14815000020180000000,104.88143511841967,waterbody:JYNZJ,waterbody,Lake,JYNZJ,2502763,,1,32645,8,23,EPSG:26918,feature_bvh
14815000020170000000,103.59673605713768,waterbody:JYNZJ,waterbody,Lake,JYNZJ,2502763,,1,32645,8,23,EPSG:26918,feature_bvh
14815000020150000000,106.61784839998076,waterbody:JYNZJ,waterbody,Lake,JYNZJ,2502763,,1,32645,8,23,EPSG:26918,feature_bvh
14815000020160000000,104.30559648573576,waterbody:JYNZJ,waterbody,Lake,JYNZJ,2502763,,1,32645,8,23,EPSG:26918,feature_bvh
14815000020370000000,151.86199203461149,waterbody:JYNZJ,waterbody,Lake,JYNZJ,2502763,,1,32645,8,23,EPSG:26918,feature_bvh
14815000020140000000,127.56756875757377,waterbody:JYNZJ,waterbody,Lake,JYNZJ,2502763,,1,32645,8,23,EPSG:26918,feature_bvh
14815000020380000000,150.20299612566038,waterbody:JYNZJ,waterbody,Lake,JYNZJ,2502763,,1,32645,8,23,EPSG:26918,feature_bvh
14815000020390000000,173.05717799092577,waterbody:JYNZJ,waterbody,Lake,JYNZJ,2502763,,1,32645,8,23,EPSG:26918,feature_bvh
14815000020360000000,148.54549564294484,waterbody:JYNZJ,waterbody,Lake,JYNZJ,2502763,,1,32645,8,23,EPSG:26918,feature_bvh
14815000020400000000,212.61429971859263,waterbody:JYNZJ,waterbody,Lake,JYNZJ,2502763,,1,32645,8,23,EPSG:26918,feature_bvh
14815000020450000000,204.40346138277047,waterbody:JYNZJ,waterbody,Lake,JYNZJ,2502763,,1,32645,8,23,EPSG:26918,feature_bvh
14815000020350000000,146.42190444919945,waterbody:JYNZJ,waterbody,Lake,JYNZJ,2502763,,1,32645,8,23,EPSG:26918,feature_bvh
14815000020340000000,145.52633911624216,waterbody:JYNZJ,waterbody,Lake,JYNZJ,2502763,,1,32645,8,23,EPSG:26918,feature_bvh
14815000020330000000,145.68593412654559,waterbody:JYNZJ,waterbody,Lake,JYNZJ,2502763,,1,32645,8,23,EPSG:26918,feature_bvh
14815000020320000000,146.85300071048309,waterbody:JYNZJ,waterbody,Lake,JYNZJ,2502763,,1,32645,8,23,EPSG:26918,feature_bvh
14815000020310000000,149.31513106297555,waterbody:JYNZJ,waterbody,Lake,JYNZJ,2502763,,1,32645,8,23,EPSG:26918,feature_bvh
14815000020300000000,153.03459021368676,waterbody:JYNZJ,waterbody,Lake,JYNZJ,2502763,,1,32645,8,23,EPSG:26918,feature_bvh
14815000020500000000,205.2582255705222,waterbody:JYNZJ,waterbody,Lake,JYNZJ,2502763,,1,32645,8,23,EPSG:26918,feature_bvh
14815000020490000000,203.39304209917873,waterbody:JYNZJ,waterbody,Lake,JYNZJ,2502763,,1,32645,8,23,EPSG:26918,feature_bvh
14815000020480000000,202.36468967158396,waterbody:JYNZJ,waterbody,Lake,JYNZJ,2502763,,1,32645,8,23,EPSG:26918,feature_bvh
14815000020470000000,202.29287023562784,waterbody:JYNZJ,waterbody,Lake,JYNZJ,2502763,,1,32645,8,23,EPSG:26918,feature_bvh
14815000020460000000,202.99042540687086,waterbody:JYNZJ,waterbody,Lake,JYNZJ,2502763,,1,32645,8,23,EPSG:26918,feature_bvh
14815000020560000000,245.69328422882,waterbody:JYNZJ,waterbody,Lake,JYNZJ,2502763,,1,32645,8,23,EPSG:26918,feature_bvh
14815000020570000000,244.39571149075428,waterbody:JYNZJ,waterbody,Lake,JYNZJ,2502763,,1,32645,8,23,EPSG:26918,feature_bvh
14815000020800000000,292.38812679637891,waterbody:JYNZJ,waterbody,Lake,JYNZJ,2502763,,1,32645,8,26,EPSG:26918,feature_bvh
14815000020580000000,243.93283360513254,waterbody:JYNZJ,waterbody,Lake,JYNZJ,2502763,,1,32645,8,23,EPSG:26918,feature_bvh
14815000020590000000,244.15768806950484,waterbody:JYNZJ,waterbody,Lake,JYNZJ,2502763,,1,32645,8,23,EPSG:26918,feature_bvh
14815000020600000000,244.99614362122924,waterbody:JYNZJ,waterbody,Lake,JYNZJ,2502763,,1,32645,8,23,EPSG:26918,feature_bvh
14815000020610000000,246.53965275436633,waterbody:JYNZJ,waterbody,Lake,JYNZJ,2502763,,1,32645,8,23,EPSG:26918,feature_bvh
14815000020620000000,248.69575134275902,waterbody:JYNZJ,waterbody,Lake,JYNZJ,2502763,,1,32645,8,23,EPSG:26918,feature_bvh
14815000020630000000,251.58506484512259,waterbody:JYNZJ,waterbody,Lake,JYNZJ,2502763,,1,32714,9,26,EPSG:26918,feature_bvh
14815000020680000000,320.70239752642306,waterbody:JYNZJ,waterbody,Lake,JYNZJ,2502763,,1,32714,9,26,EPSG:26918,feature_bvh
14815000020640000000,255.27934930270638,waterbody:JYNZJ,waterbody,Lake,JYNZJ,2502763,,1,32714,9,26,EPSG:26918,feature_bvh
14815000020650000000,259.44756872972857,waterbody:JYNZJ,waterbody,Lake,JYNZJ,2502763,,1,32714,9,26,EPSG:26918,feature_bvh
14815000020440000000,206.73184692000271,waterbody:JYNZJ,waterbody,Lake,JYNZJ,2502763,,1,32645,8,23,EPSG:26918,feature_bvh
14815000020430000000,210.02891294234419,waterbody:JYNZJ,waterbody,Lake,JYNZJ,2502763,,1,32645,8,23,EPSG:26918,feature_bvh
14815000020420000000,213.91266966338401,waterbody:JYNZJ,waterbody,Lake,JYNZJ,2502763,,1,32645,8,23,EPSG:26918,feature_bvh
14815000020410000000,235.5454395890709,waterbody:JYNZJ,waterbody,Lake,JYNZJ,2502763,,1,32714,9,26,EPSG:26918,feature_bvh
14815000010650000000,236.65220867903579,waterbody:JYNZJ,waterbody,Lake,JYNZJ,2502763,,1,32714,9,26,EPSG:26918,feature_bvh
14815000010640000000,249.78021187538732,waterbody:JYNZJ,waterbody,Lake,JYNZJ,2502763,,1,32714,9,26,EPSG:26918,feature_bvh
14815000010630000000,262.65584137636228,waterbody:JYNZJ,waterbody,Lake,JYNZJ,2502763,,1,32714,9,26,EPSG:26918,feature_bvh
14815000010620000000,275.62268348806106,waterbody:JYNZJ,waterbody,Lake,JYNZJ,2502763,,1,32714,9,26,EPSG:26918,feature_bvh
14815000020660000000,258.39348683613082,waterbody:JYNZJ,waterbody,Lake,JYNZJ,2502763,,1,32714,9,26,EPSG:26918,feature_bvh
14815000020670000000,281.12282479870606,waterbody:JYNZJ,waterbody,Lake,JYNZJ,2502763,,1,32714,9,26,EPSG:26918,feature_bvh
14815000010590000000,315.60309739287635,waterbody:JYNZJ,waterbody,Lake,JYNZJ,2502763,,1,32714,9,26,EPSG:26918,feature_bvh
14815000010600000000,302.15262384084235,waterbody:JYNZJ,waterbody,Lake,JYNZJ,2502763,,1,32714,9,26,EPSG:26918,feature_bvh
14815000010610000000,289.10050294902442,waterbody:JYNZJ,waterbody,Lake,JYNZJ,2502763,,1,32714,9,26,EPSG:26918,feature_bvh
14815000010580000000,329.0277590057616,waterbody:JYNZJ,waterbody,Lake,JYNZJ,2502763,,1,32714,9,26,EPSG:26918,feature_bvh
14815000010560000000,381.85236087111048,waterbody:JYNZJ,waterbody,Lake,JYNZJ,2502763,,1,32698,8,26,EPSG:26918,feature_bvh
14815000010570000000,355.43901228778333,waterbody:JYNZJ,waterbody,Lake,JYNZJ,2502763,,1,32714,9,26,EPSG:26918,feature_bvh
14815000010550000000,395.13694930459354,waterbody:JYNZJ,waterbody,Lake,JYNZJ,2502763,,1,32698,8,26,EPSG:26918,feature_bvh
14815000020950000000,389.31118469877305,waterbody:JYNZJ,waterbody,Lake,JYNZJ,2502763,,1,32714,9,26,EPSG:26918,feature_bvh
14815000020940000000,366.36088099143677,waterbody:JYNZJ,waterbody,Lake,JYNZJ,2502763,,1,32714,9,26,EPSG:26918,feature_bvh
14815000020690000000,343.46783519599126,waterbody:JYNZJ,waterbody,Lake,JYNZJ,2502763,,1,32714,9,26,EPSG:26918,feature_bvh
14815000020930000000,367.10751771885498,waterbody:JYNZJ,waterbody,Lake,JYNZJ,2502763,,1,32714,9,26,EPSG:26918,feature_bvh
14815000020920000000,362.6303031225587,waterbody:JYNZJ,waterbody,Lake,JYNZJ,2502763,,1,32714,9,26,EPSG:26918,feature_bvh
14815000030870000000,364.2572481041081,flowline:DD867,flowline,Channel Line,DD867,22550904,,1,32686,7,26,EPSG:26918,feature_bvh
14815000030850000000,349.83531183014628,flowline:DD867,flowline,Channel Line,DD867,22550904,,1,32702,8,26,EPSG:26918,feature_bvh
14815000030820000000,345.28403608635875,flowline:DD867,flowline,Channel Line,DD867,22550904,,1,32702,8,26,EPSG:26918,feature_bvh
14815000030830000000,346.53486935480839,flowline:DD867,flowline,Channel Line,DD867,22550904,,1,32702,8,26,EPSG:26918,feature_bvh
14815000030840000000,347.89147993768898,flowline:DD867,flowline,Channel Line,DD867,22550904,,1,32702,8,26,EPSG:26918,feature_bvh
14815000030800000000,341.72478000755552,flowline:DD867,flowline,Channel Line,DD867,22550904,,1,32702,8,25,EPSG:26918,feature_bvh
14815000030810000000,343.48353100290797,flowline:DD867,flowline,Channel Line,DD867,22550904,,1,32702,8,26,EPSG:26918,feature_bvh
14815000030790000000,338.88597584273231,flowline:DD867,flowline,Channel Line,DD867,22550904,,1,32702,8,25,EPSG:26918,feature_bvh
14815000020880000000,348.59991678758263,waterbody:JYNZJ,waterbody,Lake,JYNZJ,2502763,,1,32714,9,26,EPSG:26918,feature_bvh
14815000020890000000,351.43848956725424,waterbody:JYNZJ,waterbody,Lake,JYNZJ,2502763,,1,32714,9,26,EPSG:26918,feature_bvh
14815000020910000000,358.3845064377922,waterbody:JYNZJ,waterbody,Lake,JYNZJ,2502763,,1,32714,9,26,EPSG:26918,feature_bvh
14815000020900000000,354.72787602684389,waterbody:JYNZJ,waterbody,Lake,JYNZJ,2502763,,1,32714,9,26,EPSG:26918,feature_bvh
14815000020710000000,317.19579212041515,waterbody:JYNZJ,waterbody,Lake,JYNZJ,2502763,,1,32714,9,26,EPSG:26918,feature_bvh
14815000020700000000,321.5172824450346,waterbody:JYNZJ,waterbody,Lake,JYNZJ,2502763,,1,32714,9,26,EPSG:26918,feature_bvh
14815000020730000000,309.76416858830243,waterbody:JYNZJ,waterbody,Lake,JYNZJ,2502763,,1,32714,9,26,EPSG:26918,feature_bvh
14815000020720000000,313.14537195231611,waterbody:JYNZJ,waterbody,Lake,JYNZJ,2502763,,1,32714,9,26,EPSG:26918,feature_bvh
14815000020740000000,306.88498112675103,waterbody:JYNZJ,waterbody,Lake,JYNZJ,2502763,,1,32714,9,26,EPSG:26918,feature_bvh
14815000020760000000,302.93971413768429,waterbody:JYNZJ,waterbody,Lake,JYNZJ,2502763,,1,32714,9,26,EPSG:26918,feature_bvh
14815000020750000000,304.50266733876668,waterbody:JYNZJ,waterbody,Lake,JYNZJ,2502763,,1,32714,9,26,EPSG:26918,feature_bvh
14815000020870000000,346.56218681381381,waterbody:JYNZJ,waterbody,Lake,JYNZJ,2502763,,1,32714,9,26,EPSG:26918,feature_bvh
14815000020860000000,344.8508900609072,waterbody:JYNZJ,waterbody,Lake,JYNZJ,2502763,,1,32714,9,29,EPSG:26918,feature_bvh
14815000020850000000,343.64503991642567,waterbody:JYNZJ,waterbody,Lake,JYNZJ,2502763,,1,32714,9,29,EPSG:26918,feature_bvh
14815000020840000000,342.95669309132796,waterbody:JYNZJ,waterbody,Lake,JYNZJ,2502763,,1,32714,9,29,EPSG:26918,feature_bvh
14815000020770000000,301.79832424396506,waterbody:JYNZJ,waterbody,Lake,JYNZJ,2502763,,1,32714,9,26,EPSG:26918,feature_bvh
14815000020790000000,301.05296675231807,waterbody:JYNZJ,waterbody,Lake,JYNZJ,2502763,,1,32645,8,26,EPSG:26918,feature_bvh
14815000020780000000,301.17812738462351,waterbody:JYNZJ,waterbody,Lake,JYNZJ,2502763,,1,32645,8,23,EPSG:26918,feature_bvh
14815000020820000000,332.97637638170437,waterbody:JYNZJ,waterbody,Lake,JYNZJ,2502763,,1,32714,9,29,EPSG:26918,feature_bvh
14815000020830000000,353.18132384823474,waterbody:JYNZJ,waterbody,Lake,JYNZJ,2502763,,1,32714,9,29,EPSG:26918,feature_bvh
14815000020810000000,312.48079358353164,waterbody:JYNZJ,waterbody,Lake,JYNZJ,2502763,,1,32645,8,26,EPSG:26918,feature_bvh
14815000030320000000,310.09252379635296,flowline:DD867,flowline,Channel Line,DD867,22550904,,1,32590,6,25,EPSG:26918,feature_bvh
14815000030750000000,336.73499897912239,flowline:DD867,flowline,Channel Line,DD867,22550904,,1,32702,8,29,EPSG:26918,feature_bvh
14815000030330000000,311.00217897587351,flowline:DD867,flowline,Channel Line,DD867,22550904,,1,32590,6,25,EPSG:26918,feature_bvh
14815000030340000000,307.5180285619137,flowline:DD867,flowline,Channel Line,DD867,22550904,,1,32590,6,25,EPSG:26918,feature_bvh
14815000030350000000,296.63734270890484,flowline:DD867,flowline,Channel Line,DD867,22550904,,1,32590,6,25,EPSG:26918,feature_bvh
14815000030360000000,285.6198321497676,flowline:DD867,flowline,Channel Line,DD867,22550904,,1,32590,6,25,EPSG:26918,feature_bvh
14815000030370000000,275.18437273835883,flowline:DD867,flowline,Channel Line,DD867,22550904,,1,32590,6,25,EPSG:26918,feature_bvh
14815000030740000000,319.29313165276005,flowline:DD867,flowline,Channel Line,DD867,22550904,,1,32702,8,28,EPSG:26918,feature_bvh
14815000030760000000,332.93787255351941,flowline:DD867,flowline,Channel Line,DD867,22550904,,1,32702,8,25,EPSG:26918,feature_bvh
14815000030770000000,334.43033460466683,flowline:DD867,flowline,Channel Line,DD867,22550904,,1,32702,8,25,EPSG:26918,feature_bvh
14815000030780000000,336.28075632148489,flowline:DD867,flowline,Channel Line,DD867,22550904,,1,32702,8,25,EPSG:26918,feature_bvh
14815000030720000000,280.46293364095044,flowline:DD867,flowline,Channel Line,DD867,22550904,,1,32702,8,25,EPSG:26918,feature_bvh
14815000030730000000,300.64457309630859,flowline:DD867,flowline,Channel Line,DD867,22550904,,1,32702,8,25,EPSG:26918,feature_bvh
14815000030710000000,293.6940890604086,flowline:DD867,flowline,Channel Line,DD867,22550904,,1,32702,8,25,EPSG:26918,feature_bvh
14815000030700000000,296.1428107828371,flowline:DD867,flowline,Channel Line,DD867,22550904,,1,32702,8,25,EPSG:26918,feature_bvh
14815000030690000000,299.09328642595642,flowline:DD867,flowline,Channel Line,DD867,22550904,,1,32702,8,25,EPSG:26918,feature_bvh
14815000030680000000,300.93775557651549,flowline:DD867,flowline,Channel Line,DD867,22550904,,1,32702,8,25,EPSG:26918,feature_bvh
14815000030670000000,302.61712503399383,flowline:DD867,flowline,Channel Line,DD867,22550904,,1,32702,8,25,EPSG:26918,feature_bvh
14815000030450000000,238.52093710828439,flowline:DD867,flowline,Channel Line,DD867,22550904,,1,32590,6,22,EPSG:26918,feature_bvh
14815000030440000000,236.08217853760226,flowline:DD867,flowline,Channel Line,DD867,22550904,,1,32590,6,22,EPSG:26918,feature_bvh
14815000030430000000,234.69681985438521,flowline:DD867,flowline,Channel Line,DD867,22550904,,1,32590,6,22,EPSG:26918,feature_bvh
14815000030420000000,234.20467679732479,flowline:DD867,flowline,Channel Line,DD867,22550904,,1,32590,6,22,EPSG:26918,feature_bvh
14815000030400000000,226.95165341914586,flowline:DD867,flowline,Channel Line,DD867,22550904,,1,32590,6,22,EPSG:26918,feature_bvh
14815000030410000000,232.22638796172467,flowline:DD867,flowline,Channel Line,DD867,22550904,,1,32590,6,22,EPSG:26918,feature_bvh
14815000030380000000,265.03643163728657,flowline:DD867,flowline,Channel Line,DD867,22550904,,1,32590,6,22,EPSG:26918,feature_bvh
14815000030310000000,310.5848913376588,flowline:DD867,flowline,Channel Line,DD867,22550904,,1,32590,6,25,EPSG:26918,feature_bvh
14815000030300000000,310.90290305043573,flowline:DD867,flowline,Channel Line,DD867,22550904,,1,32590,6,26,EPSG:26918,feature_bvh
14815000030290000000,311.83047544634542,flowline:DD867,flowline,Channel Line,DD867,22550904,,1,32590,6,26,EPSG:26918,feature_bvh
14815000030280000000,312.99796821386144,flowline:DD867,flowline,Channel Line,DD867,22550904,,1,32590,6,26,EPSG:26918,feature_bvh
14815000030260000000,317.20226634291589,flowline:DD867,flowline,Channel Line,DD867,22550904,,1,32602,7,26,EPSG:26918,feature_bvh
14815000030270000000,314.95867234904432,flowline:DD867,flowline,Channel Line,DD867,22550904,,1,32590,6,26,EPSG:26918,feature_bvh
14815000030210000000,272.17156442849597,waterbody:JYNZJ,waterbody,Lake,JYNZJ,2502763,,1,32602,7,26,EPSG:26918,feature_bvh
14815000030220000000,281.41771363075225,waterbody:JYNZJ,waterbody,Lake,JYNZJ,2502763,,1,32602,7,26,EPSG:26918,feature_bvh
14815000030240000000,300.13620013634079,waterbody:JYNZJ,waterbody,Lake,JYNZJ,2502763,,1,32602,7,26,EPSG:26918,feature_bvh
14815000030230000000,290.62749455038477,waterbody:JYNZJ,waterbody,Lake,JYNZJ,2502763,,1,32602,7,26,EPSG:26918,feature_bvh
14815000030250000000,310.01128075135131,waterbody:JYNZJ,waterbody,Lake,JYNZJ,2502763,,1,32602,7,26,EPSG:26918,feature_bvh
14815000020540000000,241.13530006244943,waterbody:JYNZJ,waterbody,Lake,JYNZJ,2502763,,1,32645,8,26,EPSG:26918,feature_bvh
14815000020550000000,259.23907827183285,waterbody:JYNZJ,waterbody,Lake,JYNZJ,2502763,,1,32645,8,26,EPSG:26918,feature_bvh
14815000030200000000,263.27423456015583,waterbody:JYNZJ,waterbody,Lake,JYNZJ,2502763,,1,32602,7,26,EPSG:26918,feature_bvh
14815000030190000000,255.24668519280056,waterbody:JYNZJ,waterbody,Lake,JYNZJ,2502763,,1,32602,7,26,EPSG:26918,feature_bvh
14815000020530000000,223.81956887453836,waterbody:JYNZJ,waterbody,Lake,JYNZJ,2502763,,1,32645,8,23,EPSG:26918,feature_bvh
14815000020510000000,207.98677281211695,waterbody:JYNZJ,waterbody,Lake,JYNZJ,2502763,,1,32645,8,23,EPSG:26918,feature_bvh
14815000020520000000,207.61195940765825,waterbody:JYNZJ,waterbody,Lake,JYNZJ,2502763,,1,32645,8,23,EPSG:26918,feature_bvh
14815000020290000000,157.66275693780685,waterbody:JYNZJ,waterbody,Lake,JYNZJ,2502763,,1,32645,8,23,EPSG:26918,feature_bvh
14815000020280000000,163.25032657540322,waterbody:JYNZJ,waterbody,Lake,JYNZJ,2502763,,1,32645,8,23,EPSG:26918,feature_bvh
14815000030170000000,240.32733867628605,waterbody:JYNZJ,waterbody,Lake,JYNZJ,2502763,,1,32602,7,26,EPSG:26918,feature_bvh
14815000030180000000,247.38358189891062,waterbody:JYNZJ,waterbody,Lake,JYNZJ,2502763,,1,32602,7,26,EPSG:26918,feature_bvh
14815000030160000000,233.41329814957064,waterbody:JYNZJ,waterbody,Lake,JYNZJ,2502763,,1,32602,7,26,EPSG:26918,feature_bvh
14815000030150000000,226.19891414799238,waterbody:JYNZJ,waterbody,Lake,JYNZJ,2502763,,1,32602,7,26,EPSG:26918,feature_bvh
14815000030140000000,219.88154612096326,waterbody:JYNZJ,waterbody,Lake,JYNZJ,2502763,,1,32602,7,26,EPSG:26918,feature_bvh
14815000030130000000,214.19814414065959,waterbody:JYNZJ,waterbody,Lake,JYNZJ,2502763,,1,32602,7,26,EPSG:26918,feature_bvh
14815000030100000000,201.55005752192366,waterbody:JYNZJ,waterbody,Lake,JYNZJ,2502763,,1,32602,7,26,EPSG:26918,feature_bvh
14815000030110000000,204.84297212256197,waterbody:JYNZJ,waterbody,Lake,JYNZJ,2502763,,1,32602,7,26,EPSG:26918,feature_bvh
14815000030120000000,209.02423367608893,waterbody:JYNZJ,waterbody,Lake,JYNZJ,2502763,,1,32602,7,26,EPSG:26918,feature_bvh
14815000030090000000,199.02274948515986,waterbody:JYNZJ,waterbody,Lake,JYNZJ,2502763,,1,32602,7,26,EPSG:26918,feature_bvh
14815000020240000000,150.82950656793568,waterbody:JYNZJ,waterbody,Lake,JYNZJ,2502763,,1,32645,8,23,EPSG:26918,feature_bvh
14815000020270000000,183.20506487548235,waterbody:JYNZJ,waterbody,Lake,JYNZJ,2502763,,1,32645,8,23,EPSG:26918,feature_bvh
14815000020260000000,171.17559418131782,waterbody:JYNZJ,waterbody,Lake,JYNZJ,2502763,,1,32645,8,23,EPSG:26918,feature_bvh
14815000020250000000,159.90063548811818,waterbody:JYNZJ,waterbody,Lake,JYNZJ,2502763,,1,32645,8,23,EPSG:26918,feature_bvh
14815000020230000000,138.01295260202772,waterbody:JYNZJ,waterbody,Lake,JYNZJ,2502763,,1,32645,8,23,EPSG:26918,feature_bvh
14815000020220000000,130.41250306338057,waterbody:JYNZJ,waterbody,Lake,JYNZJ,2502763,,1,32645,8,23,EPSG:26918,feature_bvh
14815000020210000000,122.97947788590089,waterbody:JYNZJ,waterbody,Lake,JYNZJ,2502763,,1,32645,8,23,EPSG:26918,feature_bvh
14815000020200000000,116.22386681744121,waterbody:JYNZJ,waterbody,Lake,JYNZJ,2502763,,1,32645,8,23,EPSG:26918,feature_bvh
14815000020052000000,70.186544466583484,waterbody:JYNZJ,waterbody,Lake,JYNZJ,2502763,,1,32645,8,23,EPSG:26918,feature_bvh
14815000020051000000,104.80027721333789,waterbody:JYNZJ,waterbody,Lake,JYNZJ,2502763,,1,32645,8,23,EPSG:26918,feature_bvh
14815000030010000000,198.78384797243237,waterbody:JYNZJ,waterbody,Lake,JYNZJ,2502763,,1,32602,7,26,EPSG:26918,feature_bvh
14815000030030000000,200.82360229376889,waterbody:JYNZJ,waterbody,Lake,JYNZJ,2502763,,1,32602,7,26,EPSG:26918,feature_bvh
14815000030040000000,198.88399565732132,waterbody:JYNZJ,waterbody,Lake,JYNZJ,2502763,,1,32602,7,26,EPSG:26918,feature_bvh
14815000030050000000,196.9709970539692,waterbody:JYNZJ,waterbody,Lake,JYNZJ,2502763,,1,32602,7,26,EPSG:26918,feature_bvh
14815000030080000000,197.03685088372006,waterbody:JYNZJ,waterbody,Lake,JYNZJ,2502763,,1,32602,7,26,EPSG:26918,feature_bvh
14815000030070000000,196.13253610952884,waterbody:JYNZJ,waterbody,Lake,JYNZJ,2502763,,1,32602,7,26,EPSG:26918,feature_bvh
14815000030060000000,196.63270943829602,waterbody:JYNZJ,waterbody,Lake,JYNZJ,2502763,,1,32602,7,26,EPSG:26918,feature_bvh
14815000030020000000,220.21815159805698,waterbody:JYNZJ,waterbody,Lake,JYNZJ,2502763,,1,32602,7,26,EPSG:26918,feature_bvh
14811000010100000000,329.40185049524513,flowline:DD867,flowline,Channel Line,DD867,22550904,,1,34540,7,31,EPSG:26918,feature_bvh
14811000010090000000,330.05917893937078,flowline:DD867,flowline,Channel Line,DD867,22550904,,1,34540,7,31,EPSG:26918,feature_bvh
14816000010010000000,216.03715700042994,waterbody:JX696,waterbody,Lake,JX696,2441794,,1,34813,11,31,EPSG:26918,feature_bvh
14812000030820000000,304.66368294524227,waterbody:JX696,waterbody,Lake,JX696,2441794,,1,34952,12,31,EPSG:26918,feature_bvh
14816000010020000000,54.645246694739505,waterbody:JX696,waterbody,Lake,JX696,2441794,,1,32610,7,25,EPSG:26918,feature_bvh
14815000030391000000,130.14526355386673,flowline:DD867,flowline,Channel Line,DD867,22550904,,1,32590,6,25,EPSG:26918,feature_bvh
14819000010231000000,19.577986617923383,waterbody:KEIOH,waterbody,Lake,KEIOH,3145011,,1,32610,7,19,EPSG:26918,feature_bvh
14819000010150000000,21.131924343403323,flowline:DD867,flowline,Channel Line,DD867,22550904,,1,32590,6,19,EPSG:26918,feature_bvh
14819000010160000000,66.366857674792897,flowline:DD867,flowline,Channel Line,DD867,22550904,,1,32590,6,19,EPSG:26918,feature_bvh
14819000010270000000,57.937115455938773,waterbody:MAALD,waterbody,Lake,MAALD,5889983,,1,32590,6,22,EPSG:26918,feature_bvh
14819000010280000000,43.491929507452824,waterbody:MAALD,waterbody,Lake,MAALD,5889983,,1,32590,6,22,EPSG:26918,feature_bvh
14819000010300000000,54.779288461679251,waterbody:MAALD,waterbody,Lake,MAALD,5889983,,1,32590,6,23,EPSG:26918,feature_bvh
14819000010290000000,41.759336929136524,waterbody:MAALD,waterbody,Lake,MAALD,5889983,,1,32590,6,23,EPSG:26918,feature_bvh
14819000010561000000,165.30882078196413,waterbody:MAALD,waterbody,Lake,MAALD,5889983,,1,32590,6,24,EPSG:26918,feature_bvh
14819000010260000000,78.198408960750172,waterbody:MAALD,waterbody,Lake,MAALD,5889983,,1,32590,6,23,EPSG:26918,feature_bvh
14819000010250000000,86.288761600926989,flowline:DD867,flowline,Channel Line,DD867,22550904,,1,32590,6,23,EPSG:26918,feature_bvh
14819000010240000000,69.721958660879778,flowline:DD867,flowline,Channel Line,DD867,22550904,,1,32590,6,23,EPSG:26918,feature_bvh
14815000030880000000,134.24693648716632,flowline:DD867,flowline,Channel Line,DD867,22550904,,1,32590,6,23,EPSG:26918,feature_bvh
14819000010640000000,133.27406938561583,flowline:DD867,flowline,Channel Line,DD867,22550904,,1,32590,6,23,EPSG:26918,feature_bvh
14819000010630000000,185.20795634588632,flowline:DD867,flowline,Channel Line,DD867,22550904,,1,34540,7,29,EPSG:26918,feature_bvh
14819000010620000000,213.38823659461679,flowline:DD867,flowline,Channel Line,DD867,22550904,,1,34540,7,29,EPSG:26918,feature_bvh
14820000020051000000,272.30971710300133,waterbody:LLUR4,waterbody,Lake,LLUR4,4900233,,1,34823,12,28,EPSG:26918,feature_bvh
14820000020011000000,234.21325719095043,waterbody:LLUR4,waterbody,Lake,LLUR4,4900233,,1,34569,9,29,EPSG:26918,feature_bvh
14819000010610000000,238.76659256423164,waterbody:LLUR4,waterbody,Lake,LLUR4,4900233,,1,34555,8,29,EPSG:26918,feature_bvh
14819000010600000000,240.04191908697189,flowline:DD867,flowline,Channel Line,DD867,22550904,,1,34540,7,29,EPSG:26918,feature_bvh
14820000020130000000,270.86753795332839,flowline:DD867,flowline,Channel Line,DD867,22550904,,1,34540,7,29,EPSG:26918,feature_bvh
14820000020150000000,305.66181186027575,flowline:DD867,flowline,Channel Line,DD867,22550904,,1,34540,7,29,EPSG:26918,feature_bvh
14820000020120000000,297.43405963036423,flowline:DD867,flowline,Channel Line,DD867,22550904,,1,34540,7,29,EPSG:26918,feature_bvh
14820000020111000000,298.27652007198617,waterbody:LLUR4,waterbody,Lake,LLUR4,4900233,,1,34789,10,29,EPSG:26918,feature_bvh
14820000020170000000,345.99254063884513,waterbody:LLUR4,waterbody,Lake,LLUR4,4900233,,1,34789,10,29,EPSG:26918,feature_bvh
14820000020160000000,330.28210952364225,flowline:DD867,flowline,Channel Line,DD867,22550904,,1,34540,7,29,EPSG:26918,feature_bvh
14820000020250000000,379.41823781338786,waterbody:MAALD,waterbody,Lake,MAALD,5889983,,1,34774,9,29,EPSG:26918,feature_bvh
14820000020260000000,349.55596721776499,waterbody:MAALD,waterbody,Lake,MAALD,5889983,,1,34540,7,29,EPSG:26918,feature_bvh
14820000020270000000,319.81080572513571,waterbody:MAALD,waterbody,Lake,MAALD,5889983,,1,34540,7,29,EPSG:26918,feature_bvh
14820000020280000000,290.21862794993649,waterbody:MAALD,waterbody,Lake,MAALD,5889983,,1,34540,7,29,EPSG:26918,feature_bvh
14820000020290000000,260.83171460352617,waterbody:MAALD,waterbody,Lake,MAALD,5889983,,1,34558,8,29,EPSG:26918,feature_bvh
14820000020140000000,277.84299591697555,waterbody:MAALD,waterbody,Lake,MAALD,5889983,,1,34540,7,29,EPSG:26918,feature_bvh
14819000010551000000,140.80452963491777,waterbody:MAALD,waterbody,Lake,MAALD,5889983,,1,32590,6,23,EPSG:26918,feature_bvh
14819000010542000000,122.74791779155511,waterbody:MAALD,waterbody,Lake,MAALD,5889983,,1,32608,7,23,EPSG:26918,feature_bvh
14819000010510000000,182.0354162202469,waterbody:MAALD,waterbody,Lake,MAALD,5889983,,1,32608,7,23,EPSG:26918,feature_bvh
14819000010520000000,206.64562982053255,waterbody:MAALD,waterbody,Lake,MAALD,5889983,,1,32608,7,23,EPSG:26918,feature_bvh
14819000010530000000,232.31722585865808,waterbody:MAALD,waterbody,Lake,MAALD,5889983,,1,34558,8,28,EPSG:26918,feature_bvh
14820000020300000000,259.03471125656819,waterbody:MAALD,waterbody,Lake,MAALD,5889983,,1,34558,8,29,EPSG:26918,feature_bvh
14820000020440000000,270.69488781398269,waterbody:MAALD,waterbody,Lake,MAALD,5889983,,1,34558,8,28,EPSG:26918,feature_bvh
14819000010390000000,248.2346604688143,waterbody:MAALD,waterbody,Lake,MAALD,5889983,,1,34558,8,28,EPSG:26918,feature_bvh
14820000020460000000,309.79195625370056,waterbody:MAALD,waterbody,Lake,MAALD,5889983,,1,34558,8,28,EPSG:26918,feature_bvh
14820000020410000000,345.10247023739265,waterbody:MAALD,waterbody,Lake,MAALD,5889983,,1,34540,7,29,EPSG:26918,feature_bvh
14820000020420000000,319.47890419798472,waterbody:MAALD,waterbody,Lake,MAALD,5889983,,1,34540,7,29,EPSG:26918,feature_bvh
14820000020430000000,294.60089146157952,waterbody:MAALD,waterbody,Lake,MAALD,5889983,,1,34558,8,28,EPSG:26918,feature_bvh
14820000020310000000,286.50571567289728,waterbody:MAALD,waterbody,Lake,MAALD,5889983,,1,34540,7,29,EPSG:26918,feature_bvh
14820000020320000000,314.53276854928777,waterbody:MAALD,waterbody,Lake,MAALD,5889983,,1,34540,7,29,EPSG:26918,feature_bvh
14820000020330000000,342.97960482805621,waterbody:MAALD,waterbody,Lake,MAALD,5889983,,1,34540,7,29,EPSG:26918,feature_bvh
14820000020340000000,371.74986475886732,waterbody:MAALD,waterbody,Lake,MAALD,5889983,,1,34774,9,29,EPSG:26918,feature_bvh
14820000020350000000,400.77396816396094,waterbody:MAALD,waterbody,Lake,MAALD,5889983,,1,34774,9,29,EPSG:26918,feature_bvh
14820000020400000000,371.46111868311289,waterbody:MAALD,waterbody,Lake,MAALD,5889983,,1,34540,7,29,EPSG:26918,feature_bvh
14820000020481110000,389.7794221687264,waterbody:MAALD,waterbody,Lake,MAALD,5889983,,1,34774,9,29,EPSG:26918,feature_bvh
14820000020501110000,452.72867752811419,waterbody:MAALD,waterbody,Lake,MAALD,5889983,,1,34774,9,29,EPSG:26918,feature_bvh
14820000020470000000,343.21684913668872,waterbody:MAALD,waterbody,Lake,MAALD,5889983,,1,34774,9,28,EPSG:26918,feature_bvh
14820000020391000000,439.68926104480573,waterbody:MAALD,waterbody,Lake,MAALD,5889983,,1,34774,9,29,EPSG:26918,feature_bvh
14820000020361000000,434.05330015080887,waterbody:MAALD,waterbody,Lake,MAALD,5889983,,1,34789,10,29,EPSG:26918,feature_bvh
14820000020380000000,472.26083586998089,waterbody:MAALD,waterbody,Lake,MAALD,5889983,,1,34789,10,29,EPSG:26918,feature_bvh
14820000020530000000,420.06836058666892,waterbody:K32TN,waterbody,Lake,K32TN,2681035,,1,34758,8,29,EPSG:26918,feature_bvh
14820000020520000000,417.08173412774715,waterbody:K32TN,waterbody,Lake,K32TN,2681035,,1,34758,8,29,EPSG:26918,feature_bvh
14820000020660000000,331.98414491009186,waterbody:K32TN,waterbody,Lake,K32TN,2681035,,1,34530,7,27,EPSG:26918,feature_bvh
14820000020790000000,345.69942695210131,waterbody:K32TN,waterbody,Lake,K32TN,2681035,,1,34758,8,29,EPSG:26918,feature_bvh
14820000020670000000,324.64560436989836,waterbody:K32TN,waterbody,Lake,K32TN,2681035,,1,34530,7,27,EPSG:26918,feature_bvh
14820000020651200000,352.75906943519988,waterbody:K32TN,waterbody,Lake,K32TN,2681035,,1,34758,8,28,EPSG:26918,feature_bvh
14820000020510000000,375.41897713506654,waterbody:K32TN,waterbody,Lake,K32TN,2681035,,1,34758,8,29,EPSG:26918,feature_bvh
14820000020781000000,483.73371888416068,waterbody:LLUR4,waterbody,Lake,LLUR4,4900233,,1,34773,9,31,EPSG:26918,feature_bvh
14820000020580000000,421.93677735065103,waterbody:LLUR4,waterbody,Lake,LLUR4,4900233,,1,34787,10,31,EPSG:26918,feature_bvh
14820000020570000000,425.78654931889872,waterbody:LLUR4,waterbody,Lake,LLUR4,4900233,,1,34787,10,29,EPSG:26918,feature_bvh
14820000020060000000,329.62542997800881,waterbody:LLUR4,waterbody,Lake,LLUR4,4900233,,1,34803,11,29,EPSG:26918,feature_bvh
14820000020201000000,362.02554713154518,waterbody:LLUR4,waterbody,Lake,LLUR4,4900233,,1,34803,11,29,EPSG:26918,feature_bvh
14820000020550000000,461.65038393737922,waterbody:K32TN,waterbody,Lake,K32TN,2681035,,1,34758,8,29,EPSG:26918,feature_bvh
14820000020561000000,448.11377644099002,waterbody:K32TN,waterbody,Lake,K32TN,2681035,,1,34758,8,29,EPSG:26918,feature_bvh
14820000020370000000,453.81692347789567,waterbody:LLUR4,waterbody,Lake,LLUR4,4900233,,1,34789,10,29,EPSG:26918,feature_bvh
14820000020220000000,425.78097625717663,waterbody:LLUR4,waterbody,Lake,LLUR4,4900233,,1,34789,10,29,EPSG:26918,feature_bvh
14820000020240000000,409.37210232430192,waterbody:MAALD,waterbody,Lake,MAALD,5889983,,1,34789,10,29,EPSG:26918,feature_bvh
14820000020211000000,382.45383413594624,waterbody:LLUR4,waterbody,Lake,LLUR4,4900233,,1,34803,11,29,EPSG:26918,feature_bvh
14820000020180000000,348.62211951803062,waterbody:LLUR4,waterbody,Lake,LLUR4,4900233,,1,34789,10,29,EPSG:26918,feature_bvh
14820000020090000000,304.89453677764209,waterbody:LLUR4,waterbody,Lake,LLUR4,4900233,,1,34803,11,29,EPSG:26918,feature_bvh
14820000020191000000,356.62594203935475,waterbody:LLUR4,waterbody,Lake,LLUR4,4900233,,1,34789,10,29,EPSG:26918,feature_bvh
14816000010221110000,72.107060504367922,waterbody:LLUR4,waterbody,Lake,LLUR4,4900233,,1,34842,13,30,EPSG:26918,feature_bvh
14816000010192200000,228.85642074556358,waterbody:LLUR4,waterbody,Lake,LLUR4,4900233,,1,34823,12,28,EPSG:26918,feature_bvh
14820000020021000000,216.2760694239004,waterbody:LLUR4,waterbody,Lake,LLUR4,4900233,,1,34823,12,28,EPSG:26918,feature_bvh
14816000010170000000,280.68561116514775,waterbody:LLUR4,waterbody,Lake,LLUR4,4900233,,1,34823,12,28,EPSG:26918,feature_bvh
14816000010181000000,271.69607379033272,waterbody:LLUR4,waterbody,Lake,LLUR4,4900233,,1,34823,12,30,EPSG:26918,feature_bvh
14816000010160000000,392.2211951245601,waterbody:LLUR4,waterbody,Lake,LLUR4,4900233,,1,34807,11,30,EPSG:26918,feature_bvh
14820000020641000000,389.98667692099701,waterbody:LLUR4,waterbody,Lake,LLUR4,4900233,,1,34807,11,30,EPSG:26918,feature_bvh
14820000020642000000,391.52664306696454,waterbody:LLUR4,waterbody,Lake,LLUR4,4900233,,1,34807,11,30,EPSG:26918,feature_bvh
14820000020591000000,402.73269184274056,waterbody:LLUR4,waterbody,Lake,LLUR4,4900233,,1,34807,11,31,EPSG:26918,feature_bvh
14820000020720000000,459.06099770774193,waterbody:K32TN,waterbody,Lake,K32TN,2681035,,1,34530,7,28,EPSG:26918,feature_bvh
14820000020651100000,487.15394999787623,waterbody:LLUR4,waterbody,Lake,LLUR4,4900233,,1,34773,9,31,EPSG:26918,feature_bvh
14816000010150000000,411.27666157869396,waterbody:LLUR4,waterbody,Lake,LLUR4,4900233,,1,34807,11,30,EPSG:26918,feature_bvh
14816000010231000000,574.04015886974048,waterbody:LLUR4,waterbody,Lake,LLUR4,4900233,,1,34807,11,31,EPSG:26918,feature_bvh
14816000010121000000,498.37467418444004,waterbody:LLUR4,waterbody,Lake,LLUR4,4900233,,1,34809,11,31,EPSG:26918,feature_bvh
14816000010130000000,393.61965026425889,waterbody:LLUR4,waterbody,Lake,LLUR4,4900233,,1,34809,11,30,EPSG:26918,feature_bvh
14816000010140000000,461.80079614834762,waterbody:LLUR4,waterbody,Lake,LLUR4,4900233,,1,34793,10,31,EPSG:26918,feature_bvh
14816000010210000000,271.93677950042013,waterbody:LLUR4,waterbody,Lake,LLUR4,4900233,,1,34823,12,30,EPSG:26918,feature_bvh
14816000010200000000,273.20700451773416,waterbody:LLUR4,waterbody,Lake,LLUR4,4900233,,1,34823,12,30,EPSG:26918,feature_bvh
14816000010191000000,224.23990002543167,waterbody:LLUR4,waterbody,Lake,LLUR4,4900233,,1,34823,12,30,EPSG:26918,feature_bvh
14816000010030000000,205.09053921009317,waterbody:JX696,waterbody,Lake,JX696,2441794,,1,34813,11,31,EPSG:26918,feature_bvh
14816000010051000000,289.45586544801586,waterbody:JX696,waterbody,Lake,JX696,2441794,,1,34953,12,31,EPSG:26918,feature_bvh
14816000010222000000,384.38719487012111,waterbody:LLUR4,waterbody,Lake,LLUR4,4900233,,1,34956,12,31,EPSG:26918,feature_bvh
14812000030831000000,346.54379485783534,waterbody:JX696,waterbody,Lake,JX696,2441794,,1,34952,12,31,EPSG:26918,feature_bvh
14816000010040000000,338.4919728280961,waterbody:JX696,waterbody,Lake,JX696,2441794,,1,34937,11,31,EPSG:26918,feature_bvh
14812000030850000000,419.73121089027734,waterbody:JX696,waterbody,Lake,JX696,2441794,,1,34952,12,31,EPSG:26918,feature_bvh
14812000030841000000,376.191104467081,waterbody:JX696,waterbody,Lake,JX696,2441794,,1,34952,12,31,EPSG:26918,feature_bvh
14812000030860000000,452.20970168993216,waterbody:JX696,waterbody,Lake,JX696,2441794,,1,34952,12,31,EPSG:26918,feature_bvh
14816000010052000000,384.57773202934789,waterbody:JX696,waterbody,Lake,JX696,2441794,,1,34953,12,31,EPSG:26918,feature_bvh
14816000010053000000,456.90013206323545,waterbody:JX696,waterbody,Lake,JX696,2441794,,1,34953,12,31,EPSG:26918,feature_bvh
14816000010072000000,604.44148737656189,waterbody:JX696,waterbody,Lake,JX696,2441794,,1,34959,11,31,EPSG:26918,feature_bvh
14812000030870000000,534.35222798117468,waterbody:JX696,waterbody,Lake,JX696,2441794,,1,34912,10,31,EPSG:26918,feature_bvh
14812000030880000000,634.6986174520498,waterbody:JX696,waterbody,Lake,JX696,2441794,,1,34912,10,31,EPSG:26918,feature_bvh
14816000010054000000,577.63483388536963,waterbody:JX696,waterbody,Lake,JX696,2441794,,1,34912,10,31,EPSG:26918,feature_bvh
14812000020621200000,735.38794430206678,waterbody:JX696,waterbody,Lake,JX696,2441794,,1,34923,10,31,EPSG:26918,feature_bvh
14816000010071000000,659.44560410546489,waterbody:JX696,waterbody,Lake,JX696,2441794,,1,34943,10,31,EPSG:26918,feature_bvh
14816000010081000000,562.50404304646008,waterbody:LLUR4,waterbody,Lake,LLUR4,4900233,,1,34931,11,31,EPSG:26918,feature_bvh
14816000010100000000,529.85613360325806,waterbody:LLUR4,waterbody,Lake,LLUR4,4900233,,1,34809,11,31,EPSG:26918,feature_bvh
14816000010250000000,667.6927517077014,waterbody:LLUR4,waterbody,Lake,LLUR4,4900233,,1,34793,10,31,EPSG:26918,feature_bvh
14816000010090000000,702.78646529873197,waterbody:LLUR4,waterbody,Lake,LLUR4,4900233,,1,34811,10,31,EPSG:26918,feature_bvh
14913000010011000000,719.08146095302402,flowline:8D8VJ,flowline,Channel Line,8D8VJ,14125045,,1,34516,6,28,EPSG:26918,feature_bvh
14909000010031000000,664.56352187693847,flowline:8D8VJ,flowline,Channel Line,8D8VJ,14125045,,1,34626,7,28,EPSG:26918,feature_bvh
14909000010070000000,382.16486414147118,flowline:8D8VJ,flowline,Channel Line,8D8VJ,14125045,,1,34482,7,28,EPSG:26918,feature_bvh
14909000010060000000,363.95819803774612,flowline:8D8VJ,flowline,Channel Line,8D8VJ,14125045,,1,34626,7,28,EPSG:26918,feature_bvh
14909000010051020000,313.79274792249993,flowline:8D8VJ,flowline,Channel Line,8D8VJ,14125045,,1,34626,7,28,EPSG:26918,feature_bvh
14909000010052300000,356.93042902551394,flowline:8D8VJ,flowline,Channel Line,8D8VJ,14125045,,1,34626,7,28,EPSG:26918,feature_bvh
14909000010052400000,359.01646995091141,flowline:8D8VJ,flowline,Channel Line,8D8VJ,14125045,,1,34626,7,28,EPSG:26918,feature_bvh
14909000010052200000,356.12576583910794,flowline:8D8VJ,flowline,Channel Line,8D8VJ,14125045,,1,34626,7,28,EPSG:26918,feature_bvh
14909000010052100000,349.68303527344062,flowline:8D8VJ,flowline,Channel Line,8D8VJ,14125045,,1,34626,7,28,EPSG:26918,feature_bvh
14909000010054000000,402.35197819802733,flowline:8D8VJ,flowline,Channel Line,8D8VJ,14125045,,1,34626,7,28,EPSG:26918,feature_bvh
14909000010053310000,395.2121723606694,flowline:8D8VJ,flowline,Channel Line,8D8VJ,14125045,,1,34626,7,28,EPSG:26918,feature_bvh
14909000010053210000,403.21622764141256,flowline:8D8VJ,flowline,Channel Line,8D8VJ,14125045,,1,34626,7,28,EPSG:26918,feature_bvh
14909000010053110000,409.61832511005173,flowline:8D8VJ,flowline,Channel Line,8D8VJ,14125045,,1,34626,7,28,EPSG:26918,feature_bvh
14909000010055210000,401.54373739100964,flowline:8D8VJ,flowline,Channel Line,8D8VJ,14125045,,1,34626,7,28,EPSG:26918,feature_bvh
14909000010055310000,405.40474754129224,flowline:8D8VJ,flowline,Channel Line,8D8VJ,14125045,,1,34626,7,28,EPSG:26918,feature_bvh
14909000010056000000,383.2156566423069,flowline:8D8VJ,flowline,Channel Line,8D8VJ,14125045,,1,34626,7,28,EPSG:26918,feature_bvh
14909000010055510000,419.23114808323686,flowline:8D8VJ,flowline,Channel Line,8D8VJ,14125045,,1,34626,7,28,EPSG:26918,feature_bvh
14913000010020000000,807.39577379829973,flowline:8D8VJ,flowline,Channel Line,8D8VJ,14125045,,1,34516,6,28,EPSG:26918,feature_bvh
14909000010040000000,487.62440430591528,flowline:8D8VJ,flowline,Channel Line,8D8VJ,14125045,,1,34626,7,28,EPSG:26918,feature_bvh
14913000010030000000,601.11242309492354,flowline:8D8VJ,flowline,Channel Line,8D8VJ,14125045,,1,34516,6,28,EPSG:26918,feature_bvh
14913000010182220000,537.52237544879949,flowline:5EC2Z,flowline,Channel Line,5EC2Z,9119170,,1,34473,5,28,EPSG:26918,feature_bvh
14913000010090000000,346.86982590130697,flowline:5EC2Z,flowline,Channel Line,5EC2Z,9119170,,1,34473,5,27,EPSG:26918,feature_bvh
14913000010182110000,489.19575281433544,flowline:5EC2Z,flowline,Channel Line,5EC2Z,9119170,,1,34473,5,27,EPSG:26918,feature_bvh
14913000010201200000,570.16347845979215,flowline:5EC2Z,flowline,Channel Line,5EC2Z,9119170,,1,34473,5,28,EPSG:26918,feature_bvh
14913000010202000000,606.78436984911093,flowline:5EC2Z,flowline,Channel Line,5EC2Z,9119170,,1,34473,5,28,EPSG:26918,feature_bvh
14913000010210000000,647.51493319555198,flowline:5EC2Z,flowline,Channel Line,5EC2Z,9119170,,1,34473,5,28,EPSG:26918,feature_bvh
14913000010242060000,697.16894927628323,flowline:5EC2Z,flowline,Channel Line,5EC2Z,9119170,,1,34473,5,28,EPSG:26918,feature_bvh
14913000010242050000,747.53483866279328,flowline:5EC2Z,flowline,Channel Line,5EC2Z,9119170,,1,34473,5,28,EPSG:26918,feature_bvh
14816000010270000000,742.43820472578648,waterbody:K32TN,waterbody,Lake,K32TN,2681035,,1,34505,6,28,EPSG:26918,feature_bvh
14913000010242040000,785.73417139464368,flowline:5EC2Z,flowline,Channel Line,5EC2Z,9119170,,1,34473,5,28,EPSG:26918,feature_bvh
14913000010242030000,824.8671113424665,flowline:5EC2Z,flowline,Channel Line,5EC2Z,9119170,,1,34473,5,28,EPSG:26918,feature_bvh
14913000010242020000,824.02934809407441,waterbody:LLUR4,waterbody,Lake,LLUR4,4900233,,1,34520,7,31,EPSG:26918,feature_bvh
14816000010260000000,726.19194853589943,waterbody:LLUR4,waterbody,Lake,LLUR4,4900233,,1,34768,9,31,EPSG:26918,feature_bvh
14913000010230000000,751.60775592695586,flowline:5EC2Z,flowline,Channel Line,5EC2Z,9119170,,1,34473,5,28,EPSG:26918,feature_bvh
14913000010220000000,737.92004337082415,flowline:5EC2Z,flowline,Channel Line,5EC2Z,9119170,,1,34473,5,28,EPSG:26918,feature_bvh
14917000020010000000,749.57972579470288,waterbody:K32TN,waterbody,Lake,K32TN,2681035,,1,34505,6,28,EPSG:26918,feature_bvh
14917000020020000000,702.28029104723828,waterbody:K32TN,waterbody,Lake,K32TN,2681035,,1,34505,6,27,EPSG:26918,feature_bvh
14917000020030000000,624.31508120550393,waterbody:K32TN,waterbody,Lake,K32TN,2681035,,1,34505,6,27,EPSG:26918,feature_bvh
14917000020053000000,634.26159275000396,waterbody:K32TN,waterbody,Lake,K32TN,2681035,,1,34505,6,27,EPSG:26918,feature_bvh
14917000020060000000,647.88824071217277,flowline:5EC2Z,flowline,Channel Line,5EC2Z,9119170,,1,34473,5,27,EPSG:26918,feature_bvh
14917000020071100000,629.88965481648154,flowline:5EC2Z,flowline,Channel Line,5EC2Z,9119170,,1,34473,5,27,EPSG:26918,feature_bvh
14917000020071200000,551.15872090953587,flowline:5EC2Z,flowline,Channel Line,5EC2Z,9119170,,1,34473,5,27,EPSG:26918,feature_bvh
14917000020232010000,521.70379130294111,flowline:5EC2Z,flowline,Channel Line,5EC2Z,9119170,,1,34473,5,25,EPSG:26918,feature_bvh
14917000020100000000,450.2462856910027,flowline:5EC2Z,flowline,Channel Line,5EC2Z,9119170,,1,34473,5,27,EPSG:26918,feature_bvh
14917000020051100000,626.38419574691568,flowline:5EC2Z,flowline,Channel Line,5EC2Z,9119170,,1,34473,5,27,EPSG:26918,feature_bvh
14917000020234000000,591.16897959758262,flowline:5EC2Z,flowline,Channel Line,5EC2Z,9119170,,1,34473,5,25,EPSG:26918,feature_bvh
14917000020231000000,413.61815442815396,flowline:5EC2Z,flowline,Channel Line,5EC2Z,9119170,,1,34473,5,25,EPSG:26918,feature_bvh
14917000020233000000,472.34307137701484,flowline:5EC2Z,flowline,Channel Line,5EC2Z,9119170,,1,34473,5,25,EPSG:26918,feature_bvh
14917000020040000000,502.46771526685859,waterbody:K32TN,waterbody,Lake,K32TN,2681035,,1,34530,7,25,EPSG:26918,feature_bvh
14820000020761120000,496.74534970957978,waterbody:K32TN,waterbody,Lake,K32TN,2681035,,1,34530,7,25,EPSG:26918,feature_bvh
14820000020730000000,613.17016440682687,waterbody:K32TN,waterbody,Lake,K32TN,2681035,,1,34530,7,30,EPSG:26918,feature_bvh
14820000020740000000,405.22100964783607,waterbody:K32TN,waterbody,Lake,K32TN,2681035,,1,34530,7,25,EPSG:26918,feature_bvh
14820000020710000000,380.1254336608938,waterbody:K32TN,waterbody,Lake,K32TN,2681035,,1,34530,7,25,EPSG:26918,feature_bvh
14820000020751100000,376.01570545534349,waterbody:K32TN,waterbody,Lake,K32TN,2681035,,1,34530,7,25,EPSG:26918,feature_bvh
14820000020700000000,304.03603711002091,waterbody:K32TN,waterbody,Lake,K32TN,2681035,,1,34530,7,24,EPSG:26918,feature_bvh
14820000020690000000,314.5257618911179,waterbody:K32TN,waterbody,Lake,K32TN,2681035,,1,34530,7,24,EPSG:26918,feature_bvh
14820000020680000000,318.7077008569338,waterbody:K32TN,waterbody,Lake,K32TN,2681035,,1,34530,7,27,EPSG:26918,feature_bvh
14918000020120000000,129.26962300525716,flowline:5EC2Z,flowline,Channel Line,5EC2Z,9119170,,1,34473,5,25,EPSG:26918,feature_bvh
14918000020070000000,245.20342454861785,flowline:5EC2Z,flowline,Channel Line,5EC2Z,9119170,,1,34473,5,25,EPSG:26918,feature_bvh
14918000020080000000,205.86367101831235,flowline:5EC2Z,flowline,Channel Line,5EC2Z,9119170,,1,34473,5,25,EPSG:26918,feature_bvh
14918000020111100000,159.10961979262146,flowline:5EC2Z,flowline,Channel Line,5EC2Z,9119170,,1,34473,5,25,EPSG:26918,feature_bvh
14918000020030000000,138.4775414065879,flowline:5EC2Z,flowline,Channel Line,5EC2Z,9119170,,1,34473,5,24,EPSG:26918,feature_bvh
14918000020051000000,231.95902206514666,flowline:5EC2Z,flowline,Channel Line,5EC2Z,9119170,,1,34473,5,25,EPSG:26918,feature_bvh
14918000020040000000,190.0423168632222,flowline:5EC2Z,flowline,Channel Line,5EC2Z,9119170,,1,34473,5,25,EPSG:26918,feature_bvh
14918000020050000000,260.1986033975283,flowline:5EC2Z,flowline,Channel Line,5EC2Z,9119170,,1,34473,5,25,EPSG:26918,feature_bvh
14918000020060000000,261.26243954948382,flowline:5EC2Z,flowline,Channel Line,5EC2Z,9119170,,1,34473,5,25,EPSG:26918,feature_bvh
14918000020020000000,161.98220666333515,flowline:5EC2Z,flowline,Channel Line,5EC2Z,9119170,,1,34473,5,24,EPSG:26918,feature_bvh
14917000020170000000,115.65230144440703,flowline:5EC2Z,flowline,Channel Line,5EC2Z,9119170,,1,34473,5,24,EPSG:26918,feature_bvh
14917000020180000000,167.52818140390596,flowline:5EC2Z,flowline,Channel Line,5EC2Z,9119170,,1,34473,5,24,EPSG:26918,feature_bvh
14917000020211000000,291.80041891493607,flowline:5EC2Z,flowline,Channel Line,5EC2Z,9119170,,1,34473,5,25,EPSG:26918,feature_bvh
14917000020201000000,226.76197459444887,flowline:5EC2Z,flowline,Channel Line,5EC2Z,9119170,,1,34473,5,24,EPSG:26918,feature_bvh
14917000020190000000,209.61307571553331,flowline:5EC2Z,flowline,Channel Line,5EC2Z,9119170,,1,34473,5,24,EPSG:26918,feature_bvh
14917000020161000000,107.46428774335902,flowline:5EC2Z,flowline,Channel Line,5EC2Z,9119170,,1,34473,5,25,EPSG:26918,feature_bvh
14917000020121100000,288.21048926114094,flowline:5EC2Z,flowline,Channel Line,5EC2Z,9119170,,1,34473,5,25,EPSG:26918,feature_bvh
14917000020221100000,348.47744168327557,flowline:5EC2Z,flowline,Channel Line,5EC2Z,9119170,,1,34473,5,25,EPSG:26918,feature_bvh
14917000020235000000,392.12885401416537,flowline:5EC2Z,flowline,Channel Line,5EC2Z,9119170,,1,34473,5,25,EPSG:26918,feature_bvh
14917000020110000000,354.87443661033274,flowline:5EC2Z,flowline,Channel Line,5EC2Z,9119170,,1,34473,5,25,EPSG:26918,feature_bvh
14913000010171000000,392.80300319913687,flowline:5EC2Z,flowline,Channel Line,5EC2Z,9119170,,1,34473,5,27,EPSG:26918,feature_bvh
14913000010160000000,354.58614697547233,flowline:5EC2Z,flowline,Channel Line,5EC2Z,9119170,,1,34473,5,27,EPSG:26918,feature_bvh
14913000010172000000,414.45756072627046,flowline:5EC2Z,flowline,Channel Line,5EC2Z,9119170,,1,34473,5,27,EPSG:26918,feature_bvh
14913000010150000000,305.25137435729084,flowline:5EC2Z,flowline,Channel Line,5EC2Z,9119170,,1,34473,5,27,EPSG:26918,feature_bvh
14913000010140000000,226.72641747328348,flowline:5EC2Z,flowline,Channel Line,5EC2Z,9119170,,1,34473,5,25,EPSG:26918,feature_bvh
14913000010130000000,160.11654461612773,flowline:5EC2Z,flowline,Channel Line,5EC2Z,9119170,,1,34473,5,25,EPSG:26918,feature_bvh
14918000020012000000,42.408676453224103,flowline:5EC2Z,flowline,Channel Line,5EC2Z,9119170,,1,34473,5,24,EPSG:26918,feature_bvh
14913000010080000000,424.43237273408289,flowline:5EC2Z,flowline,Channel Line,5EC2Z,9119170,,1,34516,6,28,EPSG:26918,feature_bvh
14913000010110000000,240.12429931814484,flowline:5EC2Z,flowline,Channel Line,5EC2Z,9119170,,1,34473,5,27,EPSG:26918,feature_bvh
14913000010120000000,209.81841282609989,flowline:5EC2Z,flowline,Channel Line,5EC2Z,9119170,,1,34473,5,27,EPSG:26918,feature_bvh
14913000010100000000,358.27280350718206,flowline:5EC2Z,flowline,Channel Line,5EC2Z,9119170,,1,34473,5,27,EPSG:26918,feature_bvh
14913000010070000000,349.14148841953448,flowline:8D8VJ,flowline,Channel Line,8D8VJ,14125045,,1,34516,6,28,EPSG:26918,feature_bvh
14913000010060000000,316.73074500094202,flowline:8D8VJ,flowline,Channel Line,8D8VJ,14125045,,1,34626,7,28,EPSG:26918,feature_bvh
14913000010050000000,286.56568161203768,flowline:8D8VJ,flowline,Channel Line,8D8VJ,14125045,,1,34626,7,28,EPSG:26918,feature_bvh
14913000010040000000,256.51801422901383,flowline:8D8VJ,flowline,Channel Line,8D8VJ,14125045,,1,34626,7,28,EPSG:26918,feature_bvh
14909000010058000000,273.26812724165137,flowline:8D8VJ,flowline,Channel Line,8D8VJ,14125045,,1,34626,7,28,EPSG:26918,feature_bvh
14909000010057000000,344.32771608027031,flowline:8D8VJ,flowline,Channel Line,8D8VJ,14125045,,1,34626,7,28,EPSG:26918,feature_bvh
14909000010051350000,301.549484767519,flowline:8D8VJ,flowline,Channel Line,8D8VJ,14125045,,1,34626,7,28,EPSG:26918,feature_bvh
14909000010141720000,233.37803856117054,flowline:8D8VJ,flowline,Channel Line,8D8VJ,14125045,,1,34626,7,28,EPSG:26918,feature_bvh
14909000010051030000,309.49602824141346,flowline:8D8VJ,flowline,Channel Line,8D8VJ,14125045,,1,34626,7,28,EPSG:26918,feature_bvh
14909000010141320000,252.76201861971748,flowline:8D8VJ,flowline,Channel Line,8D8VJ,14125045,,1,34626,7,28,EPSG:26918,feature_bvh
14909000010141420000,248.17337159948084,flowline:8D8VJ,flowline,Channel Line,8D8VJ,14125045,,1,34626,7,28,EPSG:26918,feature_bvh
14909000010051040000,304.95992977221613,flowline:8D8VJ,flowline,Channel Line,8D8VJ,14125045,,1,34626,7,28,EPSG:26918,feature_bvh
14909000010051050000,299.90088384933392,flowline:8D8VJ,flowline,Channel Line,8D8VJ,14125045,,1,34626,7,28,EPSG:26918,feature_bvh
14909000010141620000,239.36893485216922,flowline:8D8VJ,flowline,Channel Line,8D8VJ,14125045,,1,34626,7,28,EPSG:26918,feature_bvh
14909000010141520000,243.81855447721026,flowline:8D8VJ,flowline,Channel Line,8D8VJ,14125045,,1,34626,7,28,EPSG:26918,feature_bvh
14909000010141220000,258.93737475238891,flowline:8D8VJ,flowline,Channel Line,8D8VJ,14125045,,1,34626,7,28,EPSG:26918,feature_bvh
14909000010141120000,266.79775087001332,flowline:8D8VJ,flowline,Channel Line,8D8VJ,14125045,,1,34626,7,28,EPSG:26918,feature_bvh
14909000010051010000,321.91495650934706,flowline:8D8VJ,flowline,Channel Line,8D8VJ,14125045,,1,34626,7,28,EPSG:26918,feature_bvh
14909000010146000000,174.91054099083618,flowline:8D8VJ,flowline,Channel Line,8D8VJ,14125045,,1,34482,7,28,EPSG:26918,feature_bvh
14909000010152020000,183.44782326521215,flowline:8D8VJ,flowline,Channel Line,8D8VJ,14125045,,1,34626,7,28,EPSG:26918,feature_bvh
14909000010059100000,227.02035557362785,flowline:8D8VJ,flowline,Channel Line,8D8VJ,14125045,,1,34626,7,28,EPSG:26918,feature_bvh
14919000020080000000,378.17205254177389,flowline:5EC2Z,flowline,Channel Line,5EC2Z,9119170,,1,34652,8,26,EPSG:26918,feature_bvh
14919000020060000000,334.25920263184651,flowline:5EC2Z,flowline,Channel Line,5EC2Z,9119170,,1,34473,5,26,EPSG:26918,feature_bvh
14919000020070000000,354.62030195890873,flowline:5EC2Z,flowline,Channel Line,5EC2Z,9119170,,1,34380,4,26,EPSG:26918,feature_bvh
14919000020090000000,414.37253309081353,flowline:5EC2Z,flowline,Channel Line,5EC2Z,9119170,,1,34652,8,26,EPSG:26918,feature_bvh
14919000020111000000,379.59145966166142,flowline:5EC2Z,flowline,Channel Line,5EC2Z,9119170,,1,34652,8,26,EPSG:26918,feature_bvh
14919000020100000000,437.22121439109611,flowline:2UD63,flowline,Channel Line,2UD63,4810449,,1,34792,9,26,EPSG:26918,feature_bvh
14919000020040000000,328.43241292120166,flowline:5EC2Z,flowline,Channel Line,5EC2Z,9119170,,1,34473,5,26,EPSG:26918,feature_bvh
14919000020030000000,315.23308222178622,flowline:5EC2Z,flowline,Channel Line,5EC2Z,9119170,,1,34473,5,26,EPSG:26918,feature_bvh
14919000020020000000,289.57246644121807,flowline:5EC2Z,flowline,Channel Line,5EC2Z,9119170,,1,34473,5,26,EPSG:26918,feature_bvh
14919000020120000000,292.65024859110645,flowline:2UD63,flowline,Channel Line,2UD63,4810449,,1,34745,9,26,EPSG:26918,feature_bvh
14919000020010000000,263.57609393906984,flowline:5EC2Z,flowline,Channel Line,5EC2Z,9119170,,1,34473,5,26,EPSG:26918,feature_bvh
14919000020050000000,321.00942636192855,flowline:5EC2Z,flowline,Channel Line,5EC2Z,9119170,,1,34473,5,26,EPSG:26918,feature_bvh
14915000010450000000,128.7487083012816,flowline:2UD63,flowline,Channel Line,2UD63,4810449,,1,34745,9,26,EPSG:26918,feature_bvh
14915000010440000000,170.91671872790761,flowline:5EC2Z,flowline,Channel Line,5EC2Z,9119170,,1,34745,9,26,EPSG:26918,feature_bvh
14915000010430000000,194.14917240831878,flowline:5EC2Z,flowline,Channel Line,5EC2Z,9119170,,1,34745,9,26,EPSG:26918,feature_bvh
14915000010420000000,217.31275580902894,flowline:5EC2Z,flowline,Channel Line,5EC2Z,9119170,,1,34745,9,26,EPSG:26918,feature_bvh
14915000010461000000,133.42921142326662,flowline:2UD63,flowline,Channel Line,2UD63,4810449,,1,34549,8,25,EPSG:26918,feature_bvh
14919000020112000000,342.20842649951612,flowline:2UD63,flowline,Channel Line,2UD63,4810449,,1,34652,8,26,EPSG:26918,feature_bvh
14915000010410000000,247.84455767823519,flowline:2UD63,flowline,Channel Line,2UD63,4810449,,1,34745,9,26,EPSG:26918,feature_bvh
14919000020130000000,338.16677237007582,flowline:2UD63,flowline,Channel Line,2UD63,4810449,,1,34652,8,26,EPSG:26918,feature_bvh
14915000010281000000,146.03382844521224,flowline:2UD63,flowline,Channel Line,2UD63,4810449,,1,34860,9,28,EPSG:26918,feature_bvh
14915000010271000000,166.08050364430781,flowline:2UD63,flowline,Channel Line,2UD63,4810449,,1,34860,9,29,EPSG:26918,feature_bvh
14915000010251000000,176.82133612653209,flowline:2UD63,flowline,Channel Line,2UD63,4810449,,1,34860,9,29,EPSG:26918,feature_bvh
14915000010241000000,177.95586219710773,flowline:2UD63,flowline,Channel Line,2UD63,4810449,,1,34860,9,29,EPSG:26918,feature_bvh
14915000010401000000,18.565871463910948,flowline:2UD63,flowline,Channel Line,2UD63,4810449,,1,34549,8,25,EPSG:26918,feature_bvh
14915000010470000000,73.573504422332249,flowline:2UD63,flowline,Channel Line,2UD63,4810449,,1,34745,9,26,EPSG:26918,feature_bvh
14915000010480000000,29.478088185244058,flowline:2UD63,flowline,Channel Line,2UD63,4810449,,1,34549,8,25,EPSG:26918,feature_bvh
1491400001001000SPTS,80.488205499295546,flowline:5EC2Z,flowline,Channel Line,5EC2Z,9119170,,1,34473,5,26,EPSG:26918,feature_bvh
14915000010221000000,179.93668867454591,flowline:2UD63,flowline,Channel Line,2UD63,4810449,,1,34860,9,29,EPSG:26918,feature_bvh
14915000010211000000,166.68224110608833,flowline:62LZA,flowline,Channel Line,62LZA,10255780,,1,34860,9,29,EPSG:26918,feature_bvh
14915000010061000000,223.73878639376755,flowline:62LZA,flowline,Channel Line,62LZA,10255780,,1,34860,9,29,EPSG:26918,feature_bvh
14915000010070000000,209.17793425628281,flowline:62LZA,flowline,Channel Line,62LZA,10255780,,1,34860,9,29,EPSG:26918,feature_bvh
14915000010051000000,234.79058706165739,flowline:62LZA,flowline,Channel Line,62LZA,10255780,,1,34860,9,29,EPSG:26918,feature_bvh
14914000010010000BRC,44.890335314675212,flowline:62LZA,flowline,Channel Line,62LZA,10255780,,1,34918,8,29,EPSG:26918,feature_bvh
14911000010230000000,49.791188860630335,flowline:6M12W,flowline,Channel Line,6M12W,11165105,,1,34875,8,27,EPSG:26918,feature_bvh
14911000010240000000,77.3356271082136,flowline:6M12W,flowline,Channel Line,6M12W,11165105,,1,34875,8,28,EPSG:26918,feature_bvh
14911000010250000000,99.00622964022385,flowline:6M12W,flowline,Channel Line,6M12W,11165105,,1,34875,8,28,EPSG:26918,feature_bvh
14911000010261000000,117.26911796161249,flowline:6M12W,flowline,Channel Line,6M12W,11165105,,1,34875,8,28,EPSG:26918,feature_bvh
14911000010271000000,135.81519484538393,flowline:6M12W,flowline,Channel Line,6M12W,11165105,,1,34899,9,29,EPSG:26918,feature_bvh
14911000010301000000,172.52556715232342,flowline:6M12W,flowline,Channel Line,6M12W,11165105,,1,34860,9,29,EPSG:26918,feature_bvh
14911000010281000000,154.08387610462,flowline:6M12W,flowline,Channel Line,6M12W,11165105,,1,34860,9,29,EPSG:26918,feature_bvh
14911000010311000000,191.41842393271466,flowline:6M12W,flowline,Channel Line,6M12W,11165105,,1,34860,9,29,EPSG:26918,feature_bvh
14915000010011000000,209.98780244462972,flowline:6M12W,flowline,Channel Line,6M12W,11165105,,1,34860,9,29,EPSG:26918,feature_bvh
14915000010021000000,227.8633210331426,flowline:6M12W,flowline,Channel Line,6M12W,11165105,,1,34860,9,29,EPSG:26918,feature_bvh
14915000010031000000,245.10165442528034,flowline:6M12W,flowline,Channel Line,6M12W,11165105,,1,34860,9,29,EPSG:26918,feature_bvh
14915000010091000000,215.93008835679171,flowline:2UD63,flowline,Channel Line,2UD63,4810449,,1,34860,9,29,EPSG:26918,feature_bvh
14915000010101000000,227.50196967675529,flowline:2UD63,flowline,Channel Line,2UD63,4810449,,1,34860,9,29,EPSG:26918,feature_bvh
14915000010111000000,218.76574901097797,flowline:6M12W,flowline,Channel Line,6M12W,11165105,,1,34860,9,29,EPSG:26918,feature_bvh
14915000010121000000,202.26396801150804,flowline:6M12W,flowline,Channel Line,6M12W,11165105,,1,34860,9,29,EPSG:26918,feature_bvh
14915000010171000000,204.75263305667562,flowline:6M12W,flowline,Channel Line,6M12W,11165105,,1,34860,9,29,EPSG:26918,feature_bvh
14915000010161000000,188.09274558622602,flowline:6M12W,flowline,Channel Line,6M12W,11165105,,1,34860,9,28,EPSG:26918,feature_bvh
14915000010141000000,170.61212981439874,flowline:6M12W,flowline,Channel Line,6M12W,11165105,,1,34860,9,28,EPSG:26918,feature_bvh
14911000010421000000,151.72253207633216,flowline:6M12W,flowline,Channel Line,6M12W,11165105,,1,34860,9,28,EPSG:26918,feature_bvh
14915000010131000000,186.14014840744659,flowline:6M12W,flowline,Channel Line,6M12W,11165105,,1,34860,9,29,EPSG:26918,feature_bvh
14911000010321000000,169.1048431319397,flowline:6M12W,flowline,Channel Line,6M12W,11165105,,1,34860,9,29,EPSG:26918,feature_bvh
14911000010331000000,151.69634724784268,flowline:6M12W,flowline,Channel Line,6M12W,11165105,,1,34860,9,28,EPSG:26918,feature_bvh
14911000010351000000,117.7050929609874,flowline:6M12W,flowline,Channel Line,6M12W,11165105,,1,34875,8,28,EPSG:26918,feature_bvh
14911000010341000000,134.55214624074381,flowline:6M12W,flowline,Channel Line,6M12W,11165105,,1,34860,9,28,EPSG:26918,feature_bvh
14911000010401000000,112.56509406158563,flowline:6M12W,flowline,Channel Line,6M12W,11165105,,1,34860,9,28,EPSG:26918,feature_bvh
14911000010380000000,75.668688634439036,flowline:6M12W,flowline,Channel Line,6M12W,11165105,,1,34875,8,28,EPSG:26918,feature_bvh
14911000010390000000,94.771880060676068,flowline:6M12W,flowline,Channel Line,6M12W,11165105,,1,34875,8,28,EPSG:26918,feature_bvh
14911000010411000000,132.22998008638871,flowline:6M12W,flowline,Channel Line,6M12W,11165105,,1,34860,9,28,EPSG:26918,feature_bvh
14911000010450000000,113.87627165121314,flowline:6M12W,flowline,Channel Line,6M12W,11165105,,1,34860,9,28,EPSG:26918,feature_bvh
14911000010460000000,99.247607754945179,flowline:6M12W,flowline,Channel Line,6M12W,11165105,,1,34860,9,28,EPSG:26918,feature_bvh
14911000010470000000,76.836957881716458,flowline:6M12W,flowline,Channel Line,6M12W,11165105,,1,34875,8,28,EPSG:26918,feature_bvh
14911000010480000000,83.456896496860551,flowline:6M12W,flowline,Channel Line,6M12W,11165105,,1,34860,9,28,EPSG:26918,feature_bvh
14911000010170000000,30.020626992094481,flowline:6M12W,flowline,Channel Line,6M12W,11165105,,1,34875,8,27,EPSG:26918,feature_bvh
14911000010180000000,30.488947609062276,flowline:6M12W,flowline,Channel Line,6M12W,11165105,,1,34875,8,27,EPSG:26918,feature_bvh
14911000010371000000,79.729865420475861,flowline:6M12W,flowline,Channel Line,6M12W,11165105,,1,34875,8,28,EPSG:26918,feature_bvh
14911000010361000000,100.3494966546271,flowline:6M12W,flowline,Channel Line,6M12W,11165105,,1,34875,8,28,EPSG:26918,feature_bvh
14911000010200000000,31.098160581260622,flowline:6M12W,flowline,Channel Line,6M12W,11165105,,1,34875,8,27,EPSG:26918,feature_bvh
14911000010190000000,31.93921579394047,flowline:6M12W,flowline,Channel Line,6M12W,11165105,,1,34875,8,27,EPSG:26918,feature_bvh
14911000010210000000,33.837862611288678,flowline:6M12W,flowline,Channel Line,6M12W,11165105,,1,34875,8,27,EPSG:26918,feature_bvh
14911000010220000000,36.965605093333458,flowline:6M12W,flowline,Channel Line,6M12W,11165105,,1,34875,8,27,EPSG:26918,feature_bvh
14911000010160000000,29.149599648599246,flowline:6M12W,flowline,Channel Line,6M12W,11165105,,1,34875,8,27,EPSG:26918,feature_bvh
14911000010150000000,28.295086547379235,flowline:6M12W,flowline,Channel Line,6M12W,11165105,,1,34875,8,27,EPSG:26918,feature_bvh
14911000010140000000,28.532389080741126,flowline:6M12W,flowline,Channel Line,6M12W,11165105,,1,34875,8,27,EPSG:26918,feature_bvh
14911000010130000000,27.803082527319901,flowline:6M12W,flowline,Channel Line,6M12W,11165105,,1,34875,8,27,EPSG:26918,feature_bvh
14911000010120000000,27.889837263705363,flowline:6M12W,flowline,Channel Line,6M12W,11165105,,1,34875,8,27,EPSG:26918,feature_bvh
14911000010110000000,28.445647536065668,flowline:6M12W,flowline,Channel Line,6M12W,11165105,,1,34875,8,27,EPSG:26918,feature_bvh
14911000010080000000,27.081141460213459,flowline:6M12W,flowline,Channel Line,6M12W,11165105,,1,34875,8,28,EPSG:26918,feature_bvh
14911000010090000000,27.284814180341609,flowline:6M12W,flowline,Channel Line,6M12W,11165105,,1,34875,8,28,EPSG:26918,feature_bvh
14911000010100000000,27.419592550955297,flowline:6M12W,flowline,Channel Line,6M12W,11165105,,1,34875,8,28,EPSG:26918,feature_bvh
14911000010071000000,27.647492200183464,flowline:6M12W,flowline,Channel Line,6M12W,11165105,,1,34875,8,28,EPSG:26918,feature_bvh
14911000010051000000,24.816862212213287,flowline:6M12W,flowline,Channel Line,6M12W,11165105,,1,34860,9,28,EPSG:26918,feature_bvh
14911000010040000000,27.57977865416958,flowline:6M12W,flowline,Channel Line,6M12W,11165105,,1,34860,9,28,EPSG:26918,feature_bvh
14911000010520000000,77.990136662034601,flowline:6M12W,flowline,Channel Line,6M12W,11165105,,1,34860,9,28,EPSG:26918,feature_bvh
14911000010510000000,82.655242241423124,flowline:6M12W,flowline,Channel Line,6M12W,11165105,,1,34860,9,28,EPSG:26918,feature_bvh
14911000010500000000,87.185099012389401,flowline:6M12W,flowline,Channel Line,6M12W,11165105,,1,34860,9,28,EPSG:26918,feature_bvh
14911000010490000000,90.998185878308263,flowline:6M12W,flowline,Channel Line,6M12W,11165105,,1,34860,9,28,EPSG:26918,feature_bvh
14911000010440000000,127.71374819428621,flowline:6M12W,flowline,Channel Line,6M12W,11165105,,1,34860,9,28,EPSG:26918,feature_bvh
14911000010431000000,145.20033609925204,flowline:6M12W,flowline,Channel Line,6M12W,11165105,,1,34860,9,28,EPSG:26918,feature_bvh
14915000010371000000,161.37668311731557,flowline:6M12W,flowline,Channel Line,6M12W,11165105,,1,34860,9,28,EPSG:26918,feature_bvh
14915000010321000000,141.12313971408642,flowline:2UD63,flowline,Channel Line,2UD63,4810449,,1,34860,9,28,EPSG:26918,feature_bvh
14915000010331000000,157.38126465468088,flowline:2UD63,flowline,Channel Line,2UD63,4810449,,1,34860,9,28,EPSG:26918,feature_bvh
14915000010341000000,172.60918629085424,flowline:2UD63,flowline,Channel Line,2UD63,4810449,,1,34860,9,28,EPSG:26918,feature_bvh
14915000010361000000,177.27076010611432,flowline:6M12W,flowline,Channel Line,6M12W,11165105,,1,34860,9,28,EPSG:26918,feature_bvh
14915000010181000000,201.15949928338958,flowline:2UD63,flowline,Channel Line,2UD63,4810449,,1,34860,9,29,EPSG:26918,feature_bvh
14915000010191000000,188.77443950068371,flowline:2UD63,flowline,Channel Line,2UD63,4810449,,1,34860,9,29,EPSG:26918,feature_bvh
14915000010201000000,178.05898879160659,flowline:2UD63,flowline,Channel Line,2UD63,4810449,,1,34860,9,28,EPSG:26918,feature_bvh
14915000010080000000,203.12130531045091,flowline:2UD63,flowline,Channel Line,2UD63,4810449,,1,34860,9,29,EPSG:26918,feature_bvh
14915000010300000000,110.38777594250585,flowline:2UD63,flowline,Channel Line,2UD63,4810449,,1,34860,9,28,EPSG:26918,feature_bvh
14915000010310000000,125.42064222969789,flowline:2UD63,flowline,Channel Line,2UD63,4810449,,1,34860,9,28,EPSG:26918,feature_bvh
14915000010490000000,107.60278082229301,flowline:2UD63,flowline,Channel Line,2UD63,4810449,,1,34860,9,28,EPSG:26918,feature_bvh
14915000010290000000,119.367048180178,flowline:2UD63,flowline,Channel Line,2UD63,4810449,,1,34860,9,28,EPSG:26918,feature_bvh
14911000010030000000,29.295115414262991,flowline:6M12W,flowline,Channel Line,6M12W,11165105,,1,34860,9,28,EPSG:26918,feature_bvh
14911000040090000000,66.490695231400935,waterbody:OJ2HN,waterbody,Canal,OJ2HN,6849348,,1,34875,8,27,EPSG:26918,feature_bvh
14911000040010000003,117.72330902451219,waterbody:OJ2HN,waterbody,Canal,OJ2HN,6849348,,1,34875,8,27,EPSG:26918,feature_bvh
14911000040010000006,117.73678118159191,waterbody:OJ2HN,waterbody,Canal,OJ2HN,6849348,,1,34875,8,27,EPSG:26918,feature_bvh
14911000040010000004,117.73125243314989,waterbody:OJ2HN,waterbody,Canal,OJ2HN,6849348,,1,34875,8,27,EPSG:26918,feature_bvh
14911000040010000005,118.10977678528513,waterbody:OJ2HN,waterbody,Canal,OJ2HN,6849348,,1,34875,8,27,EPSG:26918,feature_bvh
1491100004001000COM*,118.18754429619656,waterbody:OJ2HN,waterbody,Canal,OJ2HN,6849348,,1,34875,8,27,EPSG:26918,feature_bvh
14911000040080000000,67.156519825030855,waterbody:OJ2HN,waterbody,Canal,OJ2HN,6849348,,1,34875,8,27,EPSG:26918,feature_bvh
14911000020101000000,170.62817179614939,waterbody:OJ2HN,waterbody,Canal,OJ2HN,6849348,,1,34875,8,28,EPSG:26918,feature_bvh
14911000020111000000,168.24494718415906,waterbody:OJ2HN,waterbody,Canal,OJ2HN,6849348,,1,34875,8,28,EPSG:26918,feature_bvh
14911000040040000000,122.08539508059019,waterbody:OJ2HN,waterbody,Canal,OJ2HN,6849348,,1,34875,8,27,EPSG:26918,feature_bvh
14911000040060000000,74.965109687416742,waterbody:OJ2HN,waterbody,Canal,OJ2HN,6849348,,1,34782,7,28,EPSG:26918,feature_bvh
14911000040070000000,69.359578907476632,waterbody:OJ2HN,waterbody,Canal,OJ2HN,6849348,,1,34875,8,27,EPSG:26918,feature_bvh
149110000400300000RH,50.947828820451207,waterbody:OJ2HN,waterbody,Canal,OJ2HN,6849348,,1,34767,8,28,EPSG:26918,feature_bvh
14911000040050000000,105.4418238236467,waterbody:OJ2HN,waterbody,Canal,OJ2HN,6849348,,1,34782,7,28,EPSG:26918,feature_bvh
14911000020121000000,171.96578817920687,waterbody:OJ2HN,waterbody,Canal,OJ2HN,6849348,,1,34782,7,28,EPSG:26918,feature_bvh
14911000020130000000,211.08737677746245,waterbody:OJ2HN,waterbody,Canal,OJ2HN,6849348,,1,35004,8,28,EPSG:26918,feature_bvh
14916000010055100000,125.84047447191963,flowline:4ZSD1,flowline,Channel Line,4ZSD1,8437636,,1,34442,6,28,EPSG:26918,feature_bvh
14916000010053100000,39.602008071906582,waterbody:JGNDJ,waterbody,Lake,JGNDJ,1772050,,1,34386,6,26,EPSG:26918,feature_bvh
14916000010059000000,27.977206685334259,flowline:1D4TS,flowline,Channel Line,1D4TS,2155558,Allen Creek,1,34371,5,25,EPSG:26918,feature_bvh
14920000010030000000,35.935527815947275,flowline:1D4TS,flowline,Channel Line,1D4TS,2155558,Allen Creek,1,34371,5,25,EPSG:26918,feature_bvh
14916000010051100000,86.468024812381174,waterbody:JGNDJ,waterbody,Lake,JGNDJ,1772050,,1,34386,6,28,EPSG:26918,feature_bvh
14920000010020000000,38.528760503920637,flowline:1D4TS,flowline,Channel Line,1D4TS,2155558,Allen Creek,1,34790,11,27,EPSG:26918,feature_bvh
14919000020280000000,134.65668433192889,flowline:1D4TS,flowline,Channel Line,1D4TS,2155558,Allen Creek,1,34790,11,28,EPSG:26918,feature_bvh
14920000010010000000,87.655011556944942,flowline:1D4TS,flowline,Channel Line,1D4TS,2155558,Allen Creek,1,34790,11,28,EPSG:26918,feature_bvh
14919000020270000000,171.84035944820479,flowline:1D4TS,flowline,Channel Line,1D4TS,2155558,Allen Creek,1,34666,10,28,EPSG:26918,feature_bvh
14919000020240000000,426.963001525979,flowline:2Z6IM,flowline,Channel Line,2Z6IM,5036015,Allen Creek,1,34690,11,29,EPSG:26918,feature_bvh
14919000020260000000,384.0947188093013,flowline:1D4TS,flowline,Channel Line,1D4TS,2155558,Allen Creek,1,34690,11,29,EPSG:26918,feature_bvh
14919000020250000000,331.44259544526335,flowline:2UD63,flowline,Channel Line,2UD63,4810449,,1,34456,7,25,EPSG:26918,feature_bvh
14915000010380000000,113.80960888477485,flowline:2UD63,flowline,Channel Line,2UD63,4810449,,1,34456,7,25,EPSG:26918,feature_bvh
14915000010390000000,150.53848118494258,flowline:2UD63,flowline,Channel Line,2UD63,4810449,,1,34456,7,25,EPSG:26918,feature_bvh
