{
"type": "FeatureCollection",
"name": "monroe_property_points_sample.tmp",
"crs": { "type": "name", "properties": { "name": "urn:ogc:def:crs:OGC:1.3:CRS84" } },
"features": [
{ "type": "Feature", "properties": { "sample_order": 0, "property_id": "14817000020150000000", "latitude": 43.092859419448857, "longitude": -77.668583951359864, "cache_origin": "validated_milestone_1_baseline" }, "geometry": { "type": "Point", "coordinates": [ -77.668583951359864, 43.092859419448857 ] } },
{ "type": "Feature", "properties": { "sample_order": 1, "property_id": "14817000020140000000", "latitude": 43.092861817101102, "longitude": -77.668262747051926, "cache_origin": "validated_milestone_1_baseline" }, "geometry": { "type": "Point", "coordinates": [ -77.668262747051926, 43.092861817101102 ] } },
{ "type": "Feature", "properties": { "sample_order": 2, "property_id": "14720000010071000000", "latitude": 43.0952755112733, "longitude": -77.67344326032854, "cache_origin": "validated_milestone_1_baseline" }, "geometry": { "type": "Point", "coordinates": [ -77.67344326032854, 43.0952755112733 ] } },
{ "type": "Feature", "properties": { "sample_order": 3, "property_id": "14720000010081110000", "latitude": 43.093481495216302, "longitude": -77.677383122044361, "cache_origin": "validated_milestone_1_baseline" }, "geometry": { "type": "Point", "coordinates": [ -77.677383122044361, 43.093481495216302 ] } },
{ "type": "Feature", "properties": { "sample_order": 4, "property_id": "14720000010082100000", "latitude": 43.093043380439781, "longitude": -77.674327005837057, "cache_origin": "validated_milestone_1_baseline" }, "geometry": { "type": "Point", "coordinates": [ -77.674327005837057, 43.093043380439781 ] } },
{ "type": "Feature", "properties": { "sample_order": 5, "property_id": "14720000010081200000", "latitude": 43.092654501504867, "longitude": -77.678165667844539, "cache_origin": "validated_milestone_1_baseline" }, "geometry": { "type": "Point", "coordinates": [ -77.678165667844539, 43.092654501504867 ] } },
{ "type": "Feature", "properties": { "sample_order": 6, "property_id": "14720000010010000000", "latitude": 43.096796108116152, "longitude": -77.676018481414786, "cache_origin": "validated_milestone_1_baseline" }, "geometry": { "type": "Point", "coordinates": [ -77.676018481414786, 43.096796108116152 ] } },
{ "type": "Feature", "properties": { "sample_order": 7, "property_id": "14716000030550000000", "latitude": 43.097978199746507, "longitude": -77.674471215982891, "cache_origin": "validated_milestone_1_baseline" }, "geometry": { "type": "Point", "coordinates": [ -77.674471215982891, 43.097978199746507 ] } },
{ "type": "Feature", "properties": { "sample_order": 8, "property_id": "14720000010020000000", "latitude": 43.097243173315753, "longitude": -77.675899301027712, "cache_origin": "validated_milestone_1_baseline" }, "geometry": { "type": "Point", "coordinates": [ -77.675899301027712, 43.097243173315753 ] } },
{ "type": "Feature", "properties": { "sample_order": 9, "property_id": "14716000030070000000", "latitude": 43.098436721364124, "longitude": -77.675067080188938, "cache_origin": "validated_milestone_1_baseline" }, "geometry": { "type": "Point", "coordinates": [ -77.675067080188938, 43.098436721364124 ] } },
{ "type": "Feature", "properties": { "sample_order": 10, "property_id": "14716000030060000000", "latitude": 43.098432877598469, "longitude": -77.675253794122426, "cache_origin": "validated_milestone_1_baseline" }, "geometry": { "type": "Point", "coordinates": [ -77.675253794122426, 43.098432877598469 ] } },
{ "type": "Feature", "properties": { "sample_order": 11, "property_id": "14716000030590000000", "latitude": 43.098016339881866, "longitude": -77.675496021245536, "cache_origin": "validated_milestone_1_baseline" }, "geometry": { "type": "Point", "coordinates": [ -77.675496021245536, 43.098016339881866 ] } },
{ "type": "Feature", "properties": { "sample_order": 12, "property_id": "14716000030050000000", "latitude": 43.098423822446563, "longitude": -77.67544515234593, "cache_origin": "validated_milestone_1_baseline" }, "geometry": { "type": "Point", "coordinates": [ -77.67544515234593, 43.098423822446563 ] } },
{ "type": "Feature", "properties": { "sample_order": 13, "property_id": "14716000030600000000", "latitude": 43.098028759395227, "longitude": -77.67578296380853, "cache_origin": "validated_milestone_1_baseline" }, "geometry": { "type": "Point", "coordinates": [ -77.67578296380853, 43.098028759395227 ] } },
{ "type": "Feature", "properties": { "sample_order": 14, "property_id": "14716000030040000000", "latitude": 43.098418911477353, "longitude": -77.675631610259572, "cache_origin": "validated_milestone_1_baseline" }, "geometry": { "type": "Point", "coordinates": [ -77.675631610259572, 43.098418911477353 ] } },
{ "type": "Feature", "properties": { "sample_order": 15, "property_id": "14716000030630000000", "latitude": 43.098242652222403, "longitude": -77.676333821520544, "cache_origin": "validated_milestone_1_baseline" }, "geometry": { "type": "Point", "coordinates": [ -77.676333821520544, 43.098242652222403 ] } },
{ "type": "Feature", "properties": { "sample_order": 16, "property_id": "14716000030620000000", "latitude": 43.098040280272471, "longitude": -77.676345317261223, "cache_origin": "validated_milestone_1_baseline" }, "geometry": { "type": "Point", "coordinates": [ -77.676345317261223, 43.098040280272471 ] } },
{ "type": "Feature", "properties": { "sample_order": 17, "property_id": "14716000030610000000", "latitude": 43.098106536425597, "longitude": -77.675981042328672, "cache_origin": "validated_milestone_1_baseline" }, "geometry": { "type": "Point", "coordinates": [ -77.675981042328672, 43.098106536425597 ] } },
{ "type": "Feature", "properties": { "sample_order": 18, "property_id": "14716000030020000000", "latitude": 43.098396731759273, "longitude": -77.676219761530589, "cache_origin": "validated_milestone_1_baseline" }, "geometry": { "type": "Point", "coordinates": [ -77.676219761530589, 43.098396731759273 ] } },
{ "type": "Feature", "properties": { "sample_order": 19, "property_id": "14716000030010000000", "latitude": 43.098533008926118, "longitude": -77.676198824496282, "cache_origin": "validated_milestone_1_baseline" }, "geometry": { "type": "Point", "coordinates": [ -77.676198824496282, 43.098533008926118 ] } },
{ "type": "Feature", "properties": { "sample_order": 20, "property_id": "14716000030030000000", "latitude": 43.098410828416071, "longitude": -77.675816899465005, "cache_origin": "validated_milestone_1_baseline" }, "geometry": { "type": "Point", "coordinates": [ -77.675816899465005, 43.098410828416071 ] } },
{ "type": "Feature", "properties": { "sample_order": 21, "property_id": "14716000020570000000", "latitude": 43.098950905488721, "longitude": -77.675938976020547, "cache_origin": "validated_milestone_1_baseline" }, "geometry": { "type": "Point", "coordinates": [ -77.675938976020547, 43.098950905488721 ] } },
{ "type": "Feature", "properties": { "sample_order": 22, "property_id": "14716000020560000000", "latitude": 43.099089800533498, "longitude": -77.675913498900769, "cache_origin": "validated_milestone_1_baseline" }, "geometry": { "type": "Point", "coordinates": [ -77.675913498900769, 43.099089800533498 ] } },
{ "type": "Feature", "properties": { "sample_order": 23, "property_id": "14716000010020000000", "latitude": 43.102989989491043, "longitude": -77.675462302083019, "cache_origin": "validated_milestone_1_baseline" }, "geometry": { "type": "Point", "coordinates": [ -77.675462302083019, 43.102989989491043 ] } },
{ "type": "Feature", "properties": { "sample_order": 24, "property_id": "14716000010050000000", "latitude": 43.103000726309531, "longitude": -77.674572329452943, "cache_origin": "validated_milestone_1_baseline" }, "geometry": { "type": "Point", "coordinates": [ -77.674572329452943, 43.103000726309531 ] } },
{ "type": "Feature", "properties": { "sample_order": 25, "property_id": "14716000010040000000", "latitude": 43.103032565523769, "longitude": -77.674904562377634, "cache_origin": "validated_milestone_1_baseline" }, "geometry": { "type": "Point", "coordinates": [ -77.674904562377634, 43.103032565523769 ] } },
{ "type": "Feature", "properties": { "sample_order": 26, "property_id": "14716000010060000000", "latitude": 43.102775503273733, "longitude": -77.674211215691884, "cache_origin": "validated_milestone_1_baseline" }, "geometry": { "type": "Point", "coordinates": [ -77.674211215691884, 43.102775503273733 ] } },
{ "type": "Feature", "properties": { "sample_order": 27, "property_id": "14716000010130000000", "latitude": 43.100961934019786, "longitude": -77.674219380479514, "cache_origin": "validated_milestone_1_baseline" }, "geometry": { "type": "Point", "coordinates": [ -77.674219380479514, 43.100961934019786 ] } },
{ "type": "Feature", "properties": { "sample_order": 28, "property_id": "14716000010140000000", "latitude": 43.100974796327819, "longitude": -77.673942104687285, "cache_origin": "validated_milestone_1_baseline" }, "geometry": { "type": "Point", "coordinates": [ -77.673942104687285, 43.100974796327819 ] } },
{ "type": "Feature", "properties": { "sample_order": 29, "property_id": "14716000010150000000", "latitude": 43.10098170891537, "longitude": -77.673754250791688, "cache_origin": "validated_milestone_1_baseline" }, "geometry": { "type": "Point", "coordinates": [ -77.673754250791688, 43.10098170891537 ] } },
{ "type": "Feature", "properties": { "sample_order": 30, "property_id": "14716000010650000000", "latitude": 43.099983097893798, "longitude": -77.674054021296939, "cache_origin": "validated_milestone_1_baseline" }, "geometry": { "type": "Point", "coordinates": [ -77.674054021296939, 43.099983097893798 ] } },
{ "type": "Feature", "properties": { "sample_order": 31, "property_id": "14716000010470000000", "latitude": 43.100409565194902, "longitude": -77.673712802524477, "cache_origin": "validated_milestone_1_baseline" }, "geometry": { "type": "Point", "coordinates": [ -77.673712802524477, 43.100409565194902 ] } },
{ "type": "Feature", "properties": { "sample_order": 32, "property_id": "14716000010480000000", "latitude": 43.100403764312901, "longitude": -77.673897563520541, "cache_origin": "validated_milestone_1_baseline" }, "geometry": { "type": "Point", "coordinates": [ -77.673897563520541, 43.100403764312901 ] } },
{ "type": "Feature", "properties": { "sample_order": 33, "property_id": "14716000010500000000", "latitude": 43.100390237446341, "longitude": -77.674269300758155, "cache_origin": "validated_milestone_1_baseline" }, "geometry": { "type": "Point", "coordinates": [ -77.674269300758155, 43.100390237446341 ] } },
{ "type": "Feature", "properties": { "sample_order": 34, "property_id": "14716000010490000000", "latitude": 43.100397422303246, "longitude": -77.674082245464845, "cache_origin": "validated_milestone_1_baseline" }, "geometry": { "type": "Point", "coordinates": [ -77.674082245464845, 43.100397422303246 ] } },
{ "type": "Feature", "properties": { "sample_order": 35, "property_id": "14716000010510000000", "latitude": 43.100382985029661, "longitude": -77.674456001216925, "cache_origin": "validated_milestone_1_baseline" }, "geometry": { "type": "Point", "coordinates": [ -77.674456001216925, 43.100382985029661 ] } },
{ "type": "Feature", "properties": { "sample_order": 36, "property_id": "14716000010521000000", "latitude": 43.100372211676913, "longitude": -77.674735120352125, "cache_origin": "validated_milestone_1_baseline" }, "geometry": { "type": "Point", "coordinates": [ -77.674735120352125, 43.100372211676913 ] } },
{ "type": "Feature", "properties": { "sample_order": 37, "property_id": "14716000010540000000", "latitude": 43.100361961740063, "longitude": -77.675017538999342, "cache_origin": "validated_milestone_1_baseline" }, "geometry": { "type": "Point", "coordinates": [ -77.675017538999342, 43.100361961740063 ] } },
{ "type": "Feature", "properties": { "sample_order": 38, "property_id": "14716000010550000000", "latitude": 43.100354491557226, "longitude": -77.675206255277601, "cache_origin": "validated_milestone_1_baseline" }, "geometry": { "type": "Point", "coordinates": [ -77.675206255277601, 43.100354491557226 ] } },
{ "type": "Feature", "properties": { "sample_order": 39, "property_id": "14716000010110000000", "latitude": 43.100913614089038, "longitude": -77.675061531295441, "cache_origin": "validated_milestone_1_baseline" }, "geometry": { "type": "Point", "coordinates": [ -77.675061531295441, 43.100913614089038 ] } },
{ "type": "Feature", "properties": { "sample_order": 40, "property_id": "14716000010120000000", "latitude": 43.10093990936074, "longitude": -77.674679846114373, "cache_origin": "validated_milestone_1_baseline" }, "geometry": { "type": "Point", "coordinates": [ -77.674679846114373, 43.10093990936074 ] } },
{ "type": "Feature", "properties": { "sample_order": 41, "property_id": "14716000010090000000", "latitude": 43.100959518319321, "longitude": -77.675453927089634, "cache_origin": "validated_milestone_1_baseline" }, "geometry": { "type": "Point", "coordinates": [ -77.675453927089634, 43.100959518319321 ] } },
{ "type": "Feature", "properties": { "sample_order": 42, "property_id": "14716000010100000000", "latitude": 43.100758042792222, "longitude": -77.675469546995799, "cache_origin": "validated_milestone_1_baseline" }, "geometry": { "type": "Point", "coordinates": [ -77.675469546995799, 43.100758042792222 ] } },
{ "type": "Feature", "properties": { "sample_order": 43, "property_id": "14716000010560000000", "latitude": 43.100409045712958, "longitude": -77.675576785179459, "cache_origin": "validated_milestone_1_baseline" }, "geometry": { "type": "Point", "coordinates": [ -77.675576785179459, 43.100409045712958 ] } },
{ "type": "Feature", "properties": { "sample_order": 44, "property_id": "14716000010570000000", "latitude": 43.100204208784326, "longitude": -77.675586740309441, "cache_origin": "validated_milestone_1_baseline" }, "geometry": { "type": "Point", "coordinates": [ -77.675586740309441, 43.100204208784326 ] } },
{ "type": "Feature", "properties": { "sample_order": 45, "property_id": "14716000010580000000", "latitude": 43.099993260657193, "longitude": -77.675600224021863, "cache_origin": "validated_milestone_1_baseline" }, "geometry": { "type": "Point", "coordinates": [ -77.675600224021863, 43.099993260657193 ] } },
{ "type": "Feature", "properties": { "sample_order": 46, "property_id": "14716000020020000000", "latitude": 43.099239506204817, "longitude": -77.675817230045041, "cache_origin": "validated_milestone_1_baseline" }, "geometry": { "type": "Point", "coordinates": [ -77.675817230045041, 43.099239506204817 ] } },
{ "type": "Feature", "properties": { "sample_order": 47, "property_id": "14716000020580000000", "latitude": 43.09881116135724, "longitude": -77.675959122537421, "cache_origin": "validated_milestone_1_baseline" }, "geometry": { "type": "Point", "coordinates": [ -77.675959122537421, 43.09881116135724 ] } },
{ "type": "Feature", "properties": { "sample_order": 48, "property_id": "14716000020030000000", "latitude": 43.099383262292932, "longitude": -77.675327299668879, "cache_origin": "validated_milestone_1_baseline" }, "geometry": { "type": "Point", "coordinates": [ -77.675327299668879, 43.099383262292932 ] } },
{ "type": "Feature", "properties": { "sample_order": 49, "property_id": "14716000020550000000", "latitude": 43.098965947864713, "longitude": -77.675479344920603, "cache_origin": "validated_milestone_1_baseline" }, "geometry": { "type": "Point", "coordinates": [ -77.675479344920603, 43.098965947864713 ] } },
{ "type": "Feature", "properties": { "sample_order": 50, "property_id": "14716000020040000000", "latitude": 43.099392649199707, "longitude": -77.675045599673865, "cache_origin": "validated_milestone_1_baseline" }, "geometry": { "type": "Point", "coordinates": [ -77.675045599673865, 43.099392649199707 ] } },
{ "type": "Feature", "properties": { "sample_order": 51, "property_id": "14716000020050000000", "latitude": 43.09940442956556, "longitude": -77.674765681936378, "cache_origin": "validated_milestone_1_baseline" }, "geometry": { "type": "Point", "coordinates": [ -77.674765681936378, 43.09940442956556 ] } },
{ "type": "Feature", "properties": { "sample_order": 52, "property_id": "14716000020010000000", "latitude": 43.099440002190015, "longitude": -77.675752286341577, "cache_origin": "validated_milestone_1_baseline" }, "geometry": { "type": "Point", "coordinates": [ -77.675752286341577, 43.099440002190015 ] } },
{ "type": "Feature", "properties": { "sample_order": 53, "property_id": "14716000010590000000", "latitude": 43.099786790413077, "longitude": -77.675622704361842, "cache_origin": "validated_milestone_1_baseline" }, "geometry": { "type": "Point", "coordinates": [ -77.675622704361842, 43.099786790413077 ] } },
{ "type": "Feature", "properties": { "sample_order": 54, "property_id": "14716000010600000000", "latitude": 43.099940914602101, "longitude": -77.675177165133732, "cache_origin": "validated_milestone_1_baseline" }, "geometry": { "type": "Point", "coordinates": [ -77.675177165133732, 43.099940914602101 ] } },
{ "type": "Feature", "properties": { "sample_order": 55, "property_id": "14716000010620000000", "latitude": 43.099954862010378, "longitude": -77.674800984828735, "cache_origin": "validated_milestone_1_baseline" }, "geometry": { "type": "Point", "coordinates": [ -77.674800984828735, 43.099954862010378 ] } },
{ "type": "Feature", "properties": { "sample_order": 56, "property_id": "14716000010610000000", "latitude": 43.099948293007103, "longitude": -77.674988890826597, "cache_origin": "validated_milestone_1_baseline" }, "geometry": { "type": "Point", "coordinates": [ -77.674988890826597, 43.099948293007103 ] } },
{ "type": "Feature", "properties": { "sample_order": 57, "property_id": "14716000010640000000", "latitude": 43.099969149836021, "longitude": -77.674425533057416, "cache_origin": "validated_milestone_1_baseline" }, "geometry": { "type": "Point", "coordinates": [ -77.674425533057416, 43.099969149836021 ] } },
{ "type": "Feature", "properties": { "sample_order": 58, "property_id": "14716000010630000000", "latitude": 43.099961961649271, "longitude": -77.674612617096827, "cache_origin": "validated_milestone_1_baseline" }, "geometry": { "type": "Point", "coordinates": [ -77.674612617096827, 43.099961961649271 ] } },
{ "type": "Feature", "properties": { "sample_order": 59, "property_id": "14716000020131100000", "latitude": 43.099443612384256, "longitude": -77.67364472370069, "cache_origin": "validated_milestone_1_baseline" }, "geometry": { "type": "Point", "coordinates": [ -77.67364472370069, 43.099443612384256 ] } },
{ "type": "Feature", "properties": { "sample_order": 60, "property_id": "14716000020500000000", "latitude": 43.099017897917811, "longitude": -77.674083253374619, "cache_origin": "validated_milestone_1_baseline" }, "geometry": { "type": "Point", "coordinates": [ -77.674083253374619, 43.099017897917811 ] } },
{ "type": "Feature", "properties": { "sample_order": 61, "property_id": "14716000020490000000", "latitude": 43.099028769897863, "longitude": -77.673801742025816, "cache_origin": "validated_milestone_1_baseline" }, "geometry": { "type": "Point", "coordinates": [ -77.673801742025816, 43.099028769897863 ] } },
{ "type": "Feature", "properties": { "sample_order": 62, "property_id": "14716000020521000000", "latitude": 43.099004623932728, "longitude": -77.674457093568293, "cache_origin": "validated_milestone_1_baseline" }, "geometry": { "type": "Point", "coordinates": [ -77.674457093568293, 43.099004623932728 ] } },
{ "type": "Feature", "properties": { "sample_order": 63, "property_id": "14716000020060000000", "latitude": 43.099410082303791, "longitude": -77.674580219356088, "cache_origin": "validated_milestone_1_baseline" }, "geometry": { "type": "Point", "coordinates": [ -77.674580219356088, 43.099410082303791 ] } },
{ "type": "Feature", "properties": { "sample_order": 64, "property_id": "14716000020530000000", "latitude": 43.098991054777727, "longitude": -77.674830057006275, "cache_origin": "validated_milestone_1_baseline" }, "geometry": { "type": "Point", "coordinates": [ -77.674830057006275, 43.098991054777727 ] } },
{ "type": "Feature", "properties": { "sample_order": 65, "property_id": "14716000020540000000", "latitude": 43.098978209107102, "longitude": -77.675200512347985, "cache_origin": "validated_milestone_1_baseline" }, "geometry": { "type": "Point", "coordinates": [ -77.675200512347985, 43.098978209107102 ] } },
{ "type": "Feature", "properties": { "sample_order": 66, "property_id": "14716000030580000000", "latitude": 43.098003815416014, "longitude": -77.675170293920146, "cache_origin": "validated_milestone_1_baseline" }, "geometry": { "type": "Point", "coordinates": [ -77.675170293920146, 43.098003815416014 ] } },
{ "type": "Feature", "properties": { "sample_order": 67, "property_id": "14716000030100000000", "latitude": 43.098458975843997, "longitude": -77.674508226572598, "cache_origin": "validated_milestone_1_baseline" }, "geometry": { "type": "Point", "coordinates": [ -77.674508226572598, 43.098458975843997 ] } },
{ "type": "Feature", "properties": { "sample_order": 68, "property_id": "14716000030560000000", "latitude": 43.097978783530969, "longitude": -77.674656840259928, "cache_origin": "validated_milestone_1_baseline" }, "geometry": { "type": "Point", "coordinates": [ -77.674656840259928, 43.097978783530969 ] } },
{ "type": "Feature", "properties": { "sample_order": 69, "property_id": "14716000030090000000", "latitude": 43.098451449674712, "longitude": -77.67469707130995, "cache_origin": "validated_milestone_1_baseline" }, "geometry": { "type": "Point", "coordinates": [ -77.67469707130995, 43.098451449674712 ] } },
{ "type": "Feature", "properties": { "sample_order": 70, "property_id": "14716000030570000000", "latitude": 43.097986865993398, "longitude": -77.674888779876412, "cache_origin": "validated_milestone_1_baseline" }, "geometry": { "type": "Point", "coordinates": [ -77.674888779876412, 43.097986865993398 ] } },
{ "type": "Feature", "properties": { "sample_order": 71, "property_id": "14716000030080000000", "latitude": 43.098444341989492, "longitude": -77.674882822249444, "cache_origin": "validated_milestone_1_baseline" }, "geometry": { "type": "Point", "coordinates": [ -77.674882822249444, 43.098444341989492 ] } },
{ "type": "Feature", "properties": { "sample_order": 72, "property_id": "14716000030540000000", "latitude": 43.097982799180734, "longitude": -77.674283816634841, "cache_origin": "validated_milestone_1_baseline" }, "geometry": { "type": "Point", "coordinates": [ -77.674283816634841, 43.097982799180734 ] } },
{ "type": "Feature", "properties": { "sample_order": 73, "property_id": "14716000030110000000", "latitude": 43.09846459915255, "longitude": -77.674319178816006, "cache_origin": "validated_milestone_1_baseline" }, "geometry": { "type": "Point", "coordinates": [ -77.674319178816006, 43.09846459915255 ] } },
{ "type": "Feature", "properties": { "sample_order": 74, "property_id": "14716000030120000000", "latitude": 43.098471195864143, "longitude": -77.674134467227276, "cache_origin": "validated_milestone_1_baseline" }, "geometry": { "type": "Point", "coordinates": [ -77.674134467227276, 43.098471195864143 ] } },
{ "type": "Feature", "properties": { "sample_order": 75, "property_id": "14716000030530000000", "latitude": 43.097989528443605, "longitude": -77.674096932919767, "cache_origin": "validated_milestone_1_baseline" }, "geometry": { "type": "Point", "coordinates": [ -77.674096932919767, 43.097989528443605 ] } },
{ "type": "Feature", "properties": { "sample_order": 76, "property_id": "14716000030140000000", "latitude": 43.098491739004771, "longitude": -77.673577589904554, "cache_origin": "validated_milestone_1_baseline" }, "geometry": { "type": "Point", "coordinates": [ -77.673577589904554, 43.098491739004771 ] } },
{ "type": "Feature", "properties": { "sample_order": 77, "property_id": "14716000030130000000", "latitude": 43.098481109624281, "longitude": -77.67385938152772, "cache_origin": "validated_milestone_1_baseline" }, "geometry": { "type": "Point", "coordinates": [ -77.67385938152772, 43.098481109624281 ] } },
{ "type": "Feature", "properties": { "sample_order": 78, "property_id": "14716000030520000000", "latitude": 43.097996396108577, "longitude": -77.673909363790116, "cache_origin": "validated_milestone_1_baseline" }, "geometry": { "type": "Point", "coordinates": [ -77.673909363790116, 43.097996396108577 ] } },
{ "type": "Feature", "properties": { "sample_order": 79, "property_id": "14716000030510000000", "latitude": 43.098003163414319, "longitude": -77.673723843717639, "cache_origin": "validated_milestone_1_baseline" }, "geometry": { "type": "Point", "coordinates": [ -77.673723843717639, 43.098003163414319 ] } },
{ "type": "Feature", "properties": { "sample_order": 80, "property_id": "14716000030500000000", "latitude": 43.098010906097997, "longitude": -77.673535574800397, "cache_origin": "validated_milestone_1_baseline" }, "geometry": { "type": "Point", "coordinates": [ -77.673535574800397, 43.098010906097997 ] } },
{ "type": "Feature", "properties": { "sample_order": 81, "property_id": "14716000030490000000", "latitude": 43.098018541862942, "longitude": -77.673347197186999, "cache_origin": "validated_milestone_1_baseline" }, "geometry": { "type": "Point", "coordinates": [ -77.673347197186999, 43.098018541862942 ] } },
{ "type": "Feature", "properties": { "sample_order": 82, "property_id": "14716000030480000000", "latitude": 43.098023364968661, "longitude": -77.673159655905124, "cache_origin": "validated_milestone_1_baseline" }, "geometry": { "type": "Point", "coordinates": [ -77.673159655905124, 43.098023364968661 ] } },
{ "type": "Feature", "properties": { "sample_order": 83, "property_id": "14716000030470000000", "latitude": 43.098031900677682, "longitude": -77.67297047340125, "cache_origin": "validated_milestone_1_baseline" }, "geometry": { "type": "Point", "coordinates": [ -77.67297047340125, 43.098031900677682 ] } },
{ "type": "Feature", "properties": { "sample_order": 84, "property_id": "14716000030460000000", "latitude": 43.098038211447381, "longitude": -77.672783847502657, "cache_origin": "validated_milestone_1_baseline" }, "geometry": { "type": "Point", "coordinates": [ -77.672783847502657, 43.098038211447381 ] } },
{ "type": "Feature", "properties": { "sample_order": 85, "property_id": "14716000030160000000", "latitude": 43.098504670048627, "longitude": -77.673198685009282, "cache_origin": "validated_milestone_1_baseline" }, "geometry": { "type": "Point", "coordinates": [ -77.673198685009282, 43.098504670048627 ] } },
{ "type": "Feature", "properties": { "sample_order": 86, "property_id": "14716000030150000000", "latitude": 43.098499026409868, "longitude": -77.673386576634115, "cache_origin": "validated_milestone_1_baseline" }, "geometry": { "type": "Point", "coordinates": [ -77.673386576634115, 43.098499026409868 ] } },
{ "type": "Feature", "properties": { "sample_order": 87, "property_id": "14716000030170000000", "latitude": 43.098512389711281, "longitude": -77.673009542929577, "cache_origin": "validated_milestone_1_baseline" }, "geometry": { "type": "Point", "coordinates": [ -77.673009542929577, 43.098512389711281 ] } },
{ "type": "Feature", "properties": { "sample_order": 88, "property_id": "14716000030190000000", "latitude": 43.098525429635437, "longitude": -77.672631945981365, "cache_origin": "validated_milestone_1_baseline" }, "geometry": { "type": "Point", "coordinates": [ -77.672631945981365, 43.098525429635437 ] } },
{ "type": "Feature", "properties": { "sample_order": 89, "property_id": "14716000030180000000", "latitude": 43.098518908361847, "longitude": -77.672820845515957, "cache_origin": "validated_milestone_1_baseline" }, "geometry": { "type": "Point", "coordinates": [ -77.672820845515957, 43.098518908361847 ] } },
{ "type": "Feature", "properties": { "sample_order": 90, "property_id": "14716000030210000000", "latitude": 43.09853952888632, "longitude": -77.672256752026541, "cache_origin": "validated_milestone_1_baseline" }, "geometry": { "type": "Point", "coordinates": [ -77.672256752026541, 43.09853952888632 ] } },
{ "type": "Feature", "properties": { "sample_order": 91, "property_id": "14716000030200000000", "latitude": 43.098532057825203, "longitude": -77.672443863015388, "cache_origin": "validated_milestone_1_baseline" }, "geometry": { "type": "Point", "coordinates": [ -77.672443863015388, 43.098532057825203 ] } },
{ "type": "Feature", "properties": { "sample_order": 92, "property_id": "14716000030220000000", "latitude": 43.098545350934771, "longitude": -77.672071093613525, "cache_origin": "validated_milestone_1_baseline" }, "geometry": { "type": "Point", "coordinates": [ -77.672071093613525, 43.098545350934771 ] } },
{ "type": "Feature", "properties": { "sample_order": 93, "property_id": "14716000030230000000", "latitude": 43.098552573396255, "longitude": -77.6718835433485, "cache_origin": "validated_milestone_1_baseline" }, "geometry": { "type": "Point", "coordinates": [ -77.6718835433485, 43.098552573396255 ] } },
{ "type": "Feature", "properties": { "sample_order": 94, "property_id": "14716000020400000000", "latitude": 43.099090313467357, "longitude": -77.672106596830176, "cache_origin": "validated_milestone_1_baseline" }, "geometry": { "type": "Point", "coordinates": [ -77.672106596830176, 43.099090313467357 ] } },
{ "type": "Feature", "properties": { "sample_order": 95, "property_id": "14716000020410000000", "latitude": 43.099082546650898, "longitude": -77.672295469415303, "cache_origin": "validated_milestone_1_baseline" }, "geometry": { "type": "Point", "coordinates": [ -77.672295469415303, 43.099082546650898 ] } },
{ "type": "Feature", "properties": { "sample_order": 96, "property_id": "14716000020430000000", "latitude": 43.099068988663952, "longitude": -77.672674527024142, "cache_origin": "validated_milestone_1_baseline" }, "geometry": { "type": "Point", "coordinates": [ -77.672674527024142, 43.099068988663952 ] } },
{ "type": "Feature", "properties": { "sample_order": 97, "property_id": "14716000020420000000", "latitude": 43.09907527899307, "longitude": -77.67248466629222, "cache_origin": "validated_milestone_1_baseline" }, "geometry": { "type": "Point", "coordinates": [ -77.67248466629222, 43.09907527899307 ] } },
{ "type": "Feature", "properties": { "sample_order": 98, "property_id": "14716000020170000000", "latitude": 43.099483853179173, "longitude": -77.672518441150288, "cache_origin": "validated_milestone_1_baseline" }, "geometry": { "type": "Point", "coordinates": [ -77.672518441150288, 43.099483853179173 ] } },
{ "type": "Feature", "properties": { "sample_order": 99, "property_id": "14716000020450000000", "latitude": 43.099055114517569, "longitude": -77.673046703537949, "cache_origin": "validated_milestone_1_baseline" }, "geometry": { "type": "Point", "coordinates": [ -77.673046703537949, 43.099055114517569 ] } },
{ "type": "Feature", "properties": { "sample_order": 100, "property_id": "14716000020440000000", "latitude": 43.099062471383775, "longitude": -77.672862088967278, "cache_origin": "validated_milestone_1_baseline" }, "geometry": { "type": "Point", "coordinates": [ -77.672862088967278, 43.099062471383775 ] } },
{ "type": "Feature", "properties": { "sample_order": 101, "property_id": "14716000020460000000", "latitude": 43.099048566407411, "longitude": -77.673234232243388, "cache_origin": "validated_milestone_1_baseline" }, "geometry": { "type": "Point", "coordinates": [ -77.673234232243388, 43.099048566407411 ] } },
{ "type": "Feature", "properties": { "sample_order": 102, "property_id": "14716000020470000000", "latitude": 43.099041593256402, "longitude": -77.673421873238254, "cache_origin": "validated_milestone_1_baseline" }, "geometry": { "type": "Point", "coordinates": [ -77.673421873238254, 43.099041593256402 ] } },
{ "type": "Feature", "properties": { "sample_order": 103, "property_id": "14716000020480000000", "latitude": 43.099035138286325, "longitude": -77.673611335118196, "cache_origin": "validated_milestone_1_baseline" }, "geometry": { "type": "Point", "coordinates": [ -77.673611335118196, 43.099035138286325 ] } },
{ "type": "Feature", "properties": { "sample_order": 104, "property_id": "14716000020160000000", "latitude": 43.099477602247305, "longitude": -77.672706608557888, "cache_origin": "validated_milestone_1_baseline" }, "geometry": { "type": "Point", "coordinates": [ -77.672706608557888, 43.099477602247305 ] } },
{ "type": "Feature", "properties": { "sample_order": 105, "property_id": "14716000010660000000", "latitude": 43.10000049147483, "longitude": -77.673585107905154, "cache_origin": "validated_milestone_1_baseline" }, "geometry": { "type": "Point", "coordinates": [ -77.673585107905154, 43.10000049147483 ] } },
{ "type": "Feature", "properties": { "sample_order": 106, "property_id": "14716000010670000000", "latitude": 43.100011771915888, "longitude": -77.673306384028692, "cache_origin": "validated_milestone_1_baseline" }, "geometry": { "type": "Point", "coordinates": [ -77.673306384028692, 43.100011771915888 ] } },
{ "type": "Feature", "properties": { "sample_order": 107, "property_id": "14716000010680000000", "latitude": 43.100018392729702, "longitude": -77.67312155565898, "cache_origin": "validated_milestone_1_baseline" }, "geometry": { "type": "Point", "coordinates": [ -77.67312155565898, 43.100018392729702 ] } },
{ "type": "Feature", "properties": { "sample_order": 108, "property_id": "14716000010700000000", "latitude": 43.100035745633939, "longitude": -77.672653627719058, "cache_origin": "validated_milestone_1_baseline" }, "geometry": { "type": "Point", "coordinates": [ -77.672653627719058, 43.100035745633939 ] } },
{ "type": "Feature", "properties": { "sample_order": 109, "property_id": "14716000010710000000", "latitude": 43.100045625033161, "longitude": -77.672373503369073, "cache_origin": "validated_milestone_1_baseline" }, "geometry": { "type": "Point", "coordinates": [ -77.672373503369073, 43.100045625033161 ] } },
{ "type": "Feature", "properties": { "sample_order": 110, "property_id": "14716000010720000000", "latitude": 43.100053621953727, "longitude": -77.672184393628726, "cache_origin": "validated_milestone_1_baseline" }, "geometry": { "type": "Point", "coordinates": [ -77.672184393628726, 43.100053621953727 ] } },
{ "type": "Feature", "properties": { "sample_order": 111, "property_id": "14716000010730000000", "latitude": 43.10005902800787, "longitude": -77.671993633683201, "cache_origin": "validated_milestone_1_baseline" }, "geometry": { "type": "Point", "coordinates": [ -77.671993633683201, 43.10005902800787 ] } },
{ "type": "Feature", "properties": { "sample_order": 112, "property_id": "14716000020180000000", "latitude": 43.099491035518753, "longitude": -77.672331341839538, "cache_origin": "validated_milestone_1_baseline" }, "geometry": { "type": "Point", "coordinates": [ -77.672331341839538, 43.099491035518753 ] } },
{ "type": "Feature", "properties": { "sample_order": 113, "property_id": "14716000020190000000", "latitude": 43.09949879965972, "longitude": -77.672140936728539, "cache_origin": "validated_milestone_1_baseline" }, "geometry": { "type": "Point", "coordinates": [ -77.672140936728539, 43.09949879965972 ] } },
{ "type": "Feature", "properties": { "sample_order": 114, "property_id": "14716000020200000000", "latitude": 43.099504510110322, "longitude": -77.671951420051371, "cache_origin": "validated_milestone_1_baseline" }, "geometry": { "type": "Point", "coordinates": [ -77.671951420051371, 43.099504510110322 ] } },
{ "type": "Feature", "properties": { "sample_order": 115, "property_id": "14716000020390000000", "latitude": 43.099095924255373, "longitude": -77.671917847314248, "cache_origin": "validated_milestone_1_baseline" }, "geometry": { "type": "Point", "coordinates": [ -77.671917847314248, 43.099095924255373 ] } },
{ "type": "Feature", "properties": { "sample_order": 116, "property_id": "14813000010421000000", "latitude": 43.099392263517281, "longitude": -77.669716545473463, "cache_origin": "validated_milestone_1_baseline" }, "geometry": { "type": "Point", "coordinates": [ -77.669716545473463, 43.099392263517281 ] } },
{ "type": "Feature", "properties": { "sample_order": 117, "property_id": "14716000010750000000", "latitude": 43.100082433685003, "longitude": -77.671438358056619, "cache_origin": "validated_milestone_1_baseline" }, "geometry": { "type": "Point", "coordinates": [ -77.671438358056619, 43.100082433685003 ] } },
{ "type": "Feature", "properties": { "sample_order": 118, "property_id": "14716000010381000000", "latitude": 43.100277605488429, "longitude": -77.671640302925752, "cache_origin": "validated_milestone_1_baseline" }, "geometry": { "type": "Point", "coordinates": [ -77.671640302925752, 43.100277605488429 ] } },
{ "type": "Feature", "properties": { "sample_order": 119, "property_id": "14716000010370000000", "latitude": 43.10050400457817, "longitude": -77.671284960840396, "cache_origin": "validated_milestone_1_baseline" }, "geometry": { "type": "Point", "coordinates": [ -77.671284960840396, 43.10050400457817 ] } },
{ "type": "Feature", "properties": { "sample_order": 120, "property_id": "14716000010290000000", "latitude": 43.101104491006602, "longitude": -77.670678066220972, "cache_origin": "validated_milestone_1_baseline" }, "geometry": { "type": "Point", "coordinates": [ -77.670678066220972, 43.101104491006602 ] } },
{ "type": "Feature", "properties": { "sample_order": 121, "property_id": "14716000010280000000", "latitude": 43.101089699055542, "longitude": -77.671053426364125, "cache_origin": "validated_milestone_1_baseline" }, "geometry": { "type": "Point", "coordinates": [ -77.671053426364125, 43.101089699055542 ] } },
{ "type": "Feature", "properties": { "sample_order": 122, "property_id": "14716000010270000000", "latitude": 43.10107921836051, "longitude": -77.671327551764648, "cache_origin": "validated_milestone_1_baseline" }, "geometry": { "type": "Point", "coordinates": [ -77.671327551764648, 43.10107921836051 ] } },
{ "type": "Feature", "properties": { "sample_order": 123, "property_id": "14716000010260000000", "latitude": 43.101072785905998, "longitude": -77.671514050102473, "cache_origin": "validated_milestone_1_baseline" }, "geometry": { "type": "Point", "coordinates": [ -77.671514050102473, 43.101072785905998 ] } },
{ "type": "Feature", "properties": { "sample_order": 124, "property_id": "14716000010200000000", "latitude": 43.1010231470378, "longitude": -77.67272767135637, "cache_origin": "validated_milestone_1_baseline" }, "geometry": { "type": "Point", "coordinates": [ -77.67272767135637, 43.1010231470378 ] } },
{ "type": "Feature", "properties": { "sample_order": 125, "property_id": "14716000010390000000", "latitude": 43.100473722493149, "longitude": -77.672026518310801, "cache_origin": "validated_milestone_1_baseline" }, "geometry": { "type": "Point", "coordinates": [ -77.672026518310801, 43.100473722493149 ] } },
{ "type": "Feature", "properties": { "sample_order": 126, "property_id": "14716000010411100000", "latitude": 43.100464316730765, "longitude": -77.672310014038061, "cache_origin": "validated_milestone_1_baseline" }, "geometry": { "type": "Point", "coordinates": [ -77.672310014038061, 43.100464316730765 ] } },
{ "type": "Feature", "properties": { "sample_order": 127, "property_id": "14716000010431100000", "latitude": 43.100450350417091, "longitude": -77.672683163427294, "cache_origin": "validated_milestone_1_baseline" }, "geometry": { "type": "Point", "coordinates": [ -77.672683163427294, 43.100450350417091 ] } },
{ "type": "Feature", "properties": { "sample_order": 128, "property_id": "14716000010690000000", "latitude": 43.100024729531292, "longitude": -77.672931513467375, "cache_origin": "validated_milestone_1_baseline" }, "geometry": { "type": "Point", "coordinates": [ -77.672931513467375, 43.100024729531292 ] } },
{ "type": "Feature", "properties": { "sample_order": 129, "property_id": "14716000010440000000", "latitude": 43.10043598071487, "longitude": -77.673056928162509, "cache_origin": "validated_milestone_1_baseline" }, "geometry": { "type": "Point", "coordinates": [ -77.673056928162509, 43.10043598071487 ] } },
{ "type": "Feature", "properties": { "sample_order": 130, "property_id": "14716000010450000000", "latitude": 43.100426029884304, "longitude": -77.673337610366289, "cache_origin": "validated_milestone_1_baseline" }, "geometry": { "type": "Point", "coordinates": [ -77.673337610366289, 43.100426029884304 ] } },
{ "type": "Feature", "properties": { "sample_order": 131, "property_id": "14716000010460000000", "latitude": 43.10041948847983, "longitude": -77.673524669252842, "cache_origin": "validated_milestone_1_baseline" }, "geometry": { "type": "Point", "coordinates": [ -77.673524669252842, 43.10041948847983 ] } },
{ "type": "Feature", "properties": { "sample_order": 132, "property_id": "14716000010180000000", "latitude": 43.101003433810718, "longitude": -77.673195955029144, "cache_origin": "validated_milestone_1_baseline" }, "geometry": { "type": "Point", "coordinates": [ -77.673195955029144, 43.101003433810718 ] } },
{ "type": "Feature", "properties": { "sample_order": 133, "property_id": "14716000010310000000", "latitude": 43.101122704148949, "longitude": -77.670204764559017, "cache_origin": "validated_milestone_1_baseline" }, "geometry": { "type": "Point", "coordinates": [ -77.670204764559017, 43.101122704148949 ] } },
{ "type": "Feature", "properties": { "sample_order": 134, "property_id": "14716000010300000000", "latitude": 43.101117624828923, "longitude": -77.670394892090584, "cache_origin": "validated_milestone_1_baseline" }, "geometry": { "type": "Point", "coordinates": [ -77.670394892090584, 43.101117624828923 ] } },
{ "type": "Feature", "properties": { "sample_order": 135, "property_id": "14813000010060000000", "latitude": 43.101165343791102, "longitude": -77.669086484201159, "cache_origin": "validated_milestone_1_baseline" }, "geometry": { "type": "Point", "coordinates": [ -77.669086484201159, 43.101165343791102 ] } },
{ "type": "Feature", "properties": { "sample_order": 136, "property_id": "14813000010241000000", "latitude": 43.100329887632142, "longitude": -77.670345995891353, "cache_origin": "validated_milestone_1_baseline" }, "geometry": { "type": "Point", "coordinates": [ -77.670345995891353, 43.100329887632142 ] } },
{ "type": "Feature", "properties": { "sample_order": 137, "property_id": "14813000010330000000", "latitude": 43.100167839668131, "longitude": -77.669198173537069, "cache_origin": "validated_milestone_1_baseline" }, "geometry": { "type": "Point", "coordinates": [ -77.669198173537069, 43.100167839668131 ] } },
{ "type": "Feature", "properties": { "sample_order": 138, "property_id": "14813000010340000000", "latitude": 43.100175836572753, "longitude": -77.66901200667759, "cache_origin": "validated_milestone_1_baseline" }, "geometry": { "type": "Point", "coordinates": [ -77.66901200667759, 43.100175836572753 ] } },
{ "type": "Feature", "properties": { "sample_order": 139, "property_id": "14817000010020000000", "latitude": 43.097166153462631, "longitude": -77.666721029615246, "cache_origin": "validated_milestone_1_baseline" }, "geometry": { "type": "Point", "coordinates": [ -77.666721029615246, 43.097166153462631 ] } },
{ "type": "Feature", "properties": { "sample_order": 140, "property_id": "14813000010800000000", "latitude": 43.098192624057901, "longitude": -77.668770880889028, "cache_origin": "validated_milestone_1_baseline" }, "geometry": { "type": "Point", "coordinates": [ -77.668770880889028, 43.098192624057901 ] } },
{ "type": "Feature", "properties": { "sample_order": 141, "property_id": "14813000010760000000", "latitude": 43.098158904382949, "longitude": -77.669608020003977, "cache_origin": "validated_milestone_1_baseline" }, "geometry": { "type": "Point", "coordinates": [ -77.669608020003977, 43.098158904382949 ] } },
{ "type": "Feature", "properties": { "sample_order": 142, "property_id": "14813000010711000000", "latitude": 43.098370101525219, "longitude": -77.669355741631165, "cache_origin": "validated_milestone_1_baseline" }, "geometry": { "type": "Point", "coordinates": [ -77.669355741631165, 43.098370101525219 ] } },
{ "type": "Feature", "properties": { "sample_order": 143, "property_id": "14813000010790000000", "latitude": 43.098180991700282, "longitude": -77.66904808212108, "cache_origin": "validated_milestone_1_baseline" }, "geometry": { "type": "Point", "coordinates": [ -77.66904808212108, 43.098180991700282 ] } },
{ "type": "Feature", "properties": { "sample_order": 144, "property_id": "14813000010680000000", "latitude": 43.098675856241996, "longitude": -77.668711763658493, "cache_origin": "validated_milestone_1_baseline" }, "geometry": { "type": "Point", "coordinates": [ -77.668711763658493, 43.098675856241996 ] } },
{ "type": "Feature", "properties": { "sample_order": 145, "property_id": "14813000010670000000", "latitude": 43.098682828122818, "longitude": -77.668524612245463, "cache_origin": "validated_milestone_1_baseline" }, "geometry": { "type": "Point", "coordinates": [ -77.668524612245463, 43.098682828122818 ] } },
{ "type": "Feature", "properties": { "sample_order": 146, "property_id": "14813000010660000000", "latitude": 43.098691256823273, "longitude": -77.668338402266841, "cache_origin": "validated_milestone_1_baseline" }, "geometry": { "type": "Point", "coordinates": [ -77.668338402266841, 43.098691256823273 ] } },
{ "type": "Feature", "properties": { "sample_order": 147, "property_id": "14813000010810000000", "latitude": 43.098235601579283, "longitude": -77.668393428569573, "cache_origin": "validated_milestone_1_baseline" }, "geometry": { "type": "Point", "coordinates": [ -77.668393428569573, 43.098235601579283 ] } },
{ "type": "Feature", "properties": { "sample_order": 148, "property_id": "14813000010650000000", "latitude": 43.098726516983689, "longitude": -77.668142618942255, "cache_origin": "validated_milestone_1_baseline" }, "geometry": { "type": "Point", "coordinates": [ -77.668142618942255, 43.098726516983689 ] } },
{ "type": "Feature", "properties": { "sample_order": 149, "property_id": "14716000030290000000", "latitude": 43.09860028976609, "longitude": -77.6705803735355, "cache_origin": "validated_milestone_1_baseline" }, "geometry": { "type": "Point", "coordinates": [ -77.6705803735355, 43.09860028976609 ] } },
{ "type": "Feature", "properties": { "sample_order": 150, "property_id": "14716000030280000000", "latitude": 43.098593133559262, "longitude": -77.670770619644685, "cache_origin": "validated_milestone_1_baseline" }, "geometry": { "type": "Point", "coordinates": [ -77.670770619644685, 43.098593133559262 ] } },
{ "type": "Feature", "properties": { "sample_order": 151, "property_id": "14716000030310000000", "latitude": 43.098614853398772, "longitude": -77.670203604833986, "cache_origin": "validated_milestone_1_baseline" }, "geometry": { "type": "Point", "coordinates": [ -77.670203604833986, 43.098614853398772 ] } },
{ "type": "Feature", "properties": { "sample_order": 152, "property_id": "14716000030300000000", "latitude": 43.098607579126046, "longitude": -77.670388797021374, "cache_origin": "validated_milestone_1_baseline" }, "geometry": { "type": "Point", "coordinates": [ -77.670388797021374, 43.098607579126046 ] } },
{ "type": "Feature", "properties": { "sample_order": 153, "property_id": "14716000030350000000", "latitude": 43.098127864187937, "longitude": -77.670353633367895, "cache_origin": "validated_milestone_1_baseline" }, "geometry": { "type": "Point", "coordinates": [ -77.670353633367895, 43.098127864187937 ] } },
{ "type": "Feature", "properties": { "sample_order": 154, "property_id": "14716000030320000000", "latitude": 43.098622353310745, "longitude": -77.670017357126113, "cache_origin": "validated_milestone_1_baseline" }, "geometry": { "type": "Point", "coordinates": [ -77.670017357126113, 43.098622353310745 ] } },
{ "type": "Feature", "properties": { "sample_order": 155, "property_id": "14813000010730000000", "latitude": 43.098636567983085, "longitude": -77.66964356184819, "cache_origin": "validated_milestone_1_baseline" }, "geometry": { "type": "Point", "coordinates": [ -77.66964356184819, 43.098636567983085 ] } },
{ "type": "Feature", "properties": { "sample_order": 156, "property_id": "14813000010740000000", "latitude": 43.098628303257748, "longitude": -77.669828944478425, "cache_origin": "validated_milestone_1_baseline" }, "geometry": { "type": "Point", "coordinates": [ -77.669828944478425, 43.098628303257748 ] } },
{ "type": "Feature", "properties": { "sample_order": 157, "property_id": "14813000010751000000", "latitude": 43.098147565222177, "longitude": -77.669883681523643, "cache_origin": "validated_milestone_1_baseline" }, "geometry": { "type": "Point", "coordinates": [ -77.669883681523643, 43.098147565222177 ] } },
{ "type": "Feature", "properties": { "sample_order": 158, "property_id": "14720000010060000000", "latitude": 43.097454205039128, "longitude": -77.669763002746677, "cache_origin": "validated_milestone_1_baseline" }, "geometry": { "type": "Point", "coordinates": [ -77.669763002746677, 43.097454205039128 ] } },
{ "type": "Feature", "properties": { "sample_order": 159, "property_id": "14720000010040000000", "latitude": 43.097375832238932, "longitude": -77.671673929561791, "cache_origin": "validated_milestone_1_baseline" }, "geometry": { "type": "Point", "coordinates": [ -77.671673929561791, 43.097375832238932 ] } },
{ "type": "Feature", "properties": { "sample_order": 160, "property_id": "14716000030400000000", "latitude": 43.098087473604302, "longitude": -77.671474793724542, "cache_origin": "validated_milestone_1_baseline" }, "geometry": { "type": "Point", "coordinates": [ -77.671474793724542, 43.098087473604302 ] } },
{ "type": "Feature", "properties": { "sample_order": 161, "property_id": "14716000030390000000", "latitude": 43.098096004056849, "longitude": -77.671195065531592, "cache_origin": "validated_milestone_1_baseline" }, "geometry": { "type": "Point", "coordinates": [ -77.671195065531592, 43.098096004056849 ] } },
{ "type": "Feature", "properties": { "sample_order": 162, "property_id": "14716000030380000000", "latitude": 43.098107574116653, "longitude": -77.670915130726115, "cache_origin": "validated_milestone_1_baseline" }, "geometry": { "type": "Point", "coordinates": [ -77.670915130726115, 43.098107574116653 ] } },
{ "type": "Feature", "properties": { "sample_order": 163, "property_id": "14716000030370000000", "latitude": 43.098113653333137, "longitude": -77.670729982556168, "cache_origin": "validated_milestone_1_baseline" }, "geometry": { "type": "Point", "coordinates": [ -77.670729982556168, 43.098113653333137 ] } },
{ "type": "Feature", "properties": { "sample_order": 164, "property_id": "14716000030241000000", "latitude": 43.098575886507007, "longitude": -77.671234588709154, "cache_origin": "validated_milestone_1_baseline" }, "geometry": { "type": "Point", "coordinates": [ -77.671234588709154, 43.098575886507007 ] } },
{ "type": "Feature", "properties": { "sample_order": 165, "property_id": "14716000030430000000", "latitude": 43.098059338516912, "longitude": -77.672220709820706, "cache_origin": "validated_milestone_1_baseline" }, "geometry": { "type": "Point", "coordinates": [ -77.672220709820706, 43.098059338516912 ] } },
{ "type": "Feature", "properties": { "sample_order": 166, "property_id": "14716000030420000000", "latitude": 43.098064533535513, "longitude": -77.672035995537044, "cache_origin": "validated_milestone_1_baseline" }, "geometry": { "type": "Point", "coordinates": [ -77.672035995537044, 43.098064533535513 ] } },
{ "type": "Feature", "properties": { "sample_order": 167, "property_id": "14720000010030000000", "latitude": 43.097407942659324, "longitude": -77.672279601574118, "cache_origin": "validated_milestone_1_baseline" }, "geometry": { "type": "Point", "coordinates": [ -77.672279601574118, 43.097407942659324 ] } },
{ "type": "Feature", "properties": { "sample_order": 168, "property_id": "14716000030410000000", "latitude": 43.098071418246413, "longitude": -77.67184745712521, "cache_origin": "validated_milestone_1_baseline" }, "geometry": { "type": "Point", "coordinates": [ -77.67184745712521, 43.098071418246413 ] } },
{ "type": "Feature", "properties": { "sample_order": 169, "property_id": "14716000030401200000", "latitude": 43.098074775985744, "longitude": -77.671703290996845, "cache_origin": "validated_milestone_1_baseline" }, "geometry": { "type": "Point", "coordinates": [ -77.671703290996845, 43.098074775985744 ] } },
{ "type": "Feature", "properties": { "sample_order": 170, "property_id": "14716000030401100000", "latitude": 43.098082554080953, "longitude": -77.671611387953391, "cache_origin": "validated_milestone_1_baseline" }, "geometry": { "type": "Point", "coordinates": [ -77.671611387953391, 43.098082554080953 ] } },
{ "type": "Feature", "properties": { "sample_order": 171, "property_id": "14716000030440000000", "latitude": 43.098051229170679, "longitude": -77.672406529930498, "cache_origin": "validated_milestone_1_baseline" }, "geometry": { "type": "Point", "coordinates": [ -77.672406529930498, 43.098051229170679 ] } },
{ "type": "Feature", "properties": { "sample_order": 172, "property_id": "14716000030450000000", "latitude": 43.098044587810122, "longitude": -77.672595384549297, "cache_origin": "validated_milestone_1_baseline" }, "geometry": { "type": "Point", "coordinates": [ -77.672595384549297, 43.098044587810122 ] } },
{ "type": "Feature", "properties": { "sample_order": 173, "property_id": "14720000010050000000", "latitude": 43.097329490430582, "longitude": -77.670641167920678, "cache_origin": "validated_milestone_1_baseline" }, "geometry": { "type": "Point", "coordinates": [ -77.670641167920678, 43.097329490430582 ] } },
{ "type": "Feature", "properties": { "sample_order": 174, "property_id": "14817000020030000000", "latitude": 43.095681899565292, "longitude": -77.66876466634389, "cache_origin": "validated_milestone_1_baseline" }, "geometry": { "type": "Point", "coordinates": [ -77.66876466634389, 43.095681899565292 ] } },
{ "type": "Feature", "properties": { "sample_order": 175, "property_id": "14817000010010000000", "latitude": 43.09729788898229, "longitude": -77.668332098788497, "cache_origin": "validated_milestone_1_baseline" }, "geometry": { "type": "Point", "coordinates": [ -77.668332098788497, 43.09729788898229 ] } },
{ "type": "Feature", "properties": { "sample_order": 176, "property_id": "14817000020021000000", "latitude": 43.096319049380611, "longitude": -77.668284903998412, "cache_origin": "validated_milestone_1_baseline" }, "geometry": { "type": "Point", "coordinates": [ -77.668284903998412, 43.096319049380611 ] } },
{ "type": "Feature", "properties": { "sample_order": 177, "property_id": "14817000020130000000", "latitude": 43.094134360251807, "longitude": -77.668483508931331, "cache_origin": "validated_milestone_1_baseline" }, "geometry": { "type": "Point", "coordinates": [ -77.668483508931331, 43.094134360251807 ] } },
{ "type": "Feature", "properties": { "sample_order": 178, "property_id": "14817000020120000000", "latitude": 43.094033170851588, "longitude": -77.664803314231534, "cache_origin": "validated_milestone_1_baseline" }, "geometry": { "type": "Point", "coordinates": [ -77.664803314231534, 43.094033170851588 ] } },
{ "type": "Feature", "properties": { "sample_order": 179, "property_id": "14817000020110000000", "latitude": 43.09407145972753, "longitude": -77.664116733656499, "cache_origin": "validated_milestone_1_baseline" }, "geometry": { "type": "Point", "coordinates": [ -77.664116733656499, 43.09407145972753 ] } },
{ "type": "Feature", "properties": { "sample_order": 180, "property_id": "14817000020100000000", "latitude": 43.094096158004483, "longitude": -77.663451976753009, "cache_origin": "validated_milestone_1_baseline" }, "geometry": { "type": "Point", "coordinates": [ -77.663451976753009, 43.094096158004483 ] } },
{ "type": "Feature", "properties": { "sample_order": 181, "property_id": "148170000200110000WC", "latitude": 43.096718481601918, "longitude": -77.669359099533708, "cache_origin": "validated_milestone_1_baseline" }, "geometry": { "type": "Point", "coordinates": [ -77.669359099533708, 43.096718481601918 ] } },
{ "type": "Feature", "properties": { "sample_order": 182, "property_id": "14817000010901000000", "latitude": 43.096383251634194, "longitude": -77.664433785052893, "cache_origin": "validated_milestone_1_baseline" }, "geometry": { "type": "Point", "coordinates": [ -77.664433785052893, 43.096383251634194 ] } },
{ "type": "Feature", "properties": { "sample_order": 183, "property_id": "14817000010661000000", "latitude": 43.096123613071406, "longitude": -77.661997408475273, "cache_origin": "validated_milestone_1_baseline" }, "geometry": { "type": "Point", "coordinates": [ -77.661997408475273, 43.096123613071406 ] } },
{ "type": "Feature", "properties": { "sample_order": 184, "property_id": "148170000201600000WC", "latitude": 43.096591479500688, "longitude": -77.669450238110841, "cache_origin": "validated_milestone_1_baseline" }, "geometry": { "type": "Point", "coordinates": [ -77.669450238110841, 43.096591479500688 ] } },
{ "type": "Feature", "properties": { "sample_order": 185, "property_id": "14817000020040000000", "latitude": 43.095636818547192, "longitude": -77.66506023240278, "cache_origin": "validated_milestone_1_baseline" }, "geometry": { "type": "Point", "coordinates": [ -77.66506023240278, 43.095636818547192 ] } },
{ "type": "Feature", "properties": { "sample_order": 186, "property_id": "14817000020090000000", "latitude": 43.09411844095704, "longitude": -77.662953360566348, "cache_origin": "validated_milestone_1_baseline" }, "geometry": { "type": "Point", "coordinates": [ -77.662953360566348, 43.09411844095704 ] } },
{ "type": "Feature", "properties": { "sample_order": 187, "property_id": "14817000020070000000", "latitude": 43.093765046372511, "longitude": -77.661576738207501, "cache_origin": "validated_milestone_1_baseline" }, "geometry": { "type": "Point", "coordinates": [ -77.661576738207501, 43.093765046372511 ] } },
{ "type": "Feature", "properties": { "sample_order": 188, "property_id": "14817000020060000000", "latitude": 43.094071585675572, "longitude": -77.661044005802992, "cache_origin": "validated_milestone_1_baseline" }, "geometry": { "type": "Point", "coordinates": [ -77.661044005802992, 43.094071585675572 ] } },
{ "type": "Feature", "properties": { "sample_order": 189, "property_id": "14817000020080000000", "latitude": 43.093995059066387, "longitude": -77.662234688576106, "cache_origin": "validated_milestone_1_baseline" }, "geometry": { "type": "Point", "coordinates": [ -77.662234688576106, 43.093995059066387 ] } },
{ "type": "Feature", "properties": { "sample_order": 190, "property_id": "14817000010291000000", "latitude": 43.097322587269844, "longitude": -77.662649265571304, "cache_origin": "validated_milestone_1_baseline" }, "geometry": { "type": "Point", "coordinates": [ -77.662649265571304, 43.097322587269844 ] } },
{ "type": "Feature", "properties": { "sample_order": 191, "property_id": "14817000010651000000", "latitude": 43.097700319682517, "longitude": -77.661269021205257, "cache_origin": "validated_milestone_1_baseline" }, "geometry": { "type": "Point", "coordinates": [ -77.661269021205257, 43.097700319682517 ] } },
{ "type": "Feature", "properties": { "sample_order": 192, "property_id": "14814000040621000000", "latitude": 43.09861413253082, "longitude": -77.659610324253933, "cache_origin": "validated_milestone_1_baseline" }, "geometry": { "type": "Point", "coordinates": [ -77.659610324253933, 43.09861413253082 ] } },
{ "type": "Feature", "properties": { "sample_order": 193, "property_id": "14813000030011000000", "latitude": 43.100948253794591, "longitude": -77.659848667960077, "cache_origin": "validated_milestone_1_baseline" }, "geometry": { "type": "Point", "coordinates": [ -77.659848667960077, 43.100948253794591 ] } },
{ "type": "Feature", "properties": { "sample_order": 194, "property_id": "14817000010101000000", "latitude": 43.097087014803478, "longitude": -77.664198183005013, "cache_origin": "validated_milestone_1_baseline" }, "geometry": { "type": "Point", "coordinates": [ -77.664198183005013, 43.097087014803478 ] } },
{ "type": "Feature", "properties": { "sample_order": 195, "property_id": "14817000010121000000", "latitude": 43.097772126766323, "longitude": -77.664050937451833, "cache_origin": "validated_milestone_1_baseline" }, "geometry": { "type": "Point", "coordinates": [ -77.664050937451833, 43.097772126766323 ] } },
{ "type": "Feature", "properties": { "sample_order": 196, "property_id": "14817000010080000000", "latitude": 43.097710249965957, "longitude": -77.66530139861554, "cache_origin": "validated_milestone_1_baseline" }, "geometry": { "type": "Point", "coordinates": [ -77.66530139861554, 43.097710249965957 ] } },
{ "type": "Feature", "properties": { "sample_order": 197, "property_id": "14817000010070000000", "latitude": 43.097731371901133, "longitude": -77.665501917858322, "cache_origin": "validated_milestone_1_baseline" }, "geometry": { "type": "Point", "coordinates": [ -77.665501917858322, 43.097731371901133 ] } },
{ "type": "Feature", "properties": { "sample_order": 198, "property_id": "14813000020260000000", "latitude": 43.098265934622212, "longitude": -77.664757029434838, "cache_origin": "validated_milestone_1_baseline" }, "geometry": { "type": "Point", "coordinates": [ -77.664757029434838, 43.098265934622212 ] } },
{ "type": "Feature", "properties": { "sample_order": 199, "property_id": "14817000010031000000", "latitude": 43.097328384508067, "longitude": -77.665475024095329, "cache_origin": "validated_milestone_1_baseline" }, "geometry": { "type": "Point", "coordinates": [ -77.665475024095329, 43.097328384508067 ] } },
{ "type": "Feature", "properties": { "sample_order": 200, "property_id": "14813000020271000000", "latitude": 43.1006622040913, "longitude": -77.663261410843575, "cache_origin": "validated_milestone_1_baseline" }, "geometry": { "type": "Point", "coordinates": [ -77.663261410843575, 43.1006622040913 ] } },
{ "type": "Feature", "properties": { "sample_order": 201, "property_id": "148140000106000000WC", "latitude": 43.106649485343205, "longitude": -77.665751143755799, "cache_origin": "validated_milestone_1_baseline" }, "geometry": { "type": "Point", "coordinates": [ -77.665751143755799, 43.106649485343205 ] } },
{ "type": "Feature", "properties": { "sample_order": 202, "property_id": "14813000030651000000", "latitude": 43.102418010145492, "longitude": -77.658424389975409, "cache_origin": "validated_milestone_1_baseline" }, "geometry": { "type": "Point", "coordinates": [ -77.658424389975409, 43.102418010145492 ] } },
{ "type": "Feature", "properties": { "sample_order": 203, "property_id": "14813000030620000000", "latitude": 43.101994226981013, "longitude": -77.658636353754915, "cache_origin": "validated_milestone_1_baseline" }, "geometry": { "type": "Point", "coordinates": [ -77.658636353754915, 43.101994226981013 ] } },
{ "type": "Feature", "properties": { "sample_order": 204, "property_id": "14813000030630000000", "latitude": 43.102121284121445, "longitude": -77.658563432113411, "cache_origin": "validated_milestone_1_baseline" }, "geometry": { "type": "Point", "coordinates": [ -77.658563432113411, 43.102121284121445 ] } },
{ "type": "Feature", "properties": { "sample_order": 205, "property_id": "14813000030401000000", "latitude": 43.10046333352021, "longitude": -77.659450283097868, "cache_origin": "validated_milestone_1_baseline" }, "geometry": { "type": "Point", "coordinates": [ -77.659450283097868, 43.10046333352021 ] } },
{ "type": "Feature", "properties": { "sample_order": 206, "property_id": "14814000040580000000", "latitude": 43.09870347351746, "longitude": -77.657725029068843, "cache_origin": "validated_milestone_1_baseline" }, "geometry": { "type": "Point", "coordinates": [ -77.657725029068843, 43.09870347351746 ] } },
{ "type": "Feature", "properties": { "sample_order": 207, "property_id": "14814000040590000000", "latitude": 43.098695824063363, "longitude": -77.6579115121353, "cache_origin": "validated_milestone_1_baseline" }, "geometry": { "type": "Point", "coordinates": [ -77.6579115121353, 43.098695824063363 ] } },
{ "type": "Feature", "properties": { "sample_order": 208, "property_id": "14814000040600000000", "latitude": 43.098686192387881, "longitude": -77.658098056287216, "cache_origin": "validated_milestone_1_baseline" }, "geometry": { "type": "Point", "coordinates": [ -77.658098056287216, 43.098686192387881 ] } },
{ "type": "Feature", "properties": { "sample_order": 209, "property_id": "14814000040610000000", "latitude": 43.098678164460019, "longitude": -77.658287183993878, "cache_origin": "validated_milestone_1_baseline" }, "geometry": { "type": "Point", "coordinates": [ -77.658287183993878, 43.098678164460019 ] } },
{ "type": "Feature", "properties": { "sample_order": 210, "property_id": "14814000040540000000", "latitude": 43.098734399288908, "longitude": -77.656976806997349, "cache_origin": "validated_milestone_1_baseline" }, "geometry": { "type": "Point", "coordinates": [ -77.656976806997349, 43.098734399288908 ] } },
{ "type": "Feature", "properties": { "sample_order": 211, "property_id": "14814000040550000000", "latitude": 43.098727732421182, "longitude": -77.657165889788232, "cache_origin": "validated_milestone_1_baseline" }, "geometry": { "type": "Point", "coordinates": [ -77.657165889788232, 43.098727732421182 ] } },
{ "type": "Feature", "properties": { "sample_order": 212, "property_id": "14814000040570000000", "latitude": 43.098712808709948, "longitude": -77.657537815672057, "cache_origin": "validated_milestone_1_baseline" }, "geometry": { "type": "Point", "coordinates": [ -77.657537815672057, 43.098712808709948 ] } },
{ "type": "Feature", "properties": { "sample_order": 213, "property_id": "14814000040560000000", "latitude": 43.098717851497433, "longitude": -77.65735231266757, "cache_origin": "validated_milestone_1_baseline" }, "geometry": { "type": "Point", "coordinates": [ -77.65735231266757, 43.098717851497433 ] } },
{ "type": "Feature", "properties": { "sample_order": 214, "property_id": "14814000040530000000", "latitude": 43.098747021994683, "longitude": -77.656791321060837, "cache_origin": "validated_milestone_1_baseline" }, "geometry": { "type": "Point", "coordinates": [ -77.656791321060837, 43.098747021994683 ] } },
{ "type": "Feature", "properties": { "sample_order": 215, "property_id": "14814000020301000000", "latitude": 43.099969835268489, "longitude": -77.656897351908782, "cache_origin": "validated_milestone_1_baseline" }, "geometry": { "type": "Point", "coordinates": [ -77.656897351908782, 43.099969835268489 ] } },
{ "type": "Feature", "properties": { "sample_order": 216, "property_id": "14814000020270000000", "latitude": 43.100106663182132, "longitude": -77.656118175689201, "cache_origin": "validated_milestone_1_baseline" }, "geometry": { "type": "Point", "coordinates": [ -77.656118175689201, 43.100106663182132 ] } },
{ "type": "Feature", "properties": { "sample_order": 217, "property_id": "14814000020280000000", "latitude": 43.099980453239965, "longitude": -77.656184636647197, "cache_origin": "validated_milestone_1_baseline" }, "geometry": { "type": "Point", "coordinates": [ -77.656184636647197, 43.099980453239965 ] } },
{ "type": "Feature", "properties": { "sample_order": 218, "property_id": "14814000020290000000", "latitude": 43.099854411608398, "longitude": -77.656251026638259, "cache_origin": "validated_milestone_1_baseline" }, "geometry": { "type": "Point", "coordinates": [ -77.656251026638259, 43.099854411608398 ] } },
{ "type": "Feature", "properties": { "sample_order": 219, "property_id": "14814000030471000000", "latitude": 43.099667634881953, "longitude": -77.65541427918879, "cache_origin": "validated_milestone_1_baseline" }, "geometry": { "type": "Point", "coordinates": [ -77.65541427918879, 43.099667634881953 ] } },
{ "type": "Feature", "properties": { "sample_order": 220, "property_id": "14814000040510000000", "latitude": 43.098791619927191, "longitude": -77.655760553679656, "cache_origin": "validated_milestone_1_baseline" }, "geometry": { "type": "Point", "coordinates": [ -77.655760553679656, 43.098791619927191 ] } },
{ "type": "Feature", "properties": { "sample_order": 221, "property_id": "14814000030450000000", "latitude": 43.099704293555547, "longitude": -77.65465601305408, "cache_origin": "validated_milestone_1_baseline" }, "geometry": { "type": "Point", "coordinates": [ -77.65465601305408, 43.099704293555547 ] } },
{ "type": "Feature", "properties": { "sample_order": 222, "property_id": "14814000030490000000", "latitude": 43.100196025603857, "longitude": -77.655104370297224, "cache_origin": "validated_milestone_1_baseline" }, "geometry": { "type": "Point", "coordinates": [ -77.655104370297224, 43.100196025603857 ] } },
{ "type": "Feature", "properties": { "sample_order": 223, "property_id": "14814000020260000000", "latitude": 43.100234275863023, "longitude": -77.656050206459881, "cache_origin": "validated_milestone_1_baseline" }, "geometry": { "type": "Point", "coordinates": [ -77.656050206459881, 43.100234275863023 ] } },
{ "type": "Feature", "properties": { "sample_order": 224, "property_id": "14814000020250000000", "latitude": 43.100362484501971, "longitude": -77.655982495945338, "cache_origin": "validated_milestone_1_baseline" }, "geometry": { "type": "Point", "coordinates": [ -77.655982495945338, 43.100362484501971 ] } },
{ "type": "Feature", "properties": { "sample_order": 225, "property_id": "14814000030440000000", "latitude": 43.100007295946291, "longitude": -77.654428977340743, "cache_origin": "validated_milestone_1_baseline" }, "geometry": { "type": "Point", "coordinates": [ -77.654428977340743, 43.100007295946291 ] } },
{ "type": "Feature", "properties": { "sample_order": 226, "property_id": "14814000030430000000", "latitude": 43.100347390651997, "longitude": -77.654268554400687, "cache_origin": "validated_milestone_1_baseline" }, "geometry": { "type": "Point", "coordinates": [ -77.654268554400687, 43.100347390651997 ] } },
{ "type": "Feature", "properties": { "sample_order": 227, "property_id": "14814000030511000000", "latitude": 43.100595755898503, "longitude": -77.654908479174793, "cache_origin": "validated_milestone_1_baseline" }, "geometry": { "type": "Point", "coordinates": [ -77.654908479174793, 43.100595755898503 ] } },
{ "type": "Feature", "properties": { "sample_order": 228, "property_id": "14814000020220000000", "latitude": 43.100745985893617, "longitude": -77.655778150777763, "cache_origin": "validated_milestone_1_baseline" }, "geometry": { "type": "Point", "coordinates": [ -77.655778150777763, 43.100745985893617 ] } },
{ "type": "Feature", "properties": { "sample_order": 229, "property_id": "14814000020230000000", "latitude": 43.100618479224771, "longitude": -77.655845838834423, "cache_origin": "validated_milestone_1_baseline" }, "geometry": { "type": "Point", "coordinates": [ -77.655845838834423, 43.100618479224771 ] } },
{ "type": "Feature", "properties": { "sample_order": 230, "property_id": "14814000020240000000", "latitude": 43.100491836124746, "longitude": -77.655913903285182, "cache_origin": "validated_milestone_1_baseline" }, "geometry": { "type": "Point", "coordinates": [ -77.655913903285182, 43.100491836124746 ] } },
{ "type": "Feature", "properties": { "sample_order": 231, "property_id": "14814000020210000000", "latitude": 43.10087533211486, "longitude": -77.655711860499679, "cache_origin": "validated_milestone_1_baseline" }, "geometry": { "type": "Point", "coordinates": [ -77.655711860499679, 43.10087533211486 ] } },
{ "type": "Feature", "properties": { "sample_order": 232, "property_id": "14814000020191000000", "latitude": 43.10108165438929, "longitude": -77.655539383965149, "cache_origin": "validated_milestone_1_baseline" }, "geometry": { "type": "Point", "coordinates": [ -77.655539383965149, 43.10108165438929 ] } },
{ "type": "Feature", "properties": { "sample_order": 233, "property_id": "14814000020500000000", "latitude": 43.101321457139662, "longitude": -77.656263007469207, "cache_origin": "validated_milestone_1_baseline" }, "geometry": { "type": "Point", "coordinates": [ -77.656263007469207, 43.101321457139662 ] } },
{ "type": "Feature", "properties": { "sample_order": 234, "property_id": "14814000020490000000", "latitude": 43.101190301568153, "longitude": -77.656327196587839, "cache_origin": "validated_milestone_1_baseline" }, "geometry": { "type": "Point", "coordinates": [ -77.656327196587839, 43.101190301568153 ] } },
{ "type": "Feature", "properties": { "sample_order": 235, "property_id": "14814000010210000000", "latitude": 43.101046116825643, "longitude": -77.657388410568956, "cache_origin": "validated_milestone_1_baseline" }, "geometry": { "type": "Point", "coordinates": [ -77.657388410568956, 43.101046116825643 ] } },
{ "type": "Feature", "properties": { "sample_order": 236, "property_id": "14814000010200000000", "latitude": 43.10117301458147, "longitude": -77.657322252343207, "cache_origin": "validated_milestone_1_baseline" }, "geometry": { "type": "Point", "coordinates": [ -77.657322252343207, 43.10117301458147 ] } },
{ "type": "Feature", "properties": { "sample_order": 237, "property_id": "14814000010151000000", "latitude": 43.100568585495267, "longitude": -77.658069742287765, "cache_origin": "validated_milestone_1_baseline" }, "geometry": { "type": "Point", "coordinates": [ -77.658069742287765, 43.100568585495267 ] } },
{ "type": "Feature", "properties": { "sample_order": 238, "property_id": "14814000010011000000", "latitude": 43.103216920964911, "longitude": -77.657729409254159, "cache_origin": "validated_milestone_1_baseline" }, "geometry": { "type": "Point", "coordinates": [ -77.657729409254159, 43.103216920964911 ] } },
{ "type": "Feature", "properties": { "sample_order": 239, "property_id": "14814000010040000000", "latitude": 43.103209853841669, "longitude": -77.657280045897906, "cache_origin": "validated_milestone_1_baseline" }, "geometry": { "type": "Point", "coordinates": [ -77.657280045897906, 43.103209853841669 ] } },
{ "type": "Feature", "properties": { "sample_order": 240, "property_id": "14814000010060000000", "latitude": 43.103224537060029, "longitude": -77.656852516992942, "cache_origin": "validated_milestone_1_baseline" }, "geometry": { "type": "Point", "coordinates": [ -77.656852516992942, 43.103224537060029 ] } },
{ "type": "Feature", "properties": { "sample_order": 241, "property_id": "14814000010050000000", "latitude": 43.103214079030415, "longitude": -77.657066579236954, "cache_origin": "validated_milestone_1_baseline" }, "geometry": { "type": "Point", "coordinates": [ -77.657066579236954, 43.103214079030415 ] } },
{ "type": "Feature", "properties": { "sample_order": 242, "property_id": "14814000010081000000", "latitude": 43.102729897521677, "longitude": -77.656596862751286, "cache_origin": "validated_milestone_1_baseline" }, "geometry": { "type": "Point", "coordinates": [ -77.656596862751286, 43.102729897521677 ] } },
{ "type": "Feature", "properties": { "sample_order": 243, "property_id": "14814000020060000000", "latitude": 43.103224709556869, "longitude": -77.655139285117372, "cache_origin": "validated_milestone_1_baseline" }, "geometry": { "type": "Point", "coordinates": [ -77.655139285117372, 43.103224709556869 ] } },
{ "type": "Feature", "properties": { "sample_order": 244, "property_id": "14814000020070000000", "latitude": 43.103229377464523, "longitude": -77.654931445503351, "cache_origin": "validated_milestone_1_baseline" }, "geometry": { "type": "Point", "coordinates": [ -77.654931445503351, 43.103229377464523 ] } },
{ "type": "Feature", "properties": { "sample_order": 245, "property_id": "14814000020080000000", "latitude": 43.10323347278743, "longitude": -77.654725695370672, "cache_origin": "validated_milestone_1_baseline" }, "geometry": { "type": "Point", "coordinates": [ -77.654725695370672, 43.10323347278743 ] } },
{ "type": "Feature", "properties": { "sample_order": 246, "property_id": "14814000020090000000", "latitude": 43.103240004708859, "longitude": -77.654518374982871, "cache_origin": "validated_milestone_1_baseline" }, "geometry": { "type": "Point", "coordinates": [ -77.654518374982871, 43.103240004708859 ] } },
{ "type": "Feature", "properties": { "sample_order": 247, "property_id": "14814000020011000000", "latitude": 43.102706641087103, "longitude": -77.655286651943086, "cache_origin": "validated_milestone_1_baseline" }, "geometry": { "type": "Point", "coordinates": [ -77.655286651943086, 43.102706641087103 ] } },
{ "type": "Feature", "properties": { "sample_order": 248, "property_id": "14814000030600000000", "latitude": 43.102679397505327, "longitude": -77.653796008221889, "cache_origin": "validated_milestone_1_baseline" }, "geometry": { "type": "Point", "coordinates": [ -77.653796008221889, 43.102679397505327 ] } },
{ "type": "Feature", "properties": { "sample_order": 249, "property_id": "14814000020151000000", "latitude": 43.102148074073661, "longitude": -77.655043837321799, "cache_origin": "validated_milestone_1_baseline" }, "geometry": { "type": "Point", "coordinates": [ -77.655043837321799, 43.102148074073661 ] } },
{ "type": "Feature", "properties": { "sample_order": 250, "property_id": "14814000030540000000", "latitude": 43.101651291545167, "longitude": -77.654340424114977, "cache_origin": "validated_milestone_1_baseline" }, "geometry": { "type": "Point", "coordinates": [ -77.654340424114977, 43.101651291545167 ] } },
{ "type": "Feature", "properties": { "sample_order": 251, "property_id": "14814000030620000000", "latitude": 43.102979501906525, "longitude": -77.65364464299482, "cache_origin": "validated_milestone_1_baseline" }, "geometry": { "type": "Point", "coordinates": [ -77.65364464299482, 43.102979501906525 ] } },
{ "type": "Feature", "properties": { "sample_order": 252, "property_id": "14814000030010000000", "latitude": 43.103256260066914, "longitude": -77.653709430391444, "cache_origin": "validated_milestone_1_baseline" }, "geometry": { "type": "Point", "coordinates": [ -77.653709430391444, 43.103256260066914 ] } },
{ "type": "Feature", "properties": { "sample_order": 253, "property_id": "14814000030020000000", "latitude": 43.103276112271317, "longitude": -77.653133165628233, "cache_origin": "validated_milestone_1_baseline" }, "geometry": { "type": "Point", "coordinates": [ -77.653133165628233, 43.103276112271317 ] } },
{ "type": "Feature", "properties": { "sample_order": 254, "property_id": "14814000030040000000", "latitude": 43.103288876366911, "longitude": -77.652103208527436, "cache_origin": "validated_milestone_1_baseline" }, "geometry": { "type": "Point", "coordinates": [ -77.652103208527436, 43.103288876366911 ] } },
{ "type": "Feature", "properties": { "sample_order": 255, "property_id": "14814000030050000000", "latitude": 43.103292048861768, "longitude": -77.651724731230246, "cache_origin": "validated_milestone_1_baseline" }, "geometry": { "type": "Point", "coordinates": [ -77.651724731230246, 43.103292048861768 ] } },
{ "type": "Feature", "properties": { "sample_order": 256, "property_id": "14814000030310000000", "latitude": 43.102812027597601, "longitude": -77.651889414879719, "cache_origin": "validated_milestone_1_baseline" }, "geometry": { "type": "Point", "coordinates": [ -77.651889414879719, 43.102812027597601 ] } },
{ "type": "Feature", "properties": { "sample_order": 257, "property_id": "14814000030320000000", "latitude": 43.103017178496209, "longitude": -77.651903461835815, "cache_origin": "validated_milestone_1_baseline" }, "geometry": { "type": "Point", "coordinates": [ -77.651903461835815, 43.103017178496209 ] } },
{ "type": "Feature", "properties": { "sample_order": 258, "property_id": "14814000030331000000", "latitude": 43.102094629271576, "longitude": -77.653601920916543, "cache_origin": "validated_milestone_1_baseline" }, "geometry": { "type": "Point", "coordinates": [ -77.653601920916543, 43.102094629271576 ] } },
{ "type": "Feature", "properties": { "sample_order": 259, "property_id": "14814000030280000000", "latitude": 43.102043609919043, "longitude": -77.652346678918889, "cache_origin": "validated_milestone_1_baseline" }, "geometry": { "type": "Point", "coordinates": [ -77.652346678918889, 43.102043609919043 ] } },
{ "type": "Feature", "properties": { "sample_order": 260, "property_id": "14814000030290000000", "latitude": 43.102301821084303, "longitude": -77.652213677052885, "cache_origin": "validated_milestone_1_baseline" }, "geometry": { "type": "Point", "coordinates": [ -77.652213677052885, 43.102301821084303 ] } },
{ "type": "Feature", "properties": { "sample_order": 261, "property_id": "14814000030300000000", "latitude": 43.102559959012758, "longitude": -77.652075983286124, "cache_origin": "validated_milestone_1_baseline" }, "geometry": { "type": "Point", "coordinates": [ -77.652075983286124, 43.102559959012758 ] } },
{ "type": "Feature", "properties": { "sample_order": 262, "property_id": "14814000030090000000", "latitude": 43.103029799663211, "longitude": -77.651073537090909, "cache_origin": "validated_milestone_1_baseline" }, "geometry": { "type": "Point", "coordinates": [ -77.651073537090909, 43.103029799663211 ] } },
{ "type": "Feature", "properties": { "sample_order": 263, "property_id": "14814000030060000000", "latitude": 43.103296712828978, "longitude": -77.651348885098542, "cache_origin": "validated_milestone_1_baseline" }, "geometry": { "type": "Point", "coordinates": [ -77.651348885098542, 43.103296712828978 ] } },
{ "type": "Feature", "properties": { "sample_order": 264, "property_id": "14814000030070000000", "latitude": 43.103299157296021, "longitude": -77.650979961384394, "cache_origin": "validated_milestone_1_baseline" }, "geometry": { "type": "Point", "coordinates": [ -77.650979961384394, 43.103299157296021 ] } },
{ "type": "Feature", "properties": { "sample_order": 265, "property_id": "14814000030100000000", "latitude": 43.102849378971165, "longitude": -77.651055248290035, "cache_origin": "validated_milestone_1_baseline" }, "geometry": { "type": "Point", "coordinates": [ -77.651055248290035, 43.102849378971165 ] } },
{ "type": "Feature", "properties": { "sample_order": 266, "property_id": "14814000040011000000", "latitude": 43.103204811424099, "longitude": -77.649598240188013, "cache_origin": "validated_milestone_1_baseline" }, "geometry": { "type": "Point", "coordinates": [ -77.649598240188013, 43.103204811424099 ] } },
{ "type": "Feature", "properties": { "sample_order": 267, "property_id": "14814000030111000000", "latitude": 43.102492679900266, "longitude": -77.651306547499203, "cache_origin": "validated_milestone_1_baseline" }, "geometry": { "type": "Point", "coordinates": [ -77.651306547499203, 43.102492679900266 ] } },
{ "type": "Feature", "properties": { "sample_order": 268, "property_id": "14814000040020000000", "latitude": 43.1019925793738, "longitude": -77.650274374254593, "cache_origin": "validated_milestone_1_baseline" }, "geometry": { "type": "Point", "coordinates": [ -77.650274374254593, 43.1019925793738 ] } },
{ "type": "Feature", "properties": { "sample_order": 269, "property_id": "14814000040120000000", "latitude": 43.101351506616268, "longitude": -77.649562365068817, "cache_origin": "validated_milestone_1_baseline" }, "geometry": { "type": "Point", "coordinates": [ -77.649562365068817, 43.101351506616268 ] } },
{ "type": "Feature", "properties": { "sample_order": 270, "property_id": "14814000040040000000", "latitude": 43.100830667485731, "longitude": -77.650829178265639, "cache_origin": "validated_milestone_1_baseline" }, "geometry": { "type": "Point", "coordinates": [ -77.650829178265639, 43.100830667485731 ] } },
{ "type": "Feature", "properties": { "sample_order": 271, "property_id": "14814000040110000000", "latitude": 43.101046390337913, "longitude": -77.649724052836817, "cache_origin": "validated_milestone_1_baseline" }, "geometry": { "type": "Point", "coordinates": [ -77.649724052836817, 43.101046390337913 ] } },
{ "type": "Feature", "properties": { "sample_order": 272, "property_id": "14814000040100000000", "latitude": 43.10074533851251, "longitude": -77.649884436251, "cache_origin": "validated_milestone_1_baseline" }, "geometry": { "type": "Point", "coordinates": [ -77.649884436251, 43.10074533851251 ] } },
{ "type": "Feature", "properties": { "sample_order": 273, "property_id": "14814000040050000000", "latitude": 43.100532236272862, "longitude": -77.650990995391027, "cache_origin": "validated_milestone_1_baseline" }, "geometry": { "type": "Point", "coordinates": [ -77.650990995391027, 43.100532236272862 ] } },
{ "type": "Feature", "properties": { "sample_order": 274, "property_id": "14814000030180000000", "latitude": 43.100822719203805, "longitude": -77.652192355539611, "cache_origin": "validated_milestone_1_baseline" }, "geometry": { "type": "Point", "coordinates": [ -77.652192355539611, 43.100822719203805 ] } },
{ "type": "Feature", "properties": { "sample_order": 275, "property_id": "14814000040032000000", "latitude": 43.101119689614563, "longitude": -77.650741212538065, "cache_origin": "validated_milestone_1_baseline" }, "geometry": { "type": "Point", "coordinates": [ -77.650741212538065, 43.101119689614563 ] } },
{ "type": "Feature", "properties": { "sample_order": 276, "property_id": "14814000030170000000", "latitude": 43.101078927138929, "longitude": -77.652054737231339, "cache_origin": "validated_milestone_1_baseline" }, "geometry": { "type": "Point", "coordinates": [ -77.652054737231339, 43.101078927138929 ] } },
{ "type": "Feature", "properties": { "sample_order": 277, "property_id": "14814000040031200000", "latitude": 43.101399748805129, "longitude": -77.650583752241815, "cache_origin": "validated_milestone_1_baseline" }, "geometry": { "type": "Point", "coordinates": [ -77.650583752241815, 43.101399748805129 ] } },
{ "type": "Feature", "properties": { "sample_order": 278, "property_id": "14814000040031100000", "latitude": 43.10167693978471, "longitude": -77.650438868359515, "cache_origin": "validated_milestone_1_baseline" }, "geometry": { "type": "Point", "coordinates": [ -77.650438868359515, 43.10167693978471 ] } },
{ "type": "Feature", "properties": { "sample_order": 279, "property_id": "14814000030160000000", "latitude": 43.101334281329855, "longitude": -77.651921392208877, "cache_origin": "validated_milestone_1_baseline" }, "geometry": { "type": "Point", "coordinates": [ -77.651921392208877, 43.101334281329855 ] } },
{ "type": "Feature", "properties": { "sample_order": 280, "property_id": "14814000030131000000", "latitude": 43.101847122770351, "longitude": -77.651648494805343, "cache_origin": "validated_milestone_1_baseline" }, "geometry": { "type": "Point", "coordinates": [ -77.651648494805343, 43.101847122770351 ] } },
{ "type": "Feature", "properties": { "sample_order": 281, "property_id": "14814000030270000000", "latitude": 43.10178890343316, "longitude": -77.652482915618265, "cache_origin": "validated_milestone_1_baseline" }, "geometry": { "type": "Point", "coordinates": [ -77.652482915618265, 43.10178890343316 ] } },
{ "type": "Feature", "properties": { "sample_order": 282, "property_id": "14814000030260000000", "latitude": 43.101533491451519, "longitude": -77.652618879229777, "cache_origin": "validated_milestone_1_baseline" }, "geometry": { "type": "Point", "coordinates": [ -77.652618879229777, 43.101533491451519 ] } },
{ "type": "Feature", "properties": { "sample_order": 283, "property_id": "14814000030250000000", "latitude": 43.101278767101732, "longitude": -77.652751249580149, "cache_origin": "validated_milestone_1_baseline" }, "geometry": { "type": "Point", "coordinates": [ -77.652751249580149, 43.101278767101732 ] } },
{ "type": "Feature", "properties": { "sample_order": 284, "property_id": "14814000030240000000", "latitude": 43.10102295288992, "longitude": -77.652888062997931, "cache_origin": "validated_milestone_1_baseline" }, "geometry": { "type": "Point", "coordinates": [ -77.652888062997931, 43.10102295288992 ] } },
{ "type": "Feature", "properties": { "sample_order": 285, "property_id": "14814000030190000000", "latitude": 43.100516530500343, "longitude": -77.65233075268722, "cache_origin": "validated_milestone_1_baseline" }, "geometry": { "type": "Point", "coordinates": [ -77.65233075268722, 43.100516530500343 ] } },
{ "type": "Feature", "properties": { "sample_order": 286, "property_id": "14814000030230000000", "latitude": 43.100770867756303, "longitude": -77.652982712191204, "cache_origin": "validated_milestone_1_baseline" }, "geometry": { "type": "Point", "coordinates": [ -77.652982712191204, 43.100770867756303 ] } },
{ "type": "Feature", "properties": { "sample_order": 287, "property_id": "14814000040080000000", "latitude": 43.100146474573307, "longitude": -77.650203861894667, "cache_origin": "validated_milestone_1_baseline" }, "geometry": { "type": "Point", "coordinates": [ -77.650203861894667, 43.100146474573307 ] } },
{ "type": "Feature", "properties": { "sample_order": 288, "property_id": "14814000040061000000", "latitude": 43.100090029180805, "longitude": -77.651209378531533, "cache_origin": "validated_milestone_1_baseline" }, "geometry": { "type": "Point", "coordinates": [ -77.651209378531533, 43.100090029180805 ] } },
{ "type": "Feature", "properties": { "sample_order": 289, "property_id": "14814000040090000000", "latitude": 43.100449362614953, "longitude": -77.650041592916693, "cache_origin": "validated_milestone_1_baseline" }, "geometry": { "type": "Point", "coordinates": [ -77.650041592916693, 43.100449362614953 ] } },
{ "type": "Feature", "properties": { "sample_order": 290, "property_id": "14814000040440000000", "latitude": 43.099039702877072, "longitude": -77.653117507094521, "cache_origin": "validated_milestone_1_baseline" }, "geometry": { "type": "Point", "coordinates": [ -77.653117507094521, 43.099039702877072 ] } },
{ "type": "Feature", "properties": { "sample_order": 291, "property_id": "14814000040450000000", "latitude": 43.099030367078427, "longitude": -77.653492483657047, "cache_origin": "validated_milestone_1_baseline" }, "geometry": { "type": "Point", "coordinates": [ -77.653492483657047, 43.099030367078427 ] } },
{ "type": "Feature", "properties": { "sample_order": 292, "property_id": "14814000040430000000", "latitude": 43.099033892682307, "longitude": -77.652166900877731, "cache_origin": "validated_milestone_1_baseline" }, "geometry": { "type": "Point", "coordinates": [ -77.652166900877731, 43.099033892682307 ] } },
{ "type": "Feature", "properties": { "sample_order": 293, "property_id": "14814000030210000000", "latitude": 43.099861910056681, "longitude": -77.653457141238817, "cache_origin": "validated_milestone_1_baseline" }, "geometry": { "type": "Point", "coordinates": [ -77.653457141238817, 43.099861910056681 ] } },
{ "type": "Feature", "properties": { "sample_order": 294, "property_id": "14814000030200000000", "latitude": 43.099772370705253, "longitude": -77.653004975138884, "cache_origin": "validated_milestone_1_baseline" }, "geometry": { "type": "Point", "coordinates": [ -77.653004975138884, 43.099772370705253 ] } },
{ "type": "Feature", "properties": { "sample_order": 295, "property_id": "14814000030220000000", "latitude": 43.099920011193518, "longitude": -77.653726298955831, "cache_origin": "validated_milestone_1_baseline" }, "geometry": { "type": "Point", "coordinates": [ -77.653726298955831, 43.099920011193518 ] } },
{ "type": "Feature", "properties": { "sample_order": 296, "property_id": "14814000040480000000", "latitude": 43.098973026628606, "longitude": -77.654640482081135, "cache_origin": "validated_milestone_1_baseline" }, "geometry": { "type": "Point", "coordinates": [ -77.654640482081135, 43.098973026628606 ] } },
{ "type": "Feature", "properties": { "sample_order": 297, "property_id": "14814000040470000000", "latitude": 43.099003165807886, "longitude": -77.654263547191277, "cache_origin": "validated_milestone_1_baseline" }, "geometry": { "type": "Point", "coordinates": [ -77.654263547191277, 43.099003165807886 ] } },
{ "type": "Feature", "properties": { "sample_order": 298, "property_id": "14814000040460000000", "latitude": 43.099017479436732, "longitude": -77.653876795512019, "cache_origin": "validated_milestone_1_baseline" }, "geometry": { "type": "Point", "coordinates": [ -77.653876795512019, 43.099017479436732 ] } },
{ "type": "Feature", "properties": { "sample_order": 299, "property_id": "14814000040490000000", "latitude": 43.098915154167827, "longitude": -77.655011475513689, "cache_origin": "validated_milestone_1_baseline" }, "geometry": { "type": "Point", "coordinates": [ -77.655011475513689, 43.098915154167827 ] } },
{ "type": "Feature", "properties": { "sample_order": 300, "property_id": "14814000040500000000", "latitude": 43.098841803713242, "longitude": -77.655383991590654, "cache_origin": "validated_milestone_1_baseline" }, "geometry": { "type": "Point", "coordinates": [ -77.655383991590654, 43.098841803713242 ] } },
{ "type": "Feature", "properties": { "sample_order": 301, "property_id": "14814000040520000000", "latitude": 43.098763043067123, "longitude": -77.656325282277976, "cache_origin": "validated_milestone_1_baseline" }, "geometry": { "type": "Point", "coordinates": [ -77.656325282277976, 43.098763043067123 ] } },
{ "type": "Feature", "properties": { "sample_order": 302, "property_id": "14818000020012000000", "latitude": 43.096772960283218, "longitude": -77.656154713765076, "cache_origin": "validated_milestone_1_baseline" }, "geometry": { "type": "Point", "coordinates": [ -77.656154713765076, 43.096772960283218 ] } },
{ "type": "Feature", "properties": { "sample_order": 303, "property_id": "14818000020042000000", "latitude": 43.097006293895433, "longitude": -77.651258527157381, "cache_origin": "validated_milestone_1_baseline" }, "geometry": { "type": "Point", "coordinates": [ -77.651258527157381, 43.097006293895433 ] } },
{ "type": "Feature", "properties": { "sample_order": 304, "property_id": "14818000020041000000", "latitude": 43.095150697768076, "longitude": -77.651354343262199, "cache_origin": "validated_milestone_1_baseline" }, "geometry": { "type": "Point", "coordinates": [ -77.651354343262199, 43.095150697768076 ] } },
{ "type": "Feature", "properties": { "sample_order": 305, "property_id": "148170000201800000RH", "latitude": 43.094484050382299, "longitude": -77.657317312507473, "cache_origin": "validated_milestone_1_baseline" }, "geometry": { "type": "Point", "coordinates": [ -77.657317312507473, 43.094484050382299 ] } },
{ "type": "Feature", "properties": { "sample_order": 306, "property_id": "148170000201700000RH", "latitude": 43.094559098470498, "longitude": -77.65704400008228, "cache_origin": "validated_milestone_1_baseline" }, "geometry": { "type": "Point", "coordinates": [ -77.65704400008228, 43.094559098470498 ] } },
{ "type": "Feature", "properties": { "sample_order": 307, "property_id": "14818000020050000000", "latitude": 43.093460026110563, "longitude": -77.654100293659752, "cache_origin": "validated_milestone_1_baseline" }, "geometry": { "type": "Point", "coordinates": [ -77.654100293659752, 43.093460026110563 ] } },
{ "type": "Feature", "properties": { "sample_order": 308, "property_id": "14818000020060000000", "latitude": 43.0934783576363, "longitude": -77.654763340170973, "cache_origin": "validated_milestone_1_baseline" }, "geometry": { "type": "Point", "coordinates": [ -77.654763340170973, 43.0934783576363 ] } },
{ "type": "Feature", "properties": { "sample_order": 309, "property_id": "14818000020011000000", "latitude": 43.093402114984031, "longitude": -77.657546633534878, "cache_origin": "validated_milestone_1_baseline" }, "geometry": { "type": "Point", "coordinates": [ -77.657546633534878, 43.093402114984031 ] } },
{ "type": "Feature", "properties": { "sample_order": 310, "property_id": "14817000010710000000", "latitude": 43.095265884307537, "longitude": -77.658564854146505, "cache_origin": "validated_milestone_1_baseline" }, "geometry": { "type": "Point", "coordinates": [ -77.658564854146505, 43.095265884307537 ] } },
{ "type": "Feature", "properties": { "sample_order": 311, "property_id": "14818000020080000000", "latitude": 43.093991975303162, "longitude": -77.659063109210408, "cache_origin": "validated_milestone_1_baseline" }, "geometry": { "type": "Point", "coordinates": [ -77.659063109210408, 43.093991975303162 ] } },
{ "type": "Feature", "properties": { "sample_order": 312, "property_id": "14818000020070000000", "latitude": 43.093457832493371, "longitude": -77.658369239705181, "cache_origin": "validated_milestone_1_baseline" }, "geometry": { "type": "Point", "coordinates": [ -77.658369239705181, 43.093457832493371 ] } },
{ "type": "Feature", "properties": { "sample_order": 313, "property_id": "14817000020050000000", "latitude": 43.094000659825618, "longitude": -77.660275510552168, "cache_origin": "validated_milestone_1_baseline" }, "geometry": { "type": "Point", "coordinates": [ -77.660275510552168, 43.094000659825618 ] } },
{ "type": "Feature", "properties": { "sample_order": 314, "property_id": "14819000010380000000", "latitude": 43.094137028773375, "longitude": -77.636608547280716, "cache_origin": "validated_milestone_1_baseline" }, "geometry": { "type": "Point", "coordinates": [ -77.636608547280716, 43.094137028773375 ] } },
{ "type": "Feature", "properties": { "sample_order": 315, "property_id": "14820000020450000000", "latitude": 43.09415227896519, "longitude": -77.6362346235437, "cache_origin": "validated_milestone_1_baseline" }, "geometry": { "type": "Point", "coordinates": [ -77.6362346235437, 43.09415227896519 ] } },
{ "type": "Feature", "properties": { "sample_order": 316, "property_id": "14819000010370000000", "latitude": 43.094121777265805, "longitude": -77.63698246922111, "cache_origin": "validated_milestone_1_baseline" }, "geometry": { "type": "Point", "coordinates": [ -77.63698246922111, 43.094121777265805 ] } },
{ "type": "Feature", "properties": { "sample_order": 317, "property_id": "14819000010360000000", "latitude": 43.094106525098482, "longitude": -77.637356392958125, "cache_origin": "validated_milestone_1_baseline" }, "geometry": { "type": "Point", "coordinates": [ -77.637356392958125, 43.094106525098482 ] } },
{ "type": "Feature", "properties": { "sample_order": 318, "property_id": "14819000010351100000", "latitude": 43.09429810151677, "longitude": -77.637986350025827, "cache_origin": "validated_milestone_1_baseline" }, "geometry": { "type": "Point", "coordinates": [ -77.637986350025827, 43.09429810151677 ] } },
{ "type": "Feature", "properties": { "sample_order": 319, "property_id": "14819000010411000000", "latitude": 43.094547700261451, "longitude": -77.636943558694568, "cache_origin": "validated_milestone_1_baseline" }, "geometry": { "type": "Point", "coordinates": [ -77.636943558694568, 43.094547700261451 ] } },
{ "type": "Feature", "properties": { "sample_order": 320, "property_id": "14819000010650000000", "latitude": 43.094252087335946, "longitude": -77.640193511577237, "cache_origin": "validated_milestone_1_baseline" }, "geometry": { "type": "Point", "coordinates": [ -77.640193511577237, 43.094252087335946 ] } },
{ "type": "Feature", "properties": { "sample_order": 321, "property_id": "14819000010200000000", "latitude": 43.094834741496051, "longitude": -77.640700058091213, "cache_origin": "validated_milestone_1_baseline" }, "geometry": { "type": "Point", "coordinates": [ -77.640700058091213, 43.094834741496051 ] } },
{ "type": "Feature", "properties": { "sample_order": 322, "property_id": "14819000010340000000", "latitude": 43.094160600052838, "longitude": -77.639111478241091, "cache_origin": "validated_milestone_1_baseline" }, "geometry": { "type": "Point", "coordinates": [ -77.639111478241091, 43.094160600052838 ] } },
{ "type": "Feature", "properties": { "sample_order": 323, "property_id": "14819000010232000000", "latitude": 43.09438439588795, "longitude": -77.639553513141266, "cache_origin": "validated_milestone_1_baseline" }, "geometry": { "type": "Point", "coordinates": [ -77.639553513141266, 43.09438439588795 ] } },
{ "type": "Feature", "properties": { "sample_order": 324, "property_id": "14819000010330000000", "latitude": 43.094580582934299, "longitude": -77.638902916381582, "cache_origin": "validated_milestone_1_baseline" }, "geometry": { "type": "Point", "coordinates": [ -77.638902916381582, 43.094580582934299 ] } },
{ "type": "Feature", "properties": { "sample_order": 325, "property_id": "14819000010320000000", "latitude": 43.094836182664892, "longitude": -77.638766858446957, "cache_origin": "validated_milestone_1_baseline" }, "geometry": { "type": "Point", "coordinates": [ -77.638766858446957, 43.094836182664892 ] } },
{ "type": "Feature", "properties": { "sample_order": 326, "property_id": "14819000010310000000", "latitude": 43.095219582884326, "longitude": -77.63856276750262, "cache_origin": "validated_milestone_1_baseline" }, "geometry": { "type": "Point", "coordinates": [ -77.63856276750262, 43.095219582884326 ] } },
{ "type": "Feature", "properties": { "sample_order": 327, "property_id": "14819000010170000000", "latitude": 43.096120920365991, "longitude": -77.640331270920996, "cache_origin": "validated_milestone_1_baseline" }, "geometry": { "type": "Point", "coordinates": [ -77.640331270920996, 43.096120920365991 ] } },
{ "type": "Feature", "properties": { "sample_order": 328, "property_id": "14819000010180000000", "latitude": 43.095689567106838, "longitude": -77.64056087671436, "cache_origin": "validated_milestone_1_baseline" }, "geometry": { "type": "Point", "coordinates": [ -77.64056087671436, 43.095689567106838 ] } },
{ "type": "Feature", "properties": { "sample_order": 329, "property_id": "14819000010220000000", "latitude": 43.096167309661887, "longitude": -77.639561191940331, "cache_origin": "validated_milestone_1_baseline" }, "geometry": { "type": "Point", "coordinates": [ -77.639561191940331, 43.096167309661887 ] } },
{ "type": "Feature", "properties": { "sample_order": 330, "property_id": "14819000010190000000", "latitude": 43.095184304961272, "longitude": -77.64101941456461, "cache_origin": "validated_milestone_1_baseline" }, "geometry": { "type": "Point", "coordinates": [ -77.64101941456461, 43.095184304961272 ] } },
{ "type": "Feature", "properties": { "sample_order": 331, "property_id": "14819000010210000000", "latitude": 43.09480632284636, "longitude": -77.640303489622525, "cache_origin": "validated_milestone_1_baseline" }, "geometry": { "type": "Point", "coordinates": [ -77.640303489622525, 43.09480632284636 ] } },
{ "type": "Feature", "properties": { "sample_order": 332, "property_id": "14819000010142000000", "latitude": 43.095657953004896, "longitude": -77.64235680659668, "cache_origin": "validated_milestone_1_baseline" }, "geometry": { "type": "Point", "coordinates": [ -77.64235680659668, 43.095657953004896 ] } },
{ "type": "Feature", "properties": { "sample_order": 333, "property_id": "14819000010101000000", "latitude": 43.094773362234072, "longitude": -77.645059976525459, "cache_origin": "validated_milestone_1_baseline" }, "geometry": { "type": "Point", "coordinates": [ -77.645059976525459, 43.094773362234072 ] } },
{ "type": "Feature", "properties": { "sample_order": 334, "property_id": "14819000010120000000", "latitude": 43.094202900154883, "longitude": -77.642901428203984, "cache_origin": "validated_milestone_1_baseline" }, "geometry": { "type": "Point", "coordinates": [ -77.642901428203984, 43.094202900154883 ] } },
{ "type": "Feature", "properties": { "sample_order": 335, "property_id": "14819000010130000000", "latitude": 43.093949504500372, "longitude": -77.641606769029977, "cache_origin": "validated_milestone_1_baseline" }, "geometry": { "type": "Point", "coordinates": [ -77.641606769029977, 43.093949504500372 ] } },
{ "type": "Feature", "properties": { "sample_order": 336, "property_id": "14819000010143000000", "latitude": 43.094093220529643, "longitude": -77.642340898331312, "cache_origin": "validated_milestone_1_baseline" }, "geometry": { "type": "Point", "coordinates": [ -77.642340898331312, 43.094093220529643 ] } },
{ "type": "Feature", "properties": { "sample_order": 337, "property_id": "14819000010144000000", "latitude": 43.094291410550859, "longitude": -77.6433537865434, "cache_origin": "validated_milestone_1_baseline" }, "geometry": { "type": "Point", "coordinates": [ -77.6433537865434, 43.094291410550859 ] } },
{ "type": "Feature", "properties": { "sample_order": 338, "property_id": "14819000010110000000", "latitude": 43.094397019490508, "longitude": -77.643893543773444, "cache_origin": "validated_milestone_1_baseline" }, "geometry": { "type": "Point", "coordinates": [ -77.643893543773444, 43.094397019490508 ] } },
{ "type": "Feature", "properties": { "sample_order": 339, "property_id": "14819000010040000000", "latitude": 43.094190717329681, "longitude": -77.64632786770062, "cache_origin": "validated_milestone_1_baseline" }, "geometry": { "type": "Point", "coordinates": [ -77.64632786770062, 43.094190717329681 ] } },
{ "type": "Feature", "properties": { "sample_order": 340, "property_id": "14819000010030000000", "latitude": 43.09413037977253, "longitude": -77.647784523663049, "cache_origin": "validated_milestone_1_baseline" }, "geometry": { "type": "Point", "coordinates": [ -77.647784523663049, 43.09413037977253 ] } },
{ "type": "Feature", "properties": { "sample_order": 341, "property_id": "14819000010021000000", "latitude": 43.095048968216872, "longitude": -77.647541748567633, "cache_origin": "validated_milestone_1_baseline" }, "geometry": { "type": "Point", "coordinates": [ -77.647541748567633, 43.095048968216872 ] } },
{ "type": "Feature", "properties": { "sample_order": 342, "property_id": "14818000020090000000", "latitude": 43.09651502557152, "longitude": -77.650132716222487, "cache_origin": "validated_milestone_1_baseline" }, "geometry": { "type": "Point", "coordinates": [ -77.650132716222487, 43.09651502557152 ] } },
{ "type": "Feature", "properties": { "sample_order": 343, "property_id": "14818000020030000000", "latitude": 43.094901929315938, "longitude": -77.649368325374184, "cache_origin": "validated_milestone_1_baseline" }, "geometry": { "type": "Point", "coordinates": [ -77.649368325374184, 43.094901929315938 ] } },
{ "type": "Feature", "properties": { "sample_order": 344, "property_id": "14819000010011000000", "latitude": 43.096030884231077, "longitude": -77.647048427051274, "cache_origin": "validated_milestone_1_baseline" }, "geometry": { "type": "Point", "coordinates": [ -77.647048427051274, 43.096030884231077 ] } },
{ "type": "Feature", "properties": { "sample_order": 345, "property_id": "14819000010051000000", "latitude": 43.095537577218082, "longitude": -77.646122585590206, "cache_origin": "validated_milestone_1_baseline" }, "geometry": { "type": "Point", "coordinates": [ -77.646122585590206, 43.095537577218082 ] } },
{ "type": "Feature", "properties": { "sample_order": 346, "property_id": "14815000030460000000", "latitude": 43.099023632682552, "longitude": -77.642986036927326, "cache_origin": "validated_milestone_1_baseline" }, "geometry": { "type": "Point", "coordinates": [ -77.642986036927326, 43.099023632682552 ] } },
{ "type": "Feature", "properties": { "sample_order": 347, "property_id": "14815000030470000000", "latitude": 43.099016694948688, "longitude": -77.643149463833709, "cache_origin": "validated_milestone_1_baseline" }, "geometry": { "type": "Point", "coordinates": [ -77.643149463833709, 43.099016694948688 ] } },
{ "type": "Feature", "properties": { "sample_order": 348, "property_id": "14815000030490000000", "latitude": 43.099003911596455, "longitude": -77.643472429737912, "cache_origin": "validated_milestone_1_baseline" }, "geometry": { "type": "Point", "coordinates": [ -77.643472429737912, 43.099003911596455 ] } },
{ "type": "Feature", "properties": { "sample_order": 349, "property_id": "14815000030480000000", "latitude": 43.09901019799667, "longitude": -77.643309650516855, "cache_origin": "validated_milestone_1_baseline" }, "geometry": { "type": "Point", "coordinates": [ -77.643309650516855, 43.09901019799667 ] } },
{ "type": "Feature", "properties": { "sample_order": 350, "property_id": "14815000030510000000", "latitude": 43.098993917241984, "longitude": -77.643806306579563, "cache_origin": "validated_milestone_1_baseline" }, "geometry": { "type": "Point", "coordinates": [ -77.643806306579563, 43.098993917241984 ] } },
{ "type": "Feature", "properties": { "sample_order": 351, "property_id": "14815000030500000000", "latitude": 43.098994389509187, "longitude": -77.643642352362122, "cache_origin": "validated_milestone_1_baseline" }, "geometry": { "type": "Point", "coordinates": [ -77.643642352362122, 43.098994389509187 ] } },
{ "type": "Feature", "properties": { "sample_order": 352, "property_id": "14815000030520000000", "latitude": 43.098980575691229, "longitude": -77.643975444974501, "cache_origin": "validated_milestone_1_baseline" }, "geometry": { "type": "Point", "coordinates": [ -77.643975444974501, 43.098980575691229 ] } },
{ "type": "Feature", "properties": { "sample_order": 353, "property_id": "14815000030530000000", "latitude": 43.098973960012643, "longitude": -77.644140021724454, "cache_origin": "validated_milestone_1_baseline" }, "geometry": { "type": "Point", "coordinates": [ -77.644140021724454, 43.098973960012643 ] } },
{ "type": "Feature", "properties": { "sample_order": 354, "property_id": "14815000030580000000", "latitude": 43.09894307502968, "longitude": -77.644963464226265, "cache_origin": "validated_milestone_1_baseline" }, "geometry": { "type": "Point", "coordinates": [ -77.644963464226265, 43.09894307502968 ] } },
{ "type": "Feature", "properties": { "sample_order": 355, "property_id": "14815000010390000000", "latitude": 43.097670352374337, "longitude": -77.644236597804024, "cache_origin": "validated_milestone_1_baseline" }, "geometry": { "type": "Point", "coordinates": [ -77.644236597804024, 43.097670352374337 ] } },
{ "type": "Feature", "properties": { "sample_order": 356, "property_id": "14815000030590000000", "latitude": 43.098937030659691, "longitude": -77.645125460116404, "cache_origin": "validated_milestone_1_baseline" }, "geometry": { "type": "Point", "coordinates": [ -77.645125460116404, 43.098937030659691 ] } },
{ "type": "Feature", "properties": { "sample_order": 357, "property_id": "14815000030570000000", "latitude": 43.098949303714562, "longitude": -77.644799039291627, "cache_origin": "validated_milestone_1_baseline" }, "geometry": { "type": "Point", "coordinates": [ -77.644799039291627, 43.098949303714562 ] } },
{ "type": "Feature", "properties": { "sample_order": 358, "property_id": "14815000030560000000", "latitude": 43.098956120765457, "longitude": -77.644635884574782, "cache_origin": "validated_milestone_1_baseline" }, "geometry": { "type": "Point", "coordinates": [ -77.644635884574782, 43.098956120765457 ] } },
{ "type": "Feature", "properties": { "sample_order": 359, "property_id": "14815000030550000000", "latitude": 43.098964764572393, "longitude": -77.644470340339268, "cache_origin": "validated_milestone_1_baseline" }, "geometry": { "type": "Point", "coordinates": [ -77.644470340339268, 43.098964764572393 ] } },
{ "type": "Feature", "properties": { "sample_order": 360, "property_id": "14815000030540000000", "latitude": 43.098969328512439, "longitude": -77.644301950240944, "cache_origin": "validated_milestone_1_baseline" }, "geometry": { "type": "Point", "coordinates": [ -77.644301950240944, 43.098969328512439 ] } },
{ "type": "Feature", "properties": { "sample_order": 361, "property_id": "14815000030660000000", "latitude": 43.099503909942378, "longitude": -77.643685720329088, "cache_origin": "validated_milestone_1_baseline" }, "geometry": { "type": "Point", "coordinates": [ -77.643685720329088, 43.099503909942378 ] } },
{ "type": "Feature", "properties": { "sample_order": 362, "property_id": "14815000030650000000", "latitude": 43.099497342202582, "longitude": -77.643852647970121, "cache_origin": "validated_milestone_1_baseline" }, "geometry": { "type": "Point", "coordinates": [ -77.643852647970121, 43.099497342202582 ] } },
{ "type": "Feature", "properties": { "sample_order": 363, "property_id": "14815000030640000000", "latitude": 43.099491820656645, "longitude": -77.64401711871885, "cache_origin": "validated_milestone_1_baseline" }, "geometry": { "type": "Point", "coordinates": [ -77.64401711871885, 43.099491820656645 ] } },
{ "type": "Feature", "properties": { "sample_order": 364, "property_id": "14815000030630000000", "latitude": 43.099485670737486, "longitude": -77.644177258689609, "cache_origin": "validated_milestone_1_baseline" }, "geometry": { "type": "Point", "coordinates": [ -77.644177258689609, 43.099485670737486 ] } },
{ "type": "Feature", "properties": { "sample_order": 365, "property_id": "14815000030620000000", "latitude": 43.099480159029412, "longitude": -77.644338892558679, "cache_origin": "validated_milestone_1_baseline" }, "geometry": { "type": "Point", "coordinates": [ -77.644338892558679, 43.099480159029412 ] } },
{ "type": "Feature", "properties": { "sample_order": 366, "property_id": "14815000030860000000", "latitude": 43.099753002088597, "longitude": -77.644520363025848, "cache_origin": "validated_milestone_1_baseline" }, "geometry": { "type": "Point", "coordinates": [ -77.644520363025848, 43.099753002088597 ] } },
{ "type": "Feature", "properties": { "sample_order": 367, "property_id": "14815000030610000000", "latitude": 43.099560205669398, "longitude": -77.644622714374378, "cache_origin": "validated_milestone_1_baseline" }, "geometry": { "type": "Point", "coordinates": [ -77.644622714374378, 43.099560205669398 ] } },
{ "type": "Feature", "properties": { "sample_order": 368, "property_id": "14815000030600000000", "latitude": 43.099370782053498, "longitude": -77.644723302330007, "cache_origin": "validated_milestone_1_baseline" }, "geometry": { "type": "Point", "coordinates": [ -77.644723302330007, 43.099370782053498 ] } },
{ "type": "Feature", "properties": { "sample_order": 369, "property_id": "14815000010460000000", "latitude": 43.099407385807353, "longitude": -77.645422783610826, "cache_origin": "validated_milestone_1_baseline" }, "geometry": { "type": "Point", "coordinates": [ -77.645422783610826, 43.099407385807353 ] } },
{ "type": "Feature", "properties": { "sample_order": 370, "property_id": "14815000010470000000", "latitude": 43.099547170557038, "longitude": -77.645345376681121, "cache_origin": "validated_milestone_1_baseline" }, "geometry": { "type": "Point", "coordinates": [ -77.645345376681121, 43.099547170557038 ] } },
{ "type": "Feature", "properties": { "sample_order": 371, "property_id": "14815000010480000000", "latitude": 43.099659966526673, "longitude": -77.645287640161172, "cache_origin": "validated_milestone_1_baseline" }, "geometry": { "type": "Point", "coordinates": [ -77.645287640161172, 43.099659966526673 ] } },
{ "type": "Feature", "properties": { "sample_order": 372, "property_id": "14815000010490000000", "latitude": 43.099772845590181, "longitude": -77.645224719463727, "cache_origin": "validated_milestone_1_baseline" }, "geometry": { "type": "Point", "coordinates": [ -77.645224719463727, 43.099772845590181 ] } },
{ "type": "Feature", "properties": { "sample_order": 373, "property_id": "14815000010500000000", "latitude": 43.099887457378649, "longitude": -77.645165017429946, "cache_origin": "validated_milestone_1_baseline" }, "geometry": { "type": "Point", "coordinates": [ -77.645165017429946, 43.099887457378649 ] } },
{ "type": "Feature", "properties": { "sample_order": 374, "property_id": "14815000010510000000", "latitude": 43.099999512192333, "longitude": -77.645101290045375, "cache_origin": "validated_milestone_1_baseline" }, "geometry": { "type": "Point", "coordinates": [ -77.645101290045375, 43.099999512192333 ] } },
{ "type": "Feature", "properties": { "sample_order": 375, "property_id": "14815000010530000000", "latitude": 43.100222131624761, "longitude": -77.644983214586119, "cache_origin": "validated_milestone_1_baseline" }, "geometry": { "type": "Point", "coordinates": [ -77.644983214586119, 43.100222131624761 ] } },
{ "type": "Feature", "properties": { "sample_order": 376, "property_id": "14815000010540000000", "latitude": 43.10033630639056, "longitude": -77.644922642983133, "cache_origin": "validated_milestone_1_baseline" }, "geometry": { "type": "Point", "coordinates": [ -77.644922642983133, 43.10033630639056 ] } },
{ "type": "Feature", "properties": { "sample_order": 377, "property_id": "14815000010371000000", "latitude": 43.09847086330651, "longitude": -77.646618319083117, "cache_origin": "validated_milestone_1_baseline" }, "geometry": { "type": "Point", "coordinates": [ -77.646618319083117, 43.09847086330651 ] } },
{ "type": "Feature", "properties": { "sample_order": 378, "property_id": "14815000010520000000", "latitude": 43.100109313077823, "longitude": -77.645042744143353, "cache_origin": "validated_milestone_1_baseline" }, "geometry": { "type": "Point", "coordinates": [ -77.645042744143353, 43.100109313077823 ] } },
{ "type": "Feature", "properties": { "sample_order": 379, "property_id": "14815000010360000000", "latitude": 43.100288876695686, "longitude": -77.646294610272165, "cache_origin": "validated_milestone_1_baseline" }, "geometry": { "type": "Point", "coordinates": [ -77.646294610272165, 43.100288876695686 ] } },
{ "type": "Feature", "properties": { "sample_order": 380, "property_id": "14815000010450000000", "latitude": 43.099297642040241, "longitude": -77.645476994243296, "cache_origin": "validated_milestone_1_baseline" }, "geometry": { "type": "Point", "coordinates": [ -77.645476994243296, 43.099297642040241 ] } },
{ "type": "Feature", "properties": { "sample_order": 381, "property_id": "14815000010440000000", "latitude": 43.09921254968696, "longitude": -77.645527803854065, "cache_origin": "validated_milestone_1_baseline" }, "geometry": { "type": "Point", "coordinates": [ -77.645527803854065, 43.09921254968696 ] } },
{ "type": "Feature", "properties": { "sample_order": 382, "property_id": "14815000010430000000", "latitude": 43.099099829636373, "longitude": -77.645589784015428, "cache_origin": "validated_milestone_1_baseline" }, "geometry": { "type": "Point", "coordinates": [ -77.645589784015428, 43.099099829636373 ] } },
{ "type": "Feature", "properties": { "sample_order": 383, "property_id": "14815000010420000000", "latitude": 43.098987303532603, "longitude": -77.64564570234522, "cache_origin": "validated_milestone_1_baseline" }, "geometry": { "type": "Point", "coordinates": [ -77.64564570234522, 43.098987303532603 ] } },
{ "type": "Feature", "properties": { "sample_order": 384, "property_id": "14815000010410000000", "latitude": 43.098875075669248, "longitude": -77.645710016329673, "cache_origin": "validated_milestone_1_baseline" }, "geometry": { "type": "Point", "coordinates": [ -77.645710016329673, 43.098875075669248 ] } },
{ "type": "Feature", "properties": { "sample_order": 385, "property_id": "14815000010400000000", "latitude": 43.098767431889137, "longitude": -77.645770156741321, "cache_origin": "validated_milestone_1_baseline" }, "geometry": { "type": "Point", "coordinates": [ -77.645770156741321, 43.098767431889137 ] } },
{ "type": "Feature", "properties": { "sample_order": 386, "property_id": "14815000010380000000", "latitude": 43.098075935025598, "longitude": -77.646310347857636, "cache_origin": "validated_milestone_1_baseline" }, "geometry": { "type": "Point", "coordinates": [ -77.646310347857636, 43.098075935025598 ] } },
{ "type": "Feature", "properties": { "sample_order": 387, "property_id": "14811000010360000000", "latitude": 43.106584027416801, "longitude": -77.641841585950317, "cache_origin": "validated_milestone_1_baseline" }, "geometry": { "type": "Point", "coordinates": [ -77.641841585950317, 43.106584027416801 ] } },
{ "type": "Feature", "properties": { "sample_order": 388, "property_id": "148140000404200000RH", "latitude": 43.09935693158873, "longitude": -77.648497326959529, "cache_origin": "validated_milestone_1_baseline" }, "geometry": { "type": "Point", "coordinates": [ -77.648497326959529, 43.09935693158873 ] } },
{ "type": "Feature", "properties": { "sample_order": 389, "property_id": "148180000200200000RH", "latitude": 43.097423097580702, "longitude": -77.650007740803517, "cache_origin": "validated_milestone_1_baseline" }, "geometry": { "type": "Point", "coordinates": [ -77.650007740803517, 43.097423097580702 ] } },
{ "type": "Feature", "properties": { "sample_order": 390, "property_id": "14814000040360000000", "latitude": 43.100506200566585, "longitude": -77.649154155332354, "cache_origin": "validated_milestone_1_baseline" }, "geometry": { "type": "Point", "coordinates": [ -77.649154155332354, 43.100506200566585 ] } },
{ "type": "Feature", "properties": { "sample_order": 391, "property_id": "14814000040410000000", "latitude": 43.100272354249043, "longitude": -77.6486618048948, "cache_origin": "validated_milestone_1_baseline" }, "geometry": { "type": "Point", "coordinates": [ -77.6486618048948, 43.100272354249043 ] } },
{ "type": "Feature", "properties": { "sample_order": 392, "property_id": "14814000040400000000", "latitude": 43.100523392634557, "longitude": -77.648524985188814, "cache_origin": "validated_milestone_1_baseline" }, "geometry": { "type": "Point", "coordinates": [ -77.648524985188814, 43.100523392634557 ] } },
{ "type": "Feature", "properties": { "sample_order": 393, "property_id": "14814000040370000000", "latitude": 43.100250830459693, "longitude": -77.649292824669502, "cache_origin": "validated_milestone_1_baseline" }, "geometry": { "type": "Point", "coordinates": [ -77.649292824669502, 43.100250830459693 ] } },
{ "type": "Feature", "properties": { "sample_order": 394, "property_id": "14815000010110000000", "latitude": 43.100556559387151, "longitude": -77.647637609588244, "cache_origin": "validated_milestone_1_baseline" }, "geometry": { "type": "Point", "coordinates": [ -77.647637609588244, 43.100556559387151 ] } },
{ "type": "Feature", "properties": { "sample_order": 395, "property_id": "14815000010120000000", "latitude": 43.100302751218379, "longitude": -77.647770955508989, "cache_origin": "validated_milestone_1_baseline" }, "geometry": { "type": "Point", "coordinates": [ -77.647770955508989, 43.100302751218379 ] } },
{ "type": "Feature", "properties": { "sample_order": 396, "property_id": "14815000010130000000", "latitude": 43.100332747410171, "longitude": -77.647132888450912, "cache_origin": "validated_milestone_1_baseline" }, "geometry": { "type": "Point", "coordinates": [ -77.647132888450912, 43.100332747410171 ] } },
{ "type": "Feature", "properties": { "sample_order": 397, "property_id": "14815000010140000000", "latitude": 43.100588258196019, "longitude": -77.646996842194383, "cache_origin": "validated_milestone_1_baseline" }, "geometry": { "type": "Point", "coordinates": [ -77.646996842194383, 43.100588258196019 ] } },
{ "type": "Feature", "properties": { "sample_order": 398, "property_id": "14815000010350000000", "latitude": 43.100589524101565, "longitude": -77.646133218049911, "cache_origin": "validated_milestone_1_baseline" }, "geometry": { "type": "Point", "coordinates": [ -77.646133218049911, 43.100589524101565 ] } },
{ "type": "Feature", "properties": { "sample_order": 399, "property_id": "14815000010340000000", "latitude": 43.100889466899503, "longitude": -77.645971918354121, "cache_origin": "validated_milestone_1_baseline" }, "geometry": { "type": "Point", "coordinates": [ -77.645971918354121, 43.100889466899503 ] } },
{ "type": "Feature", "properties": { "sample_order": 400, "property_id": "14815000010160000000", "latitude": 43.101093982110243, "longitude": -77.64672300155982, "cache_origin": "validated_milestone_1_baseline" }, "geometry": { "type": "Point", "coordinates": [ -77.64672300155982, 43.101093982110243 ] } },
{ "type": "Feature", "properties": { "sample_order": 401, "property_id": "14815000010090000000", "latitude": 43.101064337856201, "longitude": -77.647363672833919, "cache_origin": "validated_milestone_1_baseline" }, "geometry": { "type": "Point", "coordinates": [ -77.647363672833919, 43.101064337856201 ] } },
{ "type": "Feature", "properties": { "sample_order": 402, "property_id": "14815000010150000000", "latitude": 43.100840387371335, "longitude": -77.64685927688673, "cache_origin": "validated_milestone_1_baseline" }, "geometry": { "type": "Point", "coordinates": [ -77.64685927688673, 43.100840387371335 ] } },
{ "type": "Feature", "properties": { "sample_order": 403, "property_id": "14815000010080000000", "latitude": 43.101492931268616, "longitude": -77.647133820003859, "cache_origin": "validated_milestone_1_baseline" }, "geometry": { "type": "Point", "coordinates": [ -77.647133820003859, 43.101492931268616 ] } },
{ "type": "Feature", "properties": { "sample_order": 404, "property_id": "14815000010170000000", "latitude": 43.101521423555369, "longitude": -77.646494673170778, "cache_origin": "validated_milestone_1_baseline" }, "geometry": { "type": "Point", "coordinates": [ -77.646494673170778, 43.101521423555369 ] } },
{ "type": "Feature", "properties": { "sample_order": 405, "property_id": "14815000010070000000", "latitude": 43.101752810735128, "longitude": -77.646996717328562, "cache_origin": "validated_milestone_1_baseline" }, "geometry": { "type": "Point", "coordinates": [ -77.646996717328562, 43.101752810735128 ] } },
{ "type": "Feature", "properties": { "sample_order": 406, "property_id": "14814000040270000000", "latitude": 43.101982789490457, "longitude": -77.647734654588376, "cache_origin": "validated_milestone_1_baseline" }, "geometry": { "type": "Point", "coordinates": [ -77.647734654588376, 43.101982789490457 ] } },
{ "type": "Feature", "properties": { "sample_order": 407, "property_id": "14814000040280000000", "latitude": 43.101723621337058, "longitude": -77.647874234817223, "cache_origin": "validated_milestone_1_baseline" }, "geometry": { "type": "Point", "coordinates": [ -77.647874234817223, 43.101723621337058 ] } },
{ "type": "Feature", "properties": { "sample_order": 408, "property_id": "14814000040290000000", "latitude": 43.101465293606651, "longitude": -77.648014396256045, "cache_origin": "validated_milestone_1_baseline" }, "geometry": { "type": "Point", "coordinates": [ -77.648014396256045, 43.101465293606651 ] } },
{ "type": "Feature", "properties": { "sample_order": 409, "property_id": "14814000040330000000", "latitude": 43.1014416444632, "longitude": -77.648648144214278, "cache_origin": "validated_milestone_1_baseline" }, "geometry": { "type": "Point", "coordinates": [ -77.648648144214278, 43.1014416444632 ] } },
{ "type": "Feature", "properties": { "sample_order": 410, "property_id": "14814000040380000000", "latitude": 43.1010356479294, "longitude": -77.648246970981432, "cache_origin": "validated_milestone_1_baseline" }, "geometry": { "type": "Point", "coordinates": [ -77.648246970981432, 43.1010356479294 ] } },
{ "type": "Feature", "properties": { "sample_order": 411, "property_id": "14815000010100000000", "latitude": 43.100809782090408, "longitude": -77.647500389233642, "cache_origin": "validated_milestone_1_baseline" }, "geometry": { "type": "Point", "coordinates": [ -77.647500389233642, 43.100809782090408 ] } },
{ "type": "Feature", "properties": { "sample_order": 412, "property_id": "14814000040390000000", "latitude": 43.100778964280138, "longitude": -77.648385706793903, "cache_origin": "validated_milestone_1_baseline" }, "geometry": { "type": "Point", "coordinates": [ -77.648385706793903, 43.100778964280138 ] } },
{ "type": "Feature", "properties": { "sample_order": 413, "property_id": "14814000040340000000", "latitude": 43.101016205595123, "longitude": -77.64887816952087, "cache_origin": "validated_milestone_1_baseline" }, "geometry": { "type": "Point", "coordinates": [ -77.64887816952087, 43.101016205595123 ] } },
{ "type": "Feature", "properties": { "sample_order": 414, "property_id": "14814000040350000000", "latitude": 43.100761580102969, "longitude": -77.649015383587269, "cache_origin": "validated_milestone_1_baseline" }, "geometry": { "type": "Point", "coordinates": [ -77.649015383587269, 43.100761580102969 ] } },
{ "type": "Feature", "properties": { "sample_order": 415, "property_id": "14814000040130000000", "latitude": 43.10164800549488, "longitude": -77.649402750612495, "cache_origin": "validated_milestone_1_baseline" }, "geometry": { "type": "Point", "coordinates": [ -77.649402750612495, 43.10164800549488 ] } },
{ "type": "Feature", "properties": { "sample_order": 416, "property_id": "14814000040140000000", "latitude": 43.101946640499712, "longitude": -77.649244946261476, "cache_origin": "validated_milestone_1_baseline" }, "geometry": { "type": "Point", "coordinates": [ -77.649244946261476, 43.101946640499712 ] } },
{ "type": "Feature", "properties": { "sample_order": 417, "property_id": "14814000040320000000", "latitude": 43.101698371902962, "longitude": -77.648509040990831, "cache_origin": "validated_milestone_1_baseline" }, "geometry": { "type": "Point", "coordinates": [ -77.648509040990831, 43.101698371902962 ] } },
{ "type": "Feature", "properties": { "sample_order": 418, "property_id": "14814000040310000000", "latitude": 43.101957060048072, "longitude": -77.648369981784867, "cache_origin": "validated_milestone_1_baseline" }, "geometry": { "type": "Point", "coordinates": [ -77.648369981784867, 43.101957060048072 ] } },
{ "type": "Feature", "properties": { "sample_order": 419, "property_id": "14814000040300000000", "latitude": 43.102214652416095, "longitude": -77.648230933358676, "cache_origin": "validated_milestone_1_baseline" }, "geometry": { "type": "Point", "coordinates": [ -77.648230933358676, 43.102214652416095 ] } },
{ "type": "Feature", "properties": { "sample_order": 420, "property_id": "14814000040160000000", "latitude": 43.102546534285281, "longitude": -77.648925743399985, "cache_origin": "validated_milestone_1_baseline" }, "geometry": { "type": "Point", "coordinates": [ -77.648925743399985, 43.102546534285281 ] } },
{ "type": "Feature", "properties": { "sample_order": 421, "property_id": "14814000040012000000", "latitude": 43.102537126873642, "longitude": -77.650015852590542, "cache_origin": "validated_milestone_1_baseline" }, "geometry": { "type": "Point", "coordinates": [ -77.650015852590542, 43.102537126873642 ] } },
{ "type": "Feature", "properties": { "sample_order": 422, "property_id": "14814000040150000000", "latitude": 43.102246432352942, "longitude": -77.649085408161966, "cache_origin": "validated_milestone_1_baseline" }, "geometry": { "type": "Point", "coordinates": [ -77.649085408161966, 43.102246432352942 ] } },
{ "type": "Feature", "properties": { "sample_order": 423, "property_id": "14814000040170000000", "latitude": 43.102846946948048, "longitude": -77.648766316691592, "cache_origin": "validated_milestone_1_baseline" }, "geometry": { "type": "Point", "coordinates": [ -77.648766316691592, 43.102846946948048 ] } },
{ "type": "Feature", "properties": { "sample_order": 424, "property_id": "14814000040180000000", "latitude": 43.103096485923295, "longitude": -77.648631895487426, "cache_origin": "validated_milestone_1_baseline" }, "geometry": { "type": "Point", "coordinates": [ -77.648631895487426, 43.103096485923295 ] } },
{ "type": "Feature", "properties": { "sample_order": 425, "property_id": "14814000040191000000", "latitude": 43.103400947911133, "longitude": -77.648472754443247, "cache_origin": "validated_milestone_1_baseline" }, "geometry": { "type": "Point", "coordinates": [ -77.648472754443247, 43.103400947911133 ] } },
{ "type": "Feature", "properties": { "sample_order": 426, "property_id": "14814000040193000000", "latitude": 43.103376199605023, "longitude": -77.648108449866314, "cache_origin": "validated_milestone_1_baseline" }, "geometry": { "type": "Point", "coordinates": [ -77.648108449866314, 43.103376199605023 ] } },
{ "type": "Feature", "properties": { "sample_order": 427, "property_id": "14814000040192000000", "latitude": 43.103234322809598, "longitude": -77.648560982478898, "cache_origin": "validated_milestone_1_baseline" }, "geometry": { "type": "Point", "coordinates": [ -77.648560982478898, 43.103234322809598 ] } },
{ "type": "Feature", "properties": { "sample_order": 428, "property_id": "14814000040202000000", "latitude": 43.102948083086581, "longitude": -77.648264808828031, "cache_origin": "validated_milestone_1_baseline" }, "geometry": { "type": "Point", "coordinates": [ -77.648264808828031, 43.102948083086581 ] } },
{ "type": "Feature", "properties": { "sample_order": 429, "property_id": "14814000040230000000", "latitude": 43.102888522855672, "longitude": -77.647869481831052, "cache_origin": "validated_milestone_1_baseline" }, "geometry": { "type": "Point", "coordinates": [ -77.647869481831052, 43.102888522855672 ] } },
{ "type": "Feature", "properties": { "sample_order": 430, "property_id": "14814000040260000000", "latitude": 43.102238507210991, "longitude": -77.647596387696481, "cache_origin": "validated_milestone_1_baseline" }, "geometry": { "type": "Point", "coordinates": [ -77.647596387696481, 43.102238507210991 ] } },
{ "type": "Feature", "properties": { "sample_order": 431, "property_id": "14814000040240000000", "latitude": 43.10263391761211, "longitude": -77.648007871792146, "cache_origin": "validated_milestone_1_baseline" }, "geometry": { "type": "Point", "coordinates": [ -77.648007871792146, 43.10263391761211 ] } },
{ "type": "Feature", "properties": { "sample_order": 432, "property_id": "14814000040220000000", "latitude": 43.102912564971092, "longitude": -77.647231674386077, "cache_origin": "validated_milestone_1_baseline" }, "geometry": { "type": "Point", "coordinates": [ -77.647231674386077, 43.102912564971092 ] } },
{ "type": "Feature", "properties": { "sample_order": 433, "property_id": "14814000040250000000", "latitude": 43.102660022593561, "longitude": -77.647370235925379, "cache_origin": "validated_milestone_1_baseline" }, "geometry": { "type": "Point", "coordinates": [ -77.647370235925379, 43.102660022593561 ] } },
{ "type": "Feature", "properties": { "sample_order": 434, "property_id": "14814000040200000000", "latitude": 43.103292860842032, "longitude": -77.647502833549524, "cache_origin": "validated_milestone_1_baseline" }, "geometry": { "type": "Point", "coordinates": [ -77.647502833549524, 43.103292860842032 ] } },
{ "type": "Feature", "properties": { "sample_order": 435, "property_id": "14814000040210000000", "latitude": 43.103316407608929, "longitude": -77.646865369260979, "cache_origin": "validated_milestone_1_baseline" }, "geometry": { "type": "Point", "coordinates": [ -77.646865369260979, 43.103316407608929 ] } },
{ "type": "Feature", "properties": { "sample_order": 436, "property_id": "14815000010230000000", "latitude": 43.103351489985798, "longitude": -77.645657647243539, "cache_origin": "validated_milestone_1_baseline" }, "geometry": { "type": "Point", "coordinates": [ -77.645657647243539, 43.103351489985798 ] } },
{ "type": "Feature", "properties": { "sample_order": 437, "property_id": "14815000010020000000", "latitude": 43.103342210594477, "longitude": -77.645975563717542, "cache_origin": "validated_milestone_1_baseline" }, "geometry": { "type": "Point", "coordinates": [ -77.645975563717542, 43.103342210594477 ] } },
{ "type": "Feature", "properties": { "sample_order": 438, "property_id": "14815000010030000000", "latitude": 43.102947892224229, "longitude": -77.646348550511718, "cache_origin": "validated_milestone_1_baseline" }, "geometry": { "type": "Point", "coordinates": [ -77.646348550511718, 43.102947892224229 ] } },
{ "type": "Feature", "properties": { "sample_order": 439, "property_id": "14815000010220000000", "latitude": 43.102966291745176, "longitude": -77.645709442306213, "cache_origin": "validated_milestone_1_baseline" }, "geometry": { "type": "Point", "coordinates": [ -77.645709442306213, 43.102966291745176 ] } },
{ "type": "Feature", "properties": { "sample_order": 440, "property_id": "14815000010210000000", "latitude": 43.102713772545357, "longitude": -77.645845240627693, "cache_origin": "validated_milestone_1_baseline" }, "geometry": { "type": "Point", "coordinates": [ -77.645845240627693, 43.102713772545357 ] } },
{ "type": "Feature", "properties": { "sample_order": 441, "property_id": "14815000010050000000", "latitude": 43.102264538901146, "longitude": -77.64671952418135, "cache_origin": "validated_milestone_1_baseline" }, "geometry": { "type": "Point", "coordinates": [ -77.64671952418135, 43.102264538901146 ] } },
{ "type": "Feature", "properties": { "sample_order": 442, "property_id": "14815000010200000000", "latitude": 43.102286612931451, "longitude": -77.646080163549229, "cache_origin": "validated_milestone_1_baseline" }, "geometry": { "type": "Point", "coordinates": [ -77.646080163549229, 43.102286612931451 ] } },
{ "type": "Feature", "properties": { "sample_order": 443, "property_id": "14815000010040000000", "latitude": 43.102693001916748, "longitude": -77.646486101446342, "cache_origin": "validated_milestone_1_baseline" }, "geometry": { "type": "Point", "coordinates": [ -77.646486101446342, 43.102693001916748 ] } },
{ "type": "Feature", "properties": { "sample_order": 444, "property_id": "14815000010060000000", "latitude": 43.102009174816409, "longitude": -77.646856427430649, "cache_origin": "validated_milestone_1_baseline" }, "geometry": { "type": "Point", "coordinates": [ -77.646856427430649, 43.102009174816409 ] } },
{ "type": "Feature", "properties": { "sample_order": 445, "property_id": "14815000010180000000", "latitude": 43.101776644721312, "longitude": -77.646358871256012, "cache_origin": "validated_milestone_1_baseline" }, "geometry": { "type": "Point", "coordinates": [ -77.646358871256012, 43.101776644721312 ] } },
{ "type": "Feature", "properties": { "sample_order": 446, "property_id": "14815000010190000000", "latitude": 43.102031098738962, "longitude": -77.646218441220924, "cache_origin": "validated_milestone_1_baseline" }, "geometry": { "type": "Point", "coordinates": [ -77.646218441220924, 43.102031098738962 ] } },
{ "type": "Feature", "properties": { "sample_order": 447, "property_id": "14815000010310000000", "latitude": 43.101784854582256, "longitude": -77.645482867428612, "cache_origin": "validated_milestone_1_baseline" }, "geometry": { "type": "Point", "coordinates": [ -77.645482867428612, 43.101784854582256 ] } },
{ "type": "Feature", "properties": { "sample_order": 448, "property_id": "14815000010320000000", "latitude": 43.101484256335411, "longitude": -77.645646824341014, "cache_origin": "validated_milestone_1_baseline" }, "geometry": { "type": "Point", "coordinates": [ -77.645646824341014, 43.101484256335411 ] } },
{ "type": "Feature", "properties": { "sample_order": 449, "property_id": "14815000010330000000", "latitude": 43.101188390266252, "longitude": -77.645807614692032, "cache_origin": "validated_milestone_1_baseline" }, "geometry": { "type": "Point", "coordinates": [ -77.645807614692032, 43.101188390266252 ] } },
{ "type": "Feature", "properties": { "sample_order": 450, "property_id": "14815000010300000000", "latitude": 43.102083050782653, "longitude": -77.645322798424758, "cache_origin": "validated_milestone_1_baseline" }, "geometry": { "type": "Point", "coordinates": [ -77.645322798424758, 43.102083050782653 ] } },
{ "type": "Feature", "properties": { "sample_order": 451, "property_id": "14815000010660000000", "latitude": 43.101911029977884, "longitude": -77.644077190858539, "cache_origin": "validated_milestone_1_baseline" }, "geometry": { "type": "Point", "coordinates": [ -77.644077190858539, 43.101911029977884 ] } },
{ "type": "Feature", "properties": { "sample_order": 452, "property_id": "14815000010670000000", "latitude": 43.102020879250986, "longitude": -77.644021768398773, "cache_origin": "validated_milestone_1_baseline" }, "geometry": { "type": "Point", "coordinates": [ -77.644021768398773, 43.102020879250986 ] } },
{ "type": "Feature", "properties": { "sample_order": 453, "property_id": "14815000010680000000", "latitude": 43.102132925568931, "longitude": -77.643955046031039, "cache_origin": "validated_milestone_1_baseline" }, "geometry": { "type": "Point", "coordinates": [ -77.643955046031039, 43.102132925568931 ] } },
{ "type": "Feature", "properties": { "sample_order": 454, "property_id": "14815000010690000000", "latitude": 43.10224428233937, "longitude": -77.643898349760207, "cache_origin": "validated_milestone_1_baseline" }, "geometry": { "type": "Point", "coordinates": [ -77.643898349760207, 43.10224428233937 ] } },
{ "type": "Feature", "properties": { "sample_order": 455, "property_id": "14815000010700000000", "latitude": 43.102354895783158, "longitude": -77.643842406277571, "cache_origin": "validated_milestone_1_baseline" }, "geometry": { "type": "Point", "coordinates": [ -77.643842406277571, 43.102354895783158 ] } },
{ "type": "Feature", "properties": { "sample_order": 456, "property_id": "14815000010290000000", "latitude": 43.102374792880319, "longitude": -77.645164520661595, "cache_origin": "validated_milestone_1_baseline" }, "geometry": { "type": "Point", "coordinates": [ -77.645164520661595, 43.102374792880319 ] } },
{ "type": "Feature", "properties": { "sample_order": 457, "property_id": "14815000010280000000", "latitude": 43.102669271261583, "longitude": -77.645003165270268, "cache_origin": "validated_milestone_1_baseline" }, "geometry": { "type": "Point", "coordinates": [ -77.645003165270268, 43.102669271261583 ] } },
{ "type": "Feature", "properties": { "sample_order": 458, "property_id": "14815000010270000000", "latitude": 43.102966750208232, "longitude": -77.644842419835015, "cache_origin": "validated_milestone_1_baseline" }, "geometry": { "type": "Point", "coordinates": [ -77.644842419835015, 43.102966750208232 ] } },
{ "type": "Feature", "properties": { "sample_order": 459, "property_id": "14815000010240000000", "latitude": 43.103362496963442, "longitude": -77.645340109858608, "cache_origin": "validated_milestone_1_baseline" }, "geometry": { "type": "Point", "coordinates": [ -77.645340109858608, 43.103362496963442 ] } },
{ "type": "Feature", "properties": { "sample_order": 460, "property_id": "14815000010260000000", "latitude": 43.103387979860301, "longitude": -77.644454442853686, "cache_origin": "validated_milestone_1_baseline" }, "geometry": { "type": "Point", "coordinates": [ -77.644454442853686, 43.103387979860301 ] } },
{ "type": "Feature", "properties": { "sample_order": 461, "property_id": "14815000010730000000", "latitude": 43.102693977220831, "longitude": -77.64365482996142, "cache_origin": "validated_milestone_1_baseline" }, "geometry": { "type": "Point", "coordinates": [ -77.64365482996142, 43.102693977220831 ] } },
{ "type": "Feature", "properties": { "sample_order": 462, "property_id": "14815000010720000000", "latitude": 43.102583077766496, "longitude": -77.643717771320112, "cache_origin": "validated_milestone_1_baseline" }, "geometry": { "type": "Point", "coordinates": [ -77.643717771320112, 43.102583077766496 ] } },
{ "type": "Feature", "properties": { "sample_order": 463, "property_id": "14815000010710000000", "latitude": 43.102467542940431, "longitude": -77.643776730447144, "cache_origin": "validated_milestone_1_baseline" }, "geometry": { "type": "Point", "coordinates": [ -77.643776730447144, 43.102467542940431 ] } },
{ "type": "Feature", "properties": { "sample_order": 464, "property_id": "14815000010740000000", "latitude": 43.102806356152776, "longitude": -77.64359727490114, "cache_origin": "validated_milestone_1_baseline" }, "geometry": { "type": "Point", "coordinates": [ -77.64359727490114, 43.102806356152776 ] } },
{ "type": "Feature", "properties": { "sample_order": 465, "property_id": "14815000010750000000", "latitude": 43.10292173095948, "longitude": -77.643532259332474, "cache_origin": "validated_milestone_1_baseline" }, "geometry": { "type": "Point", "coordinates": [ -77.643532259332474, 43.10292173095948 ] } },
{ "type": "Feature", "properties": { "sample_order": 466, "property_id": "14815000020120000000", "latitude": 43.103001045724959, "longitude": -77.642766204804246, "cache_origin": "validated_milestone_1_baseline" }, "geometry": { "type": "Point", "coordinates": [ -77.642766204804246, 43.103001045724959 ] } },
{ "type": "Feature", "properties": { "sample_order": 467, "property_id": "14815000010760000000", "latitude": 43.103031851266657, "longitude": -77.643476332917828, "cache_origin": "validated_milestone_1_baseline" }, "geometry": { "type": "Point", "coordinates": [ -77.643476332917828, 43.103031851266657 ] } },
{ "type": "Feature", "properties": { "sample_order": 468, "property_id": "14815000010770000000", "latitude": 43.103142992584523, "longitude": -77.643413891920744, "cache_origin": "validated_milestone_1_baseline" }, "geometry": { "type": "Point", "coordinates": [ -77.643413891920744, 43.103142992584523 ] } },
{ "type": "Feature", "properties": { "sample_order": 469, "property_id": "14815000010780000000", "latitude": 43.103312438220605, "longitude": -77.643324814078852, "cache_origin": "validated_milestone_1_baseline" }, "geometry": { "type": "Point", "coordinates": [ -77.643324814078852, 43.103312438220605 ] } },
{ "type": "Feature", "properties": { "sample_order": 470, "property_id": "14815000010790000000", "latitude": 43.103556025175045, "longitude": -77.643320647692562, "cache_origin": "validated_milestone_1_baseline" }, "geometry": { "type": "Point", "coordinates": [ -77.643320647692562, 43.103556025175045 ] } },
{ "type": "Feature", "properties": { "sample_order": 471, "property_id": "14815000010800000000", "latitude": 43.103565782012957, "longitude": -77.643048300956309, "cache_origin": "validated_milestone_1_baseline" }, "geometry": { "type": "Point", "coordinates": [ -77.643048300956309, 43.103565782012957 ] } },
{ "type": "Feature", "properties": { "sample_order": 472, "property_id": "14815000020110000000", "latitude": 43.103190199692101, "longitude": -77.642666030073656, "cache_origin": "validated_milestone_1_baseline" }, "geometry": { "type": "Point", "coordinates": [ -77.642666030073656, 43.103190199692101 ] } },
{ "type": "Feature", "properties": { "sample_order": 473, "property_id": "14815000020130000000", "latitude": 43.102665322819703, "longitude": -77.642950089942914, "cache_origin": "validated_milestone_1_baseline" }, "geometry": { "type": "Point", "coordinates": [ -77.642950089942914, 43.102665322819703 ] } },
{ "type": "Feature", "properties": { "sample_order": 474, "property_id": "14815000020041000000", "latitude": 43.103363346327917, "longitude": -77.642085000646205, "cache_origin": "validated_milestone_1_baseline" }, "geometry": { "type": "Point", "coordinates": [ -77.642085000646205, 43.103363346327917 ] } },
{ "type": "Feature", "properties": { "sample_order": 475, "property_id": "14815000020190000000", "latitude": 43.10260798905346, "longitude": -77.641887726118242, "cache_origin": "validated_milestone_1_baseline" }, "geometry": { "type": "Point", "coordinates": [ -77.641887726118242, 43.10260798905346 ] } },
{ "type": "Feature", "properties": { "sample_order": 476, "property_id": "14815000020180000000", "latitude": 43.1026008779154, "longitude": -77.642130235312351, "cache_origin": "validated_milestone_1_baseline" }, "geometry": { "type": "Point", "coordinates": [ -77.642130235312351, 43.1026008779154 ] } },
{ "type": "Feature", "properties": { "sample_order": 477, "property_id": "14815000020170000000", "latitude": 43.102593875654001, "longitude": -77.642340986366207, "cache_origin": "validated_milestone_1_baseline" }, "geometry": { "type": "Point", "coordinates": [ -77.642340986366207, 43.102593875654001 ] } },
{ "type": "Feature", "properties": { "sample_order": 478, "property_id": "14815000020150000000", "latitude": 43.10258196669178, "longitude": -77.642672108074876, "cache_origin": "validated_milestone_1_baseline" }, "geometry": { "type": "Point", "coordinates": [ -77.642672108074876, 43.10258196669178 ] } },
{ "type": "Feature", "properties": { "sample_order": 479, "property_id": "14815000020160000000", "latitude": 43.102588526885953, "longitude": -77.642512295090896, "cache_origin": "validated_milestone_1_baseline" }, "geometry": { "type": "Point", "coordinates": [ -77.642512295090896, 43.102588526885953 ] } },
{ "type": "Feature", "properties": { "sample_order": 480, "property_id": "14815000020370000000", "latitude": 43.102197822875581, "longitude": -77.642876597871222, "cache_origin": "validated_milestone_1_baseline" }, "geometry": { "type": "Point", "coordinates": [ -77.642876597871222, 43.102197822875581 ] } },
{ "type": "Feature", "properties": { "sample_order": 481, "property_id": "14815000020140000000", "latitude": 43.102471448106371, "longitude": -77.64305492603151, "cache_origin": "validated_milestone_1_baseline" }, "geometry": { "type": "Point", "coordinates": [ -77.64305492603151, 43.102471448106371 ] } },
{ "type": "Feature", "properties": { "sample_order": 482, "property_id": "14815000020380000000", "latitude": 43.102282100398192, "longitude": -77.643157745402306, "cache_origin": "validated_milestone_1_baseline" }, "geometry": { "type": "Point", "coordinates": [ -77.643157745402306, 43.102282100398192 ] } },
{ "type": "Feature", "properties": { "sample_order": 483, "property_id": "14815000020390000000", "latitude": 43.102090914946622, "longitude": -77.64326146578334, "cache_origin": "validated_milestone_1_baseline" }, "geometry": { "type": "Point", "coordinates": [ -77.64326146578334, 43.102090914946622 ] } },
{ "type": "Feature", "properties": { "sample_order": 484, "property_id": "14815000020360000000", "latitude": 43.102204691380287, "longitude": -77.642715974606844, "cache_origin": "validated_milestone_1_baseline" }, "geometry": { "type": "Point", "coordinates": [ -77.642715974606844, 43.102204691380287 ] } },
{ "type": "Feature", "properties": { "sample_order": 485, "property_id": "14815000020400000000", "latitude": 43.101759393974532, "longitude": -77.643438902814879, "cache_origin": "validated_milestone_1_baseline" }, "geometry": { "type": "Point", "coordinates": [ -77.643438902814879, 43.101759393974532 ] } },
{ "type": "Feature", "properties": { "sample_order": 486, "property_id": "14815000020450000000", "latitude": 43.101693410692242, "longitude": -77.642660436264379, "cache_origin": "validated_milestone_1_baseline" }, "geometry": { "type": "Point", "coordinates": [ -77.642660436264379, 43.101693410692242 ] } },
{ "type": "Feature", "properties": { "sample_order": 487, "property_id": "14815000020350000000", "latitude": 43.102210335333403, "longitude": -77.642546952094548, "cache_origin": "validated_milestone_1_baseline" }, "geometry": { "type": "Point", "coordinates": [ -77.642546952094548, 43.102210335333403 ] } },
{ "type": "Feature", "properties": { "sample_order": 488, "property_id": "14815000020340000000", "latitude": 43.102215885493429, "longitude": -77.642376892028111, "cache_origin": "validated_milestone_1_baseline" }, "geometry": { "type": "Point", "coordinates": [ -77.642376892028111, 43.102215885493429 ] } },
{ "type": "Feature", "properties": { "sample_order": 489, "property_id": "14815000020330000000", "latitude": 43.102220595455073, "longitude": -77.642215435127142, "cache_origin": "validated_milestone_1_baseline" }, "geometry": { "type": "Point", "coordinates": [ -77.642215435127142, 43.102220595455073 ] } },
{ "type": "Feature", "properties": { "sample_order": 490, "property_id": "14815000020320000000", "latitude": 43.10222711567851, "longitude": -77.642052437615476, "cache_origin": "validated_milestone_1_baseline" }, "geometry": { "type": "Point", "coordinates": [ -77.642052437615476, 43.10222711567851 ] } },
{ "type": "Feature", "properties": { "sample_order": 491, "property_id": "14815000020310000000", "latitude": 43.102232492025621, "longitude": -77.641889742836057, "cache_origin": "validated_milestone_1_baseline" }, "geometry": { "type": "Point", "coordinates": [ -77.641889742836057, 43.102232492025621 ] } },
{ "type": "Feature", "properties": { "sample_order": 492, "property_id": "14815000020300000000", "latitude": 43.102237363991307, "longitude": -77.641723900359878, "cache_origin": "validated_milestone_1_baseline" }, "geometry": { "type": "Point", "coordinates": [ -77.641723900359878, 43.102237363991307 ] } },
{ "type": "Feature", "properties": { "sample_order": 493, "property_id": "14815000020500000000", "latitude": 43.101722884764243, "longitude": -77.641838254098928, "cache_origin": "validated_milestone_1_baseline" }, "geometry": { "type": "Point", "coordinates": [ -77.641838254098928, 43.101722884764243 ] } },
{ "type": "Feature", "properties": { "sample_order": 494, "property_id": "14815000020490000000", "latitude": 43.101716858377912, "longitude": -77.642004585258604, "cache_origin": "validated_milestone_1_baseline" }, "geometry": { "type": "Point", "coordinates": [ -77.642004585258604, 43.101716858377912 ] } },
{ "type": "Feature", "properties": { "sample_order": 495, "property_id": "14815000020480000000", "latitude": 43.101711411804509, "longitude": -77.642169801609029, "cache_origin": "validated_milestone_1_baseline" }, "geometry": { "type": "Point", "coordinates": [ -77.642169801609029, 43.101711411804509 ] } },
{ "type": "Feature", "properties": { "sample_order": 496, "property_id": "14815000020470000000", "latitude": 43.101705470683775, "longitude": -77.642330521891466, "cache_origin": "validated_milestone_1_baseline" }, "geometry": { "type": "Point", "coordinates": [ -77.642330521891466, 43.101705470683775 ] } },
{ "type": "Feature", "properties": { "sample_order": 497, "property_id": "14815000020460000000", "latitude": 43.101699185216141, "longitude": -77.64249573464862, "cache_origin": "validated_milestone_1_baseline" }, "geometry": { "type": "Point", "coordinates": [ -77.64249573464862, 43.101699185216141 ] } },
{ "type": "Feature", "properties": { "sample_order": 498, "property_id": "14815000020560000000", "latitude": 43.101345626459448, "longitude": -77.641883333356503, "cache_origin": "validated_milestone_1_baseline" }, "geometry": { "type": "Point", "coordinates": [ -77.641883333356503, 43.101345626459448 ] } },
{ "type": "Feature", "properties": { "sample_order": 499, "property_id": "14815000020570000000", "latitude": 43.101340587167854, "longitude": -77.642044368049284, "cache_origin": "validated_milestone_1_baseline" }, "geometry": { "type": "Point", "coordinates": [ -77.642044368049284, 43.101340587167854 ] } },
{ "type": "Feature", "properties": { "sample_order": 500, "property_id": "14815000020800000000", "latitude": 43.100930874256811, "longitude": -77.641790853594628, "cache_origin": "validated_milestone_1_baseline" }, "geometry": { "type": "Point", "coordinates": [ -77.641790853594628, 43.100930874256811 ] } },
{ "type": "Feature", "properties": { "sample_order": 501, "property_id": "14815000020580000000", "latitude": 43.101334103580477, "longitude": -77.642210690225824, "cache_origin": "validated_milestone_1_baseline" }, "geometry": { "type": "Point", "coordinates": [ -77.642210690225824, 43.101334103580477 ] } },
{ "type": "Feature", "properties": { "sample_order": 502, "property_id": "14815000020590000000", "latitude": 43.101328214239373, "longitude": -77.642375611928827, "cache_origin": "validated_milestone_1_baseline" }, "geometry": { "type": "Point", "coordinates": [ -77.642375611928827, 43.101328214239373 ] } },
{ "type": "Feature", "properties": { "sample_order": 503, "property_id": "14815000020600000000", "latitude": 43.101321849368922, "longitude": -77.64253599713966, "cache_origin": "validated_milestone_1_baseline" }, "geometry": { "type": "Point", "coordinates": [ -77.64253599713966, 43.101321849368922 ] } },
{ "type": "Feature", "properties": { "sample_order": 504, "property_id": "14815000020610000000", "latitude": 43.101315423498917, "longitude": -77.642702322909471, "cache_origin": "validated_milestone_1_baseline" }, "geometry": { "type": "Point", "coordinates": [ -77.642702322909471, 43.101315423498917 ] } },
{ "type": "Feature", "properties": { "sample_order": 505, "property_id": "14815000020620000000", "latitude": 43.101310009028957, "longitude": -77.642868063876008, "cache_origin": "validated_milestone_1_baseline" }, "geometry": { "type": "Point", "coordinates": [ -77.642868063876008, 43.101310009028957 ] } },
{ "type": "Feature", "properties": { "sample_order": 506, "property_id": "14815000020630000000", "latitude": 43.101304696879289, "longitude": -77.643036110817889, "cache_origin": "validated_milestone_1_baseline" }, "geometry": { "type": "Point", "coordinates": [ -77.643036110817889, 43.101304696879289 ] } },
{ "type": "Feature", "properties": { "sample_order": 507, "property_id": "14815000020680000000", "latitude": 43.100854869794624, "longitude": -77.643927763297569, "cache_origin": "validated_milestone_1_baseline" }, "geometry": { "type": "Point", "coordinates": [ -77.643927763297569, 43.100854869794624 ] } },
{ "type": "Feature", "properties": { "sample_order": 508, "property_id": "14815000020640000000", "latitude": 43.101298372016359, "longitude": -77.643203790348821, "cache_origin": "validated_milestone_1_baseline" }, "geometry": { "type": "Point", "coordinates": [ -77.643203790348821, 43.101298372016359 ] } },
{ "type": "Feature", "properties": { "sample_order": 509, "property_id": "14815000020650000000", "latitude": 43.101292762741998, "longitude": -77.643366524654127, "cache_origin": "validated_milestone_1_baseline" }, "geometry": { "type": "Point", "coordinates": [ -77.643366524654127, 43.101292762741998 ] } },
{ "type": "Feature", "properties": { "sample_order": 510, "property_id": "14815000020440000000", "latitude": 43.101687639447299, "longitude": -77.642829222519751, "cache_origin": "validated_milestone_1_baseline" }, "geometry": { "type": "Point", "coordinates": [ -77.642829222519751, 43.101687639447299 ] } },
{ "type": "Feature", "properties": { "sample_order": 511, "property_id": "14815000020430000000", "latitude": 43.10168087386058, "longitude": -77.642997071832283, "cache_origin": "validated_milestone_1_baseline" }, "geometry": { "type": "Point", "coordinates": [ -77.642997071832283, 43.10168087386058 ] } },
{ "type": "Feature", "properties": { "sample_order": 512, "property_id": "14815000020420000000", "latitude": 43.101674903877367, "longitude": -77.643158090355385, "cache_origin": "validated_milestone_1_baseline" }, "geometry": { "type": "Point", "coordinates": [ -77.643158090355385, 43.101674903877367 ] } },
{ "type": "Feature", "properties": { "sample_order": 513, "property_id": "14815000020410000000", "latitude": 43.10156777990035, "longitude": -77.643543574511781, "cache_origin": "validated_milestone_1_baseline" }, "geometry": { "type": "Point", "coordinates": [ -77.643543574511781, 43.10156777990035 ] } },
{ "type": "Feature", "properties": { "sample_order": 514, "property_id": "14815000010650000000", "latitude": 43.101800539696612, "longitude": -77.644138796422411, "cache_origin": "validated_milestone_1_baseline" }, "geometry": { "type": "Point", "coordinates": [ -77.644138796422411, 43.101800539696612 ] } },
{ "type": "Feature", "properties": { "sample_order": 515, "property_id": "14815000010640000000", "latitude": 43.101686560495331, "longitude": -77.644198395149942, "cache_origin": "validated_milestone_1_baseline" }, "geometry": { "type": "Point", "coordinates": [ -77.644198395149942, 43.101686560495331 ] } },
{ "type": "Feature", "properties": { "sample_order": 516, "property_id": "14815000010630000000", "latitude": 43.101576759814805, "longitude": -77.644259872254722, "cache_origin": "validated_milestone_1_baseline" }, "geometry": { "type": "Point", "coordinates": [ -77.644259872254722, 43.101576759814805 ] } },
{ "type": "Feature", "properties": { "sample_order": 517, "property_id": "14815000010620000000", "latitude": 43.101464695425626, "longitude": -77.644318105543022, "cache_origin": "validated_milestone_1_baseline" }, "geometry": { "type": "Point", "coordinates": [ -77.644318105543022, 43.101464695425626 ] } },
{ "type": "Feature", "properties": { "sample_order": 518, "property_id": "14815000020660000000", "latitude": 43.101376731269184, "longitude": -77.643647429640097, "cache_origin": "validated_milestone_1_baseline" }, "geometry": { "type": "Point", "coordinates": [ -77.643647429640097, 43.101376731269184 ] } },
{ "type": "Feature", "properties": { "sample_order": 519, "property_id": "14815000020670000000", "latitude": 43.101187025987599, "longitude": -77.643751892927867, "cache_origin": "validated_milestone_1_baseline" }, "geometry": { "type": "Point", "coordinates": [ -77.643751892927867, 43.101187025987599 ] } },
{ "type": "Feature", "properties": { "sample_order": 520, "property_id": "14815000010590000000", "latitude": 43.101122973069558, "longitude": -77.64450158284653, "cache_origin": "validated_milestone_1_baseline" }, "geometry": { "type": "Point", "coordinates": [ -77.64450158284653, 43.101122973069558 ] } },
{ "type": "Feature", "properties": { "sample_order": 521, "property_id": "14815000010600000000", "latitude": 43.101238446154561, "longitude": -77.644441493638865, "cache_origin": "validated_milestone_1_baseline" }, "geometry": { "type": "Point", "coordinates": [ -77.644441493638865, 43.101238446154561 ] } },
{ "type": "Feature", "properties": { "sample_order": 522, "property_id": "14815000010610000000", "latitude": 43.101350278112797, "longitude": -77.644382158117722, "cache_origin": "validated_milestone_1_baseline" }, "geometry": { "type": "Point", "coordinates": [ -77.644382158117722, 43.101350278112797 ] } },
{ "type": "Feature", "properties": { "sample_order": 523, "property_id": "14815000010580000000", "latitude": 43.101008143209718, "longitude": -77.644561945142044, "cache_origin": "validated_milestone_1_baseline" }, "geometry": { "type": "Point", "coordinates": [ -77.644561945142044, 43.101008143209718 ] } },
{ "type": "Feature", "properties": { "sample_order": 524, "property_id": "14815000010560000000", "latitude": 43.100559202048338, "longitude": -77.644802075597283, "cache_origin": "validated_milestone_1_baseline" }, "geometry": { "type": "Point", "coordinates": [ -77.644802075597283, 43.100559202048338 ] } },
{ "type": "Feature", "properties": { "sample_order": 525, "property_id": "14815000010570000000", "latitude": 43.100784048875553, "longitude": -77.644683512352827, "cache_origin": "validated_milestone_1_baseline" }, "geometry": { "type": "Point", "coordinates": [ -77.644683512352827, 43.100784048875553 ] } },
{ "type": "Feature", "properties": { "sample_order": 526, "property_id": "14815000010550000000", "latitude": 43.100447575257171, "longitude": -77.644864689969211, "cache_origin": "validated_milestone_1_baseline" }, "geometry": { "type": "Point", "coordinates": [ -77.644864689969211, 43.100447575257171 ] } },
{ "type": "Feature", "properties": { "sample_order": 527, "property_id": "14815000020950000000", "latitude": 43.100280783386616, "longitude": -77.644238152787764, "cache_origin": "validated_milestone_1_baseline" }, "geometry": { "type": "Point", "coordinates": [ -77.644238152787764, 43.100280783386616 ] } },
{ "type": "Feature", "properties": { "sample_order": 528, "property_id": "14815000020940000000", "latitude": 43.100472649422997, "longitude": -77.644133756873671, "cache_origin": "validated_milestone_1_baseline" }, "geometry": { "type": "Point", "coordinates": [ -77.644133756873671, 43.100472649422997 ] } },
{ "type": "Feature", "properties": { "sample_order": 529, "property_id": "14815000020690000000", "latitude": 43.100664158043749, "longitude": -77.644030023017919, "cache_origin": "validated_milestone_1_baseline" }, "geometry": { "type": "Point", "coordinates": [ -77.644030023017919, 43.100664158043749 ] } },
{ "type": "Feature", "properties": { "sample_order": 530, "property_id": "14815000020930000000", "latitude": 43.100389269320573, "longitude": -77.64385200926796, "cache_origin": "validated_milestone_1_baseline" }, "geometry": { "type": "Point", "coordinates": [ -77.64385200926796, 43.100389269320573 ] } },
{ "type": "Feature", "properties": { "sample_order": 531, "property_id": "14815000020920000000", "latitude": 43.100394541539103, "longitude": -77.643690769759303, "cache_origin": "validated_milestone_1_baseline" }, "geometry": { "type": "Point", "coordinates": [ -77.643690769759303, 43.100394541539103 ] } },
{ "type": "Feature", "properties": { "sample_order": 532, "property_id": "14815000030870000000", "latitude": 43.099945700169208, "longitude": -77.644414671741103, "cache_origin": "validated_milestone_1_baseline" }, "geometry": { "type": "Point", "coordinates": [ -77.644414671741103, 43.099945700169208 ] } },
{ "type": "Feature", "properties": { "sample_order": 533, "property_id": "14815000030850000000", "latitude": 43.099863361601891, "longitude": -77.644134003910381, "cache_origin": "validated_milestone_1_baseline" }, "geometry": { "type": "Point", "coordinates": [ -77.644134003910381, 43.099863361601891 ] } },
{ "type": "Feature", "properties": { "sample_order": 534, "property_id": "14815000030820000000", "latitude": 43.09988224742861, "longitude": -77.643646114506524, "cache_origin": "validated_milestone_1_baseline" }, "geometry": { "type": "Point", "coordinates": [ -77.643646114506524, 43.09988224742861 ] } },
{ "type": "Feature", "properties": { "sample_order": 535, "property_id": "14815000030830000000", "latitude": 43.099876165108128, "longitude": -77.643810548424341, "cache_origin": "validated_milestone_1_baseline" }, "geometry": { "type": "Point", "coordinates": [ -77.643810548424341, 43.099876165108128 ] } },
{ "type": "Feature", "properties": { "sample_order": 536, "property_id": "14815000030840000000", "latitude": 43.099869457041969, "longitude": -77.643971299249486, "cache_origin": "validated_milestone_1_baseline" }, "geometry": { "type": "Point", "coordinates": [ -77.643971299249486, 43.099869457041969 ] } },
{ "type": "Feature", "properties": { "sample_order": 537, "property_id": "14815000030800000000", "latitude": 43.099895464814537, "longitude": -77.64331119741577, "cache_origin": "validated_milestone_1_baseline" }, "geometry": { "type": "Point", "coordinates": [ -77.64331119741577, 43.099895464814537 ] } },
{ "type": "Feature", "properties": { "sample_order": 538, "property_id": "14815000030810000000", "latitude": 43.099889359538317, "longitude": -77.643479424919036, "cache_origin": "validated_milestone_1_baseline" }, "geometry": { "type": "Point", "coordinates": [ -77.643479424919036, 43.099889359538317 ] } },
{ "type": "Feature", "properties": { "sample_order": 539, "property_id": "14815000030790000000", "latitude": 43.099901556971837, "longitude": -77.643150468150196, "cache_origin": "validated_milestone_1_baseline" }, "geometry": { "type": "Point", "coordinates": [ -77.643150468150196, 43.099901556971837 ] } },
{ "type": "Feature", "properties": { "sample_order": 540, "property_id": "14815000020880000000", "latitude": 43.100418420656005, "longitude": -77.643027072867838, "cache_origin": "validated_milestone_1_baseline" }, "geometry": { "type": "Point", "coordinates": [ -77.643027072867838, 43.100418420656005 ] } },
{ "type": "Feature", "properties": { "sample_order": 541, "property_id": "14815000020890000000", "latitude": 43.100412156701339, "longitude": -77.643194845823544, "cache_origin": "validated_milestone_1_baseline" }, "geometry": { "type": "Point", "coordinates": [ -77.643194845823544, 43.100412156701339 ] } },
{ "type": "Feature", "properties": { "sample_order": 542, "property_id": "14815000020910000000", "latitude": 43.100401318418449, "longitude": -77.643527920469637, "cache_origin": "validated_milestone_1_baseline" }, "geometry": { "type": "Point", "coordinates": [ -77.643527920469637, 43.100401318418449 ] } },
{ "type": "Feature", "properties": { "sample_order": 543, "property_id": "14815000020900000000", "latitude": 43.100406333518606, "longitude": -77.643362255859884, "cache_origin": "validated_milestone_1_baseline" }, "geometry": { "type": "Point", "coordinates": [ -77.643362255859884, 43.100406333518606 ] } },
{ "type": "Feature", "properties": { "sample_order": 544, "property_id": "14815000020710000000", "latitude": 43.100776429197253, "longitude": -77.643483870681365, "cache_origin": "validated_milestone_1_baseline" }, "geometry": { "type": "Point", "coordinates": [ -77.643483870681365, 43.100776429197253 ] } },
{ "type": "Feature", "properties": { "sample_order": 545, "property_id": "14815000020700000000", "latitude": 43.100771378708437, "longitude": -77.643645117376551, "cache_origin": "validated_milestone_1_baseline" }, "geometry": { "type": "Point", "coordinates": [ -77.643645117376551, 43.100771378708437 ] } },
{ "type": "Feature", "properties": { "sample_order": 546, "property_id": "14815000020730000000", "latitude": 43.100787855762754, "longitude": -77.643152471393265, "cache_origin": "validated_milestone_1_baseline" }, "geometry": { "type": "Point", "coordinates": [ -77.643152471393265, 43.100787855762754 ] } },
{ "type": "Feature", "properties": { "sample_order": 547, "property_id": "14815000020720000000", "latitude": 43.100783010573892, "longitude": -77.643319682003622, "cache_origin": "validated_milestone_1_baseline" }, "geometry": { "type": "Point", "coordinates": [ -77.643319682003622, 43.100783010573892 ] } },
{ "type": "Feature", "properties": { "sample_order": 548, "property_id": "14815000020740000000", "latitude": 43.100793397524889, "longitude": -77.642986143826832, "cache_origin": "validated_milestone_1_baseline" }, "geometry": { "type": "Point", "coordinates": [ -77.642986143826832, 43.100793397524889 ] } },
{ "type": "Feature", "properties": { "sample_order": 549, "property_id": "14815000020760000000", "latitude": 43.100804132760942, "longitude": -77.642659898173534, "cache_origin": "validated_milestone_1_baseline" }, "geometry": { "type": "Point", "coordinates": [ -77.642659898173534, 43.100804132760942 ] } },
{ "type": "Feature", "properties": { "sample_order": 550, "property_id": "14815000020750000000", "latitude": 43.100799541409522, "longitude": -77.642818233428869, "cache_origin": "validated_milestone_1_baseline" }, "geometry": { "type": "Point", "coordinates": [ -77.642818233428869, 43.100799541409522 ] } },
{ "type": "Feature", "properties": { "sample_order": 551, "property_id": "14815000020870000000", "latitude": 43.100422823133499, "longitude": -77.642868738510785, "cache_origin": "validated_milestone_1_baseline" }, "geometry": { "type": "Point", "coordinates": [ -77.642868738510785, 43.100422823133499 ] } },
{ "type": "Feature", "properties": { "sample_order": 552, "property_id": "14815000020860000000", "latitude": 43.100428223251868, "longitude": -77.642703998267478, "cache_origin": "validated_milestone_1_baseline" }, "geometry": { "type": "Point", "coordinates": [ -77.642703998267478, 43.100428223251868 ] } },
{ "type": "Feature", "properties": { "sample_order": 553, "property_id": "14815000020850000000", "latitude": 43.100433624681557, "longitude": -77.642533780097537, "cache_origin": "validated_milestone_1_baseline" }, "geometry": { "type": "Point", "coordinates": [ -77.642533780097537, 43.100433624681557 ] } },
{ "type": "Feature", "properties": { "sample_order": 554, "property_id": "14815000020840000000", "latitude": 43.1004390457881, "longitude": -77.642371816546756, "cache_origin": "validated_milestone_1_baseline" }, "geometry": { "type": "Point", "coordinates": [ -77.642371816546756, 43.1004390457881 ] } },
{ "type": "Feature", "properties": { "sample_order": 555, "property_id": "14815000020770000000", "latitude": 43.100809759133647, "longitude": -77.642496557505424, "cache_origin": "validated_milestone_1_baseline" }, "geometry": { "type": "Point", "coordinates": [ -77.642496557505424, 43.100809759133647 ] } },
{ "type": "Feature", "properties": { "sample_order": 556, "property_id": "14815000020790000000", "latitude": 43.100821077468233, "longitude": -77.64216591280217, "cache_origin": "validated_milestone_1_baseline" }, "geometry": { "type": "Point", "coordinates": [ -77.64216591280217, 43.100821077468233 ] } },
{ "type": "Feature", "properties": { "sample_order": 557, "property_id": "14815000020780000000", "latitude": 43.10081539337672, "longitude": -77.642327469416117, "cache_origin": "validated_milestone_1_baseline" }, "geometry": { "type": "Point", "coordinates": [ -77.642327469416117, 43.10081539337672 ] } },
{ "type": "Feature", "properties": { "sample_order": 558, "property_id": "14815000020820000000", "latitude": 43.100542450762056, "longitude": -77.641999585235737, "cache_origin": "validated_milestone_1_baseline" }, "geometry": { "type": "Point", "coordinates": [ -77.641999585235737, 43.100542450762056 ] } },
{ "type": "Feature", "properties": { "sample_order": 559, "property_id": "14815000020830000000", "latitude": 43.100354032418721, "longitude": -77.642100524432635, "cache_origin": "validated_milestone_1_baseline" }, "geometry": { "type": "Point", "coordinates": [ -77.642100524432635, 43.100354032418721 ] } },
{ "type": "Feature", "properties": { "sample_order": 560, "property_id": "14815000020810000000", "latitude": 43.100736824170831, "longitude": -77.641893508573716, "cache_origin": "validated_milestone_1_baseline" }, "geometry": { "type": "Point", "coordinates": [ -77.641893508573716, 43.100736824170831 ] } },
{ "type": "Feature", "properties": { "sample_order": 561, "property_id": "14815000030320000000", "latitude": 43.100109435077982, "longitude": -77.641518508655011, "cache_origin": "validated_milestone_1_baseline" }, "geometry": { "type": "Point", "coordinates": [ -77.641518508655011, 43.100109435077982 ] } },
{ "type": "Feature", "properties": { "sample_order": 562, "property_id": "14815000030750000000", "latitude": 43.100023693840456, "longitude": -77.64228189069523, "cache_origin": "validated_milestone_1_baseline" }, "geometry": { "type": "Point", "coordinates": [ -77.64228189069523, 43.100023693840456 ] } },
{ "type": "Feature", "properties": { "sample_order": 563, "property_id": "14815000030330000000", "latitude": 43.099997449992571, "longitude": -77.641585735875921, "cache_origin": "validated_milestone_1_baseline" }, "geometry": { "type": "Point", "coordinates": [ -77.641585735875921, 43.099997449992571 ] } },
{ "type": "Feature", "properties": { "sample_order": 564, "property_id": "14815000030340000000", "latitude": 43.099887384571844, "longitude": -77.641642804049297, "cache_origin": "validated_milestone_1_baseline" }, "geometry": { "type": "Point", "coordinates": [ -77.641642804049297, 43.099887384571844 ] } },
{ "type": "Feature", "properties": { "sample_order": 565, "property_id": "14815000030350000000", "latitude": 43.099775667350897, "longitude": -77.64170193385624, "cache_origin": "validated_milestone_1_baseline" }, "geometry": { "type": "Point", "coordinates": [ -77.64170193385624, 43.099775667350897 ] } },
{ "type": "Feature", "properties": { "sample_order": 566, "property_id": "14815000030360000000", "latitude": 43.099659564447997, "longitude": -77.641766508352134, "cache_origin": "validated_milestone_1_baseline" }, "geometry": { "type": "Point", "coordinates": [ -77.641766508352134, 43.099659564447997 ] } },
{ "type": "Feature", "properties": { "sample_order": 567, "property_id": "14815000030370000000", "latitude": 43.099548161653352, "longitude": -77.641824031073028, "cache_origin": "validated_milestone_1_baseline" }, "geometry": { "type": "Point", "coordinates": [ -77.641824031073028, 43.099548161653352 ] } },
{ "type": "Feature", "properties": { "sample_order": 568, "property_id": "14815000030740000000", "latitude": 43.099832397045603, "longitude": -77.642384248331979, "cache_origin": "validated_milestone_1_baseline" }, "geometry": { "type": "Point", "coordinates": [ -77.642384248331979, 43.099832397045603 ] } },
{ "type": "Feature", "properties": { "sample_order": 569, "property_id": "14815000030760000000", "latitude": 43.099917560688347, "longitude": -77.642655321257166, "cache_origin": "validated_milestone_1_baseline" }, "geometry": { "type": "Point", "coordinates": [ -77.642655321257166, 43.099917560688347 ] } },
{ "type": "Feature", "properties": { "sample_order": 570, "property_id": "14815000030770000000", "latitude": 43.099913070937568, "longitude": -77.64281651135849, "cache_origin": "validated_milestone_1_baseline" }, "geometry": { "type": "Point", "coordinates": [ -77.64281651135849, 43.099913070937568 ] } },
{ "type": "Feature", "properties": { "sample_order": 571, "property_id": "14815000030780000000", "latitude": 43.09990565317328, "longitude": -77.642987625148749, "cache_origin": "validated_milestone_1_baseline" }, "geometry": { "type": "Point", "coordinates": [ -77.642987625148749, 43.09990565317328 ] } },
{ "type": "Feature", "properties": { "sample_order": 572, "property_id": "14815000030720000000", "latitude": 43.099447544635879, "longitude": -77.642589172014581, "cache_origin": "validated_milestone_1_baseline" }, "geometry": { "type": "Point", "coordinates": [ -77.642589172014581, 43.099447544635879 ] } },
{ "type": "Feature", "properties": { "sample_order": 573, "property_id": "14815000030730000000", "latitude": 43.0996393890143, "longitude": -77.642487325519255, "cache_origin": "validated_milestone_1_baseline" }, "geometry": { "type": "Point", "coordinates": [ -77.642487325519255, 43.0996393890143 ] } },
{ "type": "Feature", "properties": { "sample_order": 574, "property_id": "14815000030710000000", "latitude": 43.099533425735466, "longitude": -77.642861836754449, "cache_origin": "validated_milestone_1_baseline" }, "geometry": { "type": "Point", "coordinates": [ -77.642861836754449, 43.099533425735466 ] } },
{ "type": "Feature", "properties": { "sample_order": 575, "property_id": "14815000030700000000", "latitude": 43.09952855749011, "longitude": -77.643022066556739, "cache_origin": "validated_milestone_1_baseline" }, "geometry": { "type": "Point", "coordinates": [ -77.643022066556739, 43.09952855749011 ] } },
{ "type": "Feature", "properties": { "sample_order": 576, "property_id": "14815000030690000000", "latitude": 43.099520599200318, "longitude": -77.643194065187558, "cache_origin": "validated_milestone_1_baseline" }, "geometry": { "type": "Point", "coordinates": [ -77.643194065187558, 43.099520599200318 ] } },
{ "type": "Feature", "properties": { "sample_order": 577, "property_id": "14815000030680000000", "latitude": 43.099516026118458, "longitude": -77.643358244882151, "cache_origin": "validated_milestone_1_baseline" }, "geometry": { "type": "Point", "coordinates": [ -77.643358244882151, 43.099516026118458 ] } },
{ "type": "Feature", "properties": { "sample_order": 578, "property_id": "14815000030670000000", "latitude": 43.099509619736565, "longitude": -77.643517930305364, "cache_origin": "validated_milestone_1_baseline" }, "geometry": { "type": "Point", "coordinates": [ -77.643517930305364, 43.099509619736565 ] } },
{ "type": "Feature", "properties": { "sample_order": 579, "property_id": "14815000030450000000", "latitude": 43.099031812084121, "longitude": -77.642815995725499, "cache_origin": "validated_milestone_1_baseline" }, "geometry": { "type": "Point", "coordinates": [ -77.642815995725499, 43.099031812084121 ] } },
{ "type": "Feature", "properties": { "sample_order": 580, "property_id": "14815000030440000000", "latitude": 43.099035745674023, "longitude": -77.642649725651253, "cache_origin": "validated_milestone_1_baseline" }, "geometry": { "type": "Point", "coordinates": [ -77.642649725651253, 43.099035745674023 ] } },
{ "type": "Feature", "properties": { "sample_order": 581, "property_id": "14815000030430000000", "latitude": 43.099042190149227, "longitude": -77.642485191122134, "cache_origin": "validated_milestone_1_baseline" }, "geometry": { "type": "Point", "coordinates": [ -77.642485191122134, 43.099042190149227 ] } },
{ "type": "Feature", "properties": { "sample_order": 582, "property_id": "14815000030420000000", "latitude": 43.099049806107786, "longitude": -77.642320890154977, "cache_origin": "validated_milestone_1_baseline" }, "geometry": { "type": "Point", "coordinates": [ -77.642320890154977, 43.099049806107786 ] } },
{ "type": "Feature", "properties": { "sample_order": 583, "property_id": "14815000030400000000", "latitude": 43.099064752694289, "longitude": -77.641945294653226, "cache_origin": "validated_milestone_1_baseline" }, "geometry": { "type": "Point", "coordinates": [ -77.641945294653226, 43.099064752694289 ] } },
{ "type": "Feature", "properties": { "sample_order": 584, "property_id": "14815000030410000000", "latitude": 43.099055525127291, "longitude": -77.64215811991707, "cache_origin": "validated_milestone_1_baseline" }, "geometry": { "type": "Point", "coordinates": [ -77.64215811991707, 43.099055525127291 ] } },
{ "type": "Feature", "properties": { "sample_order": 585, "property_id": "14815000030380000000", "latitude": 43.099436755376402, "longitude": -77.641884137348683, "cache_origin": "validated_milestone_1_baseline" }, "geometry": { "type": "Point", "coordinates": [ -77.641884137348683, 43.099436755376402 ] } },
{ "type": "Feature", "properties": { "sample_order": 586, "property_id": "14815000030310000000", "latitude": 43.100221809571217, "longitude": -77.641463814728922, "cache_origin": "validated_milestone_1_baseline" }, "geometry": { "type": "Point", "coordinates": [ -77.641463814728922, 43.100221809571217 ] } },
{ "type": "Feature", "properties": { "sample_order": 587, "property_id": "14815000030300000000", "latitude": 43.100336859324642, "longitude": -77.641401222814892, "cache_origin": "validated_milestone_1_baseline" }, "geometry": { "type": "Point", "coordinates": [ -77.641401222814892, 43.100336859324642 ] } },
{ "type": "Feature", "properties": { "sample_order": 588, "property_id": "14815000030290000000", "latitude": 43.10044960202255, "longitude": -77.64134025235991, "cache_origin": "validated_milestone_1_baseline" }, "geometry": { "type": "Point", "coordinates": [ -77.64134025235991, 43.10044960202255 ] } },
{ "type": "Feature", "properties": { "sample_order": 589, "property_id": "14815000030280000000", "latitude": 43.100560506653188, "longitude": -77.641279431923593, "cache_origin": "validated_milestone_1_baseline" }, "geometry": { "type": "Point", "coordinates": [ -77.641279431923593, 43.100560506653188 ] } },
{ "type": "Feature", "properties": { "sample_order": 590, "property_id": "14815000030260000000", "latitude": 43.100785399389146, "longitude": -77.641159285847607, "cache_origin": "validated_milestone_1_baseline" }, "geometry": { "type": "Point", "coordinates": [ -77.641159285847607, 43.100785399389146 ] } },
{ "type": "Feature", "properties": { "sample_order": 591, "property_id": "14815000030270000000", "latitude": 43.100672223098023, "longitude": -77.641221898422913, "cache_origin": "validated_milestone_1_baseline" }, "geometry": { "type": "Point", "coordinates": [ -77.641221898422913, 43.100672223098023 ] } },
{ "type": "Feature", "properties": { "sample_order": 592, "property_id": "14815000030210000000", "latitude": 43.101346300070269, "longitude": -77.640862612733457, "cache_origin": "validated_milestone_1_baseline" }, "geometry": { "type": "Point", "coordinates": [ -77.640862612733457, 43.101346300070269 ] } },
{ "type": "Feature", "properties": { "sample_order": 593, "property_id": "14815000030220000000", "latitude": 43.101233337984397, "longitude": -77.640918880507911, "cache_origin": "validated_milestone_1_baseline" }, "geometry": { "type": "Point", "coordinates": [ -77.640918880507911, 43.101233337984397 ] } },
{ "type": "Feature", "properties": { "sample_order": 594, "property_id": "14815000030240000000", "latitude": 43.101011828740582, "longitude": -77.641039676964155, "cache_origin": "validated_milestone_1_baseline" }, "geometry": { "type": "Point", "coordinates": [ -77.641039676964155, 43.101011828740582 ] } },
{ "type": "Feature", "properties": { "sample_order": 595, "property_id": "14815000030230000000", "latitude": 43.101121726852142, "longitude": -77.64098194044422, "cache_origin": "validated_milestone_1_baseline" }, "geometry": { "type": "Point", "coordinates": [ -77.64098194044422, 43.101121726852142 ] } },
{ "type": "Feature", "properties": { "sample_order": 596, "property_id": "14815000030250000000", "latitude": 43.100900507770987, "longitude": -77.641098977451009, "cache_origin": "validated_milestone_1_baseline" }, "geometry": { "type": "Point", "coordinates": [ -77.641098977451009, 43.100900507770987 ] } },
{ "type": "Feature", "properties": { "sample_order": 597, "property_id": "14815000020540000000", "latitude": 43.101453566765215, "longitude": -77.641508195995542, "cache_origin": "validated_milestone_1_baseline" }, "geometry": { "type": "Point", "coordinates": [ -77.641508195995542, 43.101453566765215 ] } },
{ "type": "Feature", "properties": { "sample_order": 598, "property_id": "14815000020550000000", "latitude": 43.101263326505325, "longitude": -77.641610130525777, "cache_origin": "validated_milestone_1_baseline" }, "geometry": { "type": "Point", "coordinates": [ -77.641610130525777, 43.101263326505325 ] } },
{ "type": "Feature", "properties": { "sample_order": 599, "property_id": "14815000030200000000", "latitude": 43.10146186390422, "longitude": -77.640800154668369, "cache_origin": "validated_milestone_1_baseline" }, "geometry": { "type": "Point", "coordinates": [ -77.640800154668369, 43.10146186390422 ] } },
{ "type": "Feature", "properties": { "sample_order": 600, "property_id": "14815000030190000000", "latitude": 43.101573768259193, "longitude": -77.640735692461917, "cache_origin": "validated_milestone_1_baseline" }, "geometry": { "type": "Point", "coordinates": [ -77.640735692461917, 43.101573768259193 ] } },
{ "type": "Feature", "properties": { "sample_order": 601, "property_id": "14815000020530000000", "latitude": 43.101644321970042, "longitude": -77.64140624978721, "cache_origin": "validated_milestone_1_baseline" }, "geometry": { "type": "Point", "coordinates": [ -77.64140624978721, 43.101644321970042 ] } },
{ "type": "Feature", "properties": { "sample_order": 602, "property_id": "14815000020510000000", "latitude": 43.101727376349992, "longitude": -77.641679374464516, "cache_origin": "validated_milestone_1_baseline" }, "geometry": { "type": "Point", "coordinates": [ -77.641679374464516, 43.101727376349992 ] } },
{ "type": "Feature", "properties": { "sample_order": 603, "property_id": "14815000020520000000", "latitude": 43.101835010990918, "longitude": -77.641302947122782, "cache_origin": "validated_milestone_1_baseline" }, "geometry": { "type": "Point", "coordinates": [ -77.641302947122782, 43.101835010990918 ] } },
{ "type": "Feature", "properties": { "sample_order": 604, "property_id": "14815000020290000000", "latitude": 43.102243389014603, "longitude": -77.641559450272396, "cache_origin": "validated_milestone_1_baseline" }, "geometry": { "type": "Point", "coordinates": [ -77.641559450272396, 43.102243389014603 ] } },
{ "type": "Feature", "properties": { "sample_order": 605, "property_id": "14815000020280000000", "latitude": 43.102249148401093, "longitude": -77.641395960483933, "cache_origin": "validated_milestone_1_baseline" }, "geometry": { "type": "Point", "coordinates": [ -77.641395960483933, 43.102249148401093 ] } },
{ "type": "Feature", "properties": { "sample_order": 606, "property_id": "14815000030170000000", "latitude": 43.101795020326122, "longitude": -77.640618266484594, "cache_origin": "validated_milestone_1_baseline" }, "geometry": { "type": "Point", "coordinates": [ -77.640618266484594, 43.101795020326122 ] } },
{ "type": "Feature", "properties": { "sample_order": 607, "property_id": "14815000030180000000", "latitude": 43.101684104813692, "longitude": -77.640681153944385, "cache_origin": "validated_milestone_1_baseline" }, "geometry": { "type": "Point", "coordinates": [ -77.640681153944385, 43.101684104813692 ] } },
{ "type": "Feature", "properties": { "sample_order": 608, "property_id": "14815000030160000000", "latitude": 43.101907358274993, "longitude": -77.640556907059121, "cache_origin": "validated_milestone_1_baseline" }, "geometry": { "type": "Point", "coordinates": [ -77.640556907059121, 43.101907358274993 ] } },
{ "type": "Feature", "properties": { "sample_order": 609, "property_id": "14815000030150000000", "latitude": 43.102022188415987, "longitude": -77.640498518362278, "cache_origin": "validated_milestone_1_baseline" }, "geometry": { "type": "Point", "coordinates": [ -77.640498518362278, 43.102022188415987 ] } },
{ "type": "Feature", "properties": { "sample_order": 610, "property_id": "14815000030140000000", "latitude": 43.102135364835242, "longitude": -77.640435665038481, "cache_origin": "validated_milestone_1_baseline" }, "geometry": { "type": "Point", "coordinates": [ -77.640435665038481, 43.102135364835242 ] } },
{ "type": "Feature", "properties": { "sample_order": 611, "property_id": "14815000030130000000", "latitude": 43.102247908765541, "longitude": -77.640374393647903, "cache_origin": "validated_milestone_1_baseline" }, "geometry": { "type": "Point", "coordinates": [ -77.640374393647903, 43.102247908765541 ] } },
{ "type": "Feature", "properties": { "sample_order": 612, "property_id": "14815000030100000000", "latitude": 43.102582499273083, "longitude": -77.6401946380646, "cache_origin": "validated_milestone_1_baseline" }, "geometry": { "type": "Point", "coordinates": [ -77.6401946380646, 43.102582499273083 ] } },
{ "type": "Feature", "properties": { "sample_order": 613, "property_id": "14815000030110000000", "latitude": 43.102473485954881, "longitude": -77.640254134384179, "cache_origin": "validated_milestone_1_baseline" }, "geometry": { "type": "Point", "coordinates": [ -77.640254134384179, 43.102473485954881 ] } },
{ "type": "Feature", "properties": { "sample_order": 614, "property_id": "14815000030120000000", "latitude": 43.10236283206013, "longitude": -77.640313580398114, "cache_origin": "validated_milestone_1_baseline" }, "geometry": { "type": "Point", "coordinates": [ -77.640313580398114, 43.10236283206013 ] } },
{ "type": "Feature", "properties": { "sample_order": 615, "property_id": "14815000030090000000", "latitude": 43.102691772128452, "longitude": -77.640135451663781, "cache_origin": "validated_milestone_1_baseline" }, "geometry": { "type": "Point", "coordinates": [ -77.640135451663781, 43.102691772128452 ] } },
{ "type": "Feature", "properties": { "sample_order": 616, "property_id": "14815000020240000000", "latitude": 43.102743440268519, "longitude": -77.640809382162985, "cache_origin": "validated_milestone_1_baseline" }, "geometry": { "type": "Point", "coordinates": [ -77.640809382162985, 43.102743440268519 ] } },
{ "type": "Feature", "properties": { "sample_order": 617, "property_id": "14815000020270000000", "latitude": 43.102163612830907, "longitude": -77.6411206232561, "cache_origin": "validated_milestone_1_baseline" }, "geometry": { "type": "Point", "coordinates": [ -77.6411206232561, 43.102163612830907 ] } },
{ "type": "Feature", "properties": { "sample_order": 618, "property_id": "14815000020260000000", "latitude": 43.102352590983159, "longitude": -77.641020728799873, "cache_origin": "validated_milestone_1_baseline" }, "geometry": { "type": "Point", "coordinates": [ -77.641020728799873, 43.102352590983159 ] } },
{ "type": "Feature", "properties": { "sample_order": 619, "property_id": "14815000020250000000", "latitude": 43.102546703504537, "longitude": -77.640913134883348, "cache_origin": "validated_milestone_1_baseline" }, "geometry": { "type": "Point", "coordinates": [ -77.640913134883348, 43.102546703504537 ] } },
{ "type": "Feature", "properties": { "sample_order": 620, "property_id": "14815000020230000000", "latitude": 43.102634272447411, "longitude": -77.64118838317799, "cache_origin": "validated_milestone_1_baseline" }, "geometry": { "type": "Point", "coordinates": [ -77.64118838317799, 43.102634272447411 ] } },
{ "type": "Feature", "properties": { "sample_order": 621, "property_id": "14815000020220000000", "latitude": 43.102628045449158, "longitude": -77.641353484544041, "cache_origin": "validated_milestone_1_baseline" }, "geometry": { "type": "Point", "coordinates": [ -77.641353484544041, 43.102628045449158 ] } },
{ "type": "Feature", "properties": { "sample_order": 622, "property_id": "14815000020210000000", "latitude": 43.102621604630819, "longitude": -77.64151735521817, "cache_origin": "validated_milestone_1_baseline" }, "geometry": { "type": "Point", "coordinates": [ -77.64151735521817, 43.102621604630819 ] } },
{ "type": "Feature", "properties": { "sample_order": 623, "property_id": "14815000020200000000", "latitude": 43.102616390978099, "longitude": -77.641683059353809, "cache_origin": "validated_milestone_1_baseline" }, "geometry": { "type": "Point", "coordinates": [ -77.641683059353809, 43.102616390978099 ] } },
{ "type": "Feature", "properties": { "sample_order": 624, "property_id": "14815000020052000000", "latitude": 43.103234610741467, "longitude": -77.641541607934215, "cache_origin": "validated_milestone_1_baseline" }, "geometry": { "type": "Point", "coordinates": [ -77.641541607934215, 43.103234610741467 ] } },
{ "type": "Feature", "properties": { "sample_order": 625, "property_id": "14815000020051000000", "latitude": 43.103340463985681, "longitude": -77.640999362370835, "cache_origin": "validated_milestone_1_baseline" }, "geometry": { "type": "Point", "coordinates": [ -77.640999362370835, 43.103340463985681 ] } },
{ "type": "Feature", "properties": { "sample_order": 626, "property_id": "14815000030010000000", "latitude": 43.103622634124321, "longitude": -77.639768178154824, "cache_origin": "validated_milestone_1_baseline" }, "geometry": { "type": "Point", "coordinates": [ -77.639768178154824, 43.103622634124321 ] } },
{ "type": "Feature", "properties": { "sample_order": 627, "property_id": "14815000030030000000", "latitude": 43.103370923052097, "longitude": -77.639774871502013, "cache_origin": "validated_milestone_1_baseline" }, "geometry": { "type": "Point", "coordinates": [ -77.639774871502013, 43.103370923052097 ] } },
{ "type": "Feature", "properties": { "sample_order": 628, "property_id": "14815000030040000000", "latitude": 43.103258681579753, "longitude": -77.639829383968376, "cache_origin": "validated_milestone_1_baseline" }, "geometry": { "type": "Point", "coordinates": [ -77.639829383968376, 43.103258681579753 ] } },
{ "type": "Feature", "properties": { "sample_order": 629, "property_id": "14815000030050000000", "latitude": 43.103146997401439, "longitude": -77.639894474995572, "cache_origin": "validated_milestone_1_baseline" }, "geometry": { "type": "Point", "coordinates": [ -77.639894474995572, 43.103146997401439 ] } },
{ "type": "Feature", "properties": { "sample_order": 630, "property_id": "14815000030080000000", "latitude": 43.102805591389803, "longitude": -77.640077123154086, "cache_origin": "validated_milestone_1_baseline" }, "geometry": { "type": "Point", "coordinates": [ -77.640077123154086, 43.102805591389803 ] } },
{ "type": "Feature", "properties": { "sample_order": 631, "property_id": "14815000030070000000", "latitude": 43.102923886196372, "longitude": -77.640013944640145, "cache_origin": "validated_milestone_1_baseline" }, "geometry": { "type": "Point", "coordinates": [ -77.640013944640145, 43.102923886196372 ] } },
{ "type": "Feature", "properties": { "sample_order": 632, "property_id": "14815000030060000000", "latitude": 43.103036075811858, "longitude": -77.639948551779042, "cache_origin": "validated_milestone_1_baseline" }, "geometry": { "type": "Point", "coordinates": [ -77.639948551779042, 43.103036075811858 ] } },
{ "type": "Feature", "properties": { "sample_order": 633, "property_id": "14815000030020000000", "latitude": 43.103629584453778, "longitude": -77.639504678925789, "cache_origin": "validated_milestone_1_baseline" }, "geometry": { "type": "Point", "coordinates": [ -77.639504678925789, 43.103629584453778 ] } },
{ "type": "Feature", "properties": { "sample_order": 634, "property_id": "14811000010100000000", "latitude": 43.103607665038894, "longitude": -77.636523757996002, "cache_origin": "validated_milestone_1_baseline" }, "geometry": { "type": "Point", "coordinates": [ -77.636523757996002, 43.103607665038894 ] } },
{ "type": "Feature", "properties": { "sample_order": 635, "property_id": "14811000010090000000", "latitude": 43.10364572230646, "longitude": -77.635945233969863, "cache_origin": "validated_milestone_1_baseline" }, "geometry": { "type": "Point", "coordinates": [ -77.635945233969863, 43.10364572230646 ] } },
{ "type": "Feature", "properties": { "sample_order": 636, "property_id": "14816000010010000000", "latitude": 43.102472290268409, "longitude": -77.633935235555327, "cache_origin": "validated_milestone_1_baseline" }, "geometry": { "type": "Point", "coordinates": [ -77.633935235555327, 43.102472290268409 ] } },
{ "type": "Feature", "properties": { "sample_order": 637, "property_id": "14812000030820000000", "latitude": 43.103399270171344, "longitude": -77.634497955520686, "cache_origin": "validated_milestone_1_baseline" }, "geometry": { "type": "Point", "coordinates": [ -77.634497955520686, 43.103399270171344 ] } },
{ "type": "Feature", "properties": { "sample_order": 638, "property_id": "14816000010020000000", "latitude": 43.10113903353043, "longitude": -77.634724840317048, "cache_origin": "validated_milestone_1_baseline" }, "geometry": { "type": "Point", "coordinates": [ -77.634724840317048, 43.10113903353043 ] } },
{ "type": "Feature", "properties": { "sample_order": 639, "property_id": "14815000030391000000", "latitude": 43.100117894410083, "longitude": -77.638969039573013, "cache_origin": "validated_milestone_1_baseline" }, "geometry": { "type": "Point", "coordinates": [ -77.638969039573013, 43.100117894410083 ] } },
{ "type": "Feature", "properties": { "sample_order": 640, "property_id": "14819000010231000000", "latitude": 43.095909929964861, "longitude": -77.63904646806229, "cache_origin": "validated_milestone_1_baseline" }, "geometry": { "type": "Point", "coordinates": [ -77.63904646806229, 43.095909929964861 ] } },
{ "type": "Feature", "properties": { "sample_order": 641, "property_id": "14819000010150000000", "latitude": 43.096966124938447, "longitude": -77.63978887623729, "cache_origin": "validated_milestone_1_baseline" }, "geometry": { "type": "Point", "coordinates": [ -77.63978887623729, 43.096966124938447 ] } },
{ "type": "Feature", "properties": { "sample_order": 642, "property_id": "14819000010160000000", "latitude": 43.096552273866394, "longitude": -77.640101659737752, "cache_origin": "validated_milestone_1_baseline" }, "geometry": { "type": "Point", "coordinates": [ -77.640101659737752, 43.096552273866394 ] } },
{ "type": "Feature", "properties": { "sample_order": 643, "property_id": "14819000010270000000", "latitude": 43.096369778323663, "longitude": -77.637950480296539, "cache_origin": "validated_milestone_1_baseline" }, "geometry": { "type": "Point", "coordinates": [ -77.637950480296539, 43.096369778323663 ] } },
{ "type": "Feature", "properties": { "sample_order": 644, "property_id": "14819000010280000000", "latitude": 43.096114179746458, "longitude": -77.638086545417664, "cache_origin": "validated_milestone_1_baseline" }, "geometry": { "type": "Point", "coordinates": [ -77.638086545417664, 43.096114179746458 ] } },
{ "type": "Feature", "properties": { "sample_order": 645, "property_id": "14819000010300000000", "latitude": 43.095602981359328, "longitude": -77.638358674761648, "cache_origin": "validated_milestone_1_baseline" }, "geometry": { "type": "Point", "coordinates": [ -77.638358674761648, 43.095602981359328 ] } },
{ "type": "Feature", "properties": { "sample_order": 646, "property_id": "14819000010290000000", "latitude": 43.095858580102409, "longitude": -77.638222610538818, "cache_origin": "validated_milestone_1_baseline" }, "geometry": { "type": "Point", "coordinates": [ -77.638222610538818, 43.095858580102409 ] } },
{ "type": "Feature", "properties": { "sample_order": 647, "property_id": "14819000010561000000", "latitude": 43.096507680862366, "longitude": -77.636643456710971, "cache_origin": "validated_milestone_1_baseline" }, "geometry": { "type": "Point", "coordinates": [ -77.636643456710971, 43.096507680862366 ] } },
{ "type": "Feature", "properties": { "sample_order": 648, "property_id": "14819000010260000000", "latitude": 43.096625377145891, "longitude": -77.637814412480466, "cache_origin": "validated_milestone_1_baseline" }, "geometry": { "type": "Point", "coordinates": [ -77.637814412480466, 43.096625377145891 ] } },
{ "type": "Feature", "properties": { "sample_order": 649, "property_id": "14819000010250000000", "latitude": 43.096880975557177, "longitude": -77.63767834466438, "cache_origin": "validated_milestone_1_baseline" }, "geometry": { "type": "Point", "coordinates": [ -77.63767834466438, 43.096880975557177 ] } },
{ "type": "Feature", "properties": { "sample_order": 650, "property_id": "14819000010240000000", "latitude": 43.097136573557535, "longitude": -77.637542275051658, "cache_origin": "validated_milestone_1_baseline" }, "geometry": { "type": "Point", "coordinates": [ -77.637542275051658, 43.097136573557535 ] } },
{ "type": "Feature", "properties": { "sample_order": 651, "property_id": "14815000030880000000", "latitude": 43.098181238987962, "longitude": -77.636172200512931, "cache_origin": "validated_milestone_1_baseline" }, "geometry": { "type": "Point", "coordinates": [ -77.636172200512931, 43.098181238987962 ] } },
{ "type": "Feature", "properties": { "sample_order": 652, "property_id": "14819000010640000000", "latitude": 43.09708325819409, "longitude": -77.636523236973119, "cache_origin": "validated_milestone_1_baseline" }, "geometry": { "type": "Point", "coordinates": [ -77.636523236973119, 43.09708325819409 ] } },
{ "type": "Feature", "properties": { "sample_order": 653, "property_id": "14819000010630000000", "latitude": 43.09711090111383, "longitude": -77.635794988043656, "cache_origin": "validated_milestone_1_baseline" }, "geometry": { "type": "Point", "coordinates": [ -77.635794988043656, 43.09711090111383 ] } },
{ "type": "Feature", "properties": { "sample_order": 654, "property_id": "14819000010620000000", "latitude": 43.097125011185597, "longitude": -77.635421094849363, "cache_origin": "validated_milestone_1_baseline" }, "geometry": { "type": "Point", "coordinates": [ -77.635421094849363, 43.097125011185597 ] } },
{ "type": "Feature", "properties": { "sample_order": 655, "property_id": "14820000020051000000", "latitude": 43.097230796935456, "longitude": -77.632616885112355, "cache_origin": "validated_milestone_1_baseline" }, "geometry": { "type": "Point", "coordinates": [ -77.632616885112355, 43.097230796935456 ] } },
{ "type": "Feature", "properties": { "sample_order": 656, "property_id": "14820000020011000000", "latitude": 43.09716409444723, "longitude": -77.634385275343007, "cache_origin": "validated_milestone_1_baseline" }, "geometry": { "type": "Point", "coordinates": [ -77.634385275343007, 43.09716409444723 ] } },
{ "type": "Feature", "properties": { "sample_order": 657, "property_id": "14819000010610000000", "latitude": 43.097139119286254, "longitude": -77.635047198960123, "cache_origin": "validated_milestone_1_baseline" }, "geometry": { "type": "Point", "coordinates": [ -77.635047198960123, 43.097139119286254 ] } },
{ "type": "Feature", "properties": { "sample_order": 658, "property_id": "14819000010600000000", "latitude": 43.096328290479072, "longitude": -77.635653758507942, "cache_origin": "validated_milestone_1_baseline" }, "geometry": { "type": "Point", "coordinates": [ -77.635653758507942, 43.096328290479072 ] } },
{ "type": "Feature", "properties": { "sample_order": 659, "property_id": "14820000020130000000", "latitude": 43.096570671373676, "longitude": -77.63497743579515, "cache_origin": "validated_milestone_1_baseline" }, "geometry": { "type": "Point", "coordinates": [ -77.63497743579515, 43.096570671373676 ] } },
{ "type": "Feature", "properties": { "sample_order": 660, "property_id": "14820000020150000000", "latitude": 43.096142345901647, "longitude": -77.634834521918279, "cache_origin": "validated_milestone_1_baseline" }, "geometry": { "type": "Point", "coordinates": [ -77.634834521918279, 43.096142345901647 ] } },
{ "type": "Feature", "properties": { "sample_order": 661, "property_id": "14820000020120000000", "latitude": 43.096584778946095, "longitude": -77.634603544397478, "cache_origin": "validated_milestone_1_baseline" }, "geometry": { "type": "Point", "coordinates": [ -77.634603544397478, 43.096584778946095 ] } },
{ "type": "Feature", "properties": { "sample_order": 662, "property_id": "14820000020111000000", "latitude": 43.09660593800281, "longitude": -77.634042708199303, "cache_origin": "validated_milestone_1_baseline" }, "geometry": { "type": "Point", "coordinates": [ -77.634042708199303, 43.09660593800281 ] } },
{ "type": "Feature", "properties": { "sample_order": 663, "property_id": "14820000020170000000", "latitude": 43.096170559272707, "longitude": -77.634086744512842, "cache_origin": "validated_milestone_1_baseline" }, "geometry": { "type": "Point", "coordinates": [ -77.634086744512842, 43.096170559272707 ] } },
{ "type": "Feature", "properties": { "sample_order": 664, "property_id": "14820000020160000000", "latitude": 43.096156453572732, "longitude": -77.634460633215568, "cache_origin": "validated_milestone_1_baseline" }, "geometry": { "type": "Point", "coordinates": [ -77.634460633215568, 43.096156453572732 ] } },
{ "type": "Feature", "properties": { "sample_order": 665, "property_id": "14820000020250000000", "latitude": 43.095619160029528, "longitude": -77.634007447527779, "cache_origin": "validated_milestone_1_baseline" }, "geometry": { "type": "Point", "coordinates": [ -77.634007447527779, 43.095619160029528 ] } },
{ "type": "Feature", "properties": { "sample_order": 666, "property_id": "14820000020260000000", "latitude": 43.095604835110841, "longitude": -77.634381290416414, "cache_origin": "validated_milestone_1_baseline" }, "geometry": { "type": "Point", "coordinates": [ -77.634381290416414, 43.095604835110841 ] } },
{ "type": "Feature", "properties": { "sample_order": 667, "property_id": "14820000020270000000", "latitude": 43.095590508220937, "longitude": -77.634755133305049, "cache_origin": "validated_milestone_1_baseline" }, "geometry": { "type": "Point", "coordinates": [ -77.634755133305049, 43.095590508220937 ] } },
{ "type": "Feature", "properties": { "sample_order": 668, "property_id": "14820000020280000000", "latitude": 43.09557617935981, "longitude": -77.63512897799032, "cache_origin": "validated_milestone_1_baseline" }, "geometry": { "type": "Point", "coordinates": [ -77.63512897799032, 43.09557617935981 ] } },
{ "type": "Feature", "properties": { "sample_order": 669, "property_id": "14820000020290000000", "latitude": 43.095561851151295, "longitude": -77.635502821777266, "cache_origin": "validated_milestone_1_baseline" }, "geometry": { "type": "Point", "coordinates": [ -77.635502821777266, 43.095561851151295 ] } },
{ "type": "Feature", "properties": { "sample_order": 670, "property_id": "14820000020140000000", "latitude": 43.096128237571293, "longitude": -77.635208409722679, "cache_origin": "validated_milestone_1_baseline" }, "geometry": { "type": "Point", "coordinates": [ -77.635208409722679, 43.096128237571293 ] } },
{ "type": "Feature", "properties": { "sample_order": 671, "property_id": "14819000010551000000", "latitude": 43.096033081691857, "longitude": -77.636893663568742, "cache_origin": "validated_milestone_1_baseline" }, "geometry": { "type": "Point", "coordinates": [ -77.636893663568742, 43.096033081691857 ] } },
{ "type": "Feature", "properties": { "sample_order": 672, "property_id": "14819000010542000000", "latitude": 43.095280017763272, "longitude": -77.637586725488546, "cache_origin": "validated_milestone_1_baseline" }, "geometry": { "type": "Point", "coordinates": [ -77.637586725488546, 43.095280017763272 ] } },
{ "type": "Feature", "properties": { "sample_order": 673, "property_id": "14819000010510000000", "latitude": 43.095107390097375, "longitude": -77.636836504665538, "cache_origin": "validated_milestone_1_baseline" }, "geometry": { "type": "Point", "coordinates": [ -77.636836504665538, 43.095107390097375 ] } },
{ "type": "Feature", "properties": { "sample_order": 674, "property_id": "14819000010520000000", "latitude": 43.095122184149652, "longitude": -77.63646265638701, "cache_origin": "validated_milestone_1_baseline" }, "geometry": { "type": "Point", "coordinates": [ -77.63646265638701, 43.095122184149652 ] } },
{ "type": "Feature", "properties": { "sample_order": 675, "property_id": "14819000010530000000", "latitude": 43.095136976886387, "longitude": -77.636088809006793, "cache_origin": "validated_milestone_1_baseline" }, "geometry": { "type": "Point", "coordinates": [ -77.636088809006793, 43.095136976886387 ] } },
{ "type": "Feature", "properties": { "sample_order": 676, "property_id": "14820000020300000000", "latitude": 43.095151768307645, "longitude": -77.635714961626562, "cache_origin": "validated_milestone_1_baseline" }, "geometry": { "type": "Point", "coordinates": [ -77.635714961626562, 43.095151768307645 ] } },
{ "type": "Feature", "properties": { "sample_order": 677, "property_id": "14820000020440000000", "latitude": 43.094585277739945, "longitude": -77.636009029626393, "cache_origin": "validated_milestone_1_baseline" }, "geometry": { "type": "Point", "coordinates": [ -77.636009029626393, 43.094585277739945 ] } },
{ "type": "Feature", "properties": { "sample_order": 678, "property_id": "14819000010390000000", "latitude": 43.094570247407297, "longitude": -77.63638284107401, "cache_origin": "validated_milestone_1_baseline" }, "geometry": { "type": "Point", "coordinates": [ -77.63638284107401, 43.094570247407297 ] } },
{ "type": "Feature", "properties": { "sample_order": 679, "property_id": "14820000020460000000", "latitude": 43.094167528497188, "longitude": -77.635860699806685, "cache_origin": "validated_milestone_1_baseline" }, "geometry": { "type": "Point", "coordinates": [ -77.635860699806685, 43.094167528497188 ] } },
{ "type": "Feature", "properties": { "sample_order": 680, "property_id": "14820000020410000000", "latitude": 43.094630359532161, "longitude": -77.634887593486951, "cache_origin": "validated_milestone_1_baseline" }, "geometry": { "type": "Point", "coordinates": [ -77.634887593486951, 43.094630359532161 ] } },
{ "type": "Feature", "properties": { "sample_order": 681, "property_id": "14820000020420000000", "latitude": 43.094615333802373, "longitude": -77.635261404934568, "cache_origin": "validated_milestone_1_baseline" }, "geometry": { "type": "Point", "coordinates": [ -77.635261404934568, 43.094615333802373 ] } },
{ "type": "Feature", "properties": { "sample_order": 682, "property_id": "14820000020430000000", "latitude": 43.094600306100993, "longitude": -77.635635218178791, "cache_origin": "validated_milestone_1_baseline" }, "geometry": { "type": "Point", "coordinates": [ -77.635635218178791, 43.094600306100993 ] } },
{ "type": "Feature", "properties": { "sample_order": 683, "property_id": "14820000020310000000", "latitude": 43.095166559725342, "longitude": -77.635341112449723, "cache_origin": "validated_milestone_1_baseline" }, "geometry": { "type": "Point", "coordinates": [ -77.635341112449723, 43.095166559725342 ] } },
{ "type": "Feature", "properties": { "sample_order": 684, "property_id": "14820000020320000000", "latitude": 43.095181349171561, "longitude": -77.634967264171195, "cache_origin": "validated_milestone_1_baseline" }, "geometry": { "type": "Point", "coordinates": [ -77.634967264171195, 43.095181349171561 ] } },
{ "type": "Feature", "properties": { "sample_order": 685, "property_id": "14820000020330000000", "latitude": 43.095196137302267, "longitude": -77.634593415892667, "cache_origin": "validated_milestone_1_baseline" }, "geometry": { "type": "Point", "coordinates": [ -77.634593415892667, 43.095196137302267 ] } },
{ "type": "Feature", "properties": { "sample_order": 686, "property_id": "14820000020340000000", "latitude": 43.095210924117438, "longitude": -77.634219567614139, "cache_origin": "validated_milestone_1_baseline" }, "geometry": { "type": "Point", "coordinates": [ -77.634219567614139, 43.095210924117438 ] } },
{ "type": "Feature", "properties": { "sample_order": 687, "property_id": "14820000020350000000", "latitude": 43.095225709617125, "longitude": -77.633845718437271, "cache_origin": "validated_milestone_1_baseline" }, "geometry": { "type": "Point", "coordinates": [ -77.633845718437271, 43.095225709617125 ] } },
{ "type": "Feature", "properties": { "sample_order": 688, "property_id": "14820000020400000000", "latitude": 43.094645385258261, "longitude": -77.634513780242713, "cache_origin": "validated_milestone_1_baseline" }, "geometry": { "type": "Point", "coordinates": [ -77.634513780242713, 43.094645385258261 ] } },
{ "type": "Feature", "properties": { "sample_order": 689, "property_id": "14820000020481110000", "latitude": 43.094206513937799, "longitude": -77.634591517752455, "cache_origin": "validated_milestone_1_baseline" }, "geometry": { "type": "Point", "coordinates": [ -77.634591517752455, 43.094206513937799 ] } },
{ "type": "Feature", "properties": { "sample_order": 690, "property_id": "14820000020501110000", "latitude": 43.094266116069271, "longitude": -77.633656334710778, "cache_origin": "validated_milestone_1_baseline" }, "geometry": { "type": "Point", "coordinates": [ -77.633656334710778, 43.094266116069271 ] } },
{ "type": "Feature", "properties": { "sample_order": 691, "property_id": "14820000020470000000", "latitude": 43.094190394588431, "longitude": -77.635299911219207, "cache_origin": "validated_milestone_1_baseline" }, "geometry": { "type": "Point", "coordinates": [ -77.635299911219207, 43.094190394588431 ] } },
{ "type": "Feature", "properties": { "sample_order": 692, "property_id": "14820000020391000000", "latitude": 43.094682949557331, "longitude": -77.633579356277437, "cache_origin": "validated_milestone_1_baseline" }, "geometry": { "type": "Point", "coordinates": [ -77.633579356277437, 43.094682949557331 ] } },
{ "type": "Feature", "properties": { "sample_order": 693, "property_id": "14820000020361000000", "latitude": 43.095444306975381, "longitude": -77.633365733309617, "cache_origin": "validated_milestone_1_baseline" }, "geometry": { "type": "Point", "coordinates": [ -77.633365733309617, 43.095444306975381 ] } },
{ "type": "Feature", "properties": { "sample_order": 694, "property_id": "14820000020380000000", "latitude": 43.095161223427773, "longitude": -77.632964228598439, "cache_origin": "validated_milestone_1_baseline" }, "geometry": { "type": "Point", "coordinates": [ -77.632964228598439, 43.095161223427773 ] } },
{ "type": "Feature", "properties": { "sample_order": 695, "property_id": "14820000020530000000", "latitude": 43.095012185401806, "longitude": -77.631788174889721, "cache_origin": "validated_milestone_1_baseline" }, "geometry": { "type": "Point", "coordinates": [ -77.631788174889721, 43.095012185401806 ] } },
{ "type": "Feature", "properties": { "sample_order": 696, "property_id": "14820000020520000000", "latitude": 43.09476307396956, "longitude": -77.632219062595524, "cache_origin": "validated_milestone_1_baseline" }, "geometry": { "type": "Point", "coordinates": [ -77.632219062595524, 43.09476307396956 ] } },
{ "type": "Feature", "properties": { "sample_order": 697, "property_id": "14820000020660000000", "latitude": 43.094365437520125, "longitude": -77.631156212782287, "cache_origin": "validated_milestone_1_baseline" }, "geometry": { "type": "Point", "coordinates": [ -77.631156212782287, 43.094365437520125 ] } },
{ "type": "Feature", "properties": { "sample_order": 698, "property_id": "14820000020790000000", "latitude": 43.094459158093095, "longitude": -77.631270963576682, "cache_origin": "validated_milestone_1_baseline" }, "geometry": { "type": "Point", "coordinates": [ -77.631270963576682, 43.094459158093095 ] } },
{ "type": "Feature", "properties": { "sample_order": 699, "property_id": "14820000020670000000", "latitude": 43.094374842251455, "longitude": -77.630946676250687, "cache_origin": "validated_milestone_1_baseline" }, "geometry": { "type": "Point", "coordinates": [ -77.630946676250687, 43.094374842251455 ] } },
{ "type": "Feature", "properties": { "sample_order": 700, "property_id": "14820000020651200000", "latitude": 43.094663483558698, "longitude": -77.630928474586398, "cache_origin": "validated_milestone_1_baseline" }, "geometry": { "type": "Point", "coordinates": [ -77.630928474586398, 43.094663483558698 ] } },
{ "type": "Feature", "properties": { "sample_order": 701, "property_id": "14820000020510000000", "latitude": 43.094353983517017, "longitude": -77.632095671804748, "cache_origin": "validated_milestone_1_baseline" }, "geometry": { "type": "Point", "coordinates": [ -77.632095671804748, 43.094353983517017 ] } },
{ "type": "Feature", "properties": { "sample_order": 702, "property_id": "14820000020781000000", "latitude": 43.096036580574001, "longitude": -77.63048748712184, "cache_origin": "validated_milestone_1_baseline" }, "geometry": { "type": "Point", "coordinates": [ -77.63048748712184, 43.096036580574001 ] } },
{ "type": "Feature", "properties": { "sample_order": 703, "property_id": "14820000020580000000", "latitude": 43.096421457702455, "longitude": -77.631039236860943, "cache_origin": "validated_milestone_1_baseline" }, "geometry": { "type": "Point", "coordinates": [ -77.631039236860943, 43.096421457702455 ] } },
{ "type": "Feature", "properties": { "sample_order": 704, "property_id": "14820000020570000000", "latitude": 43.096109073116651, "longitude": -77.631514978347198, "cache_origin": "validated_milestone_1_baseline" }, "geometry": { "type": "Point", "coordinates": [ -77.631514978347198, 43.096109073116651 ] } },
{ "type": "Feature", "properties": { "sample_order": 705, "property_id": "14820000020060000000", "latitude": 43.096662347906069, "longitude": -77.632547142608658, "cache_origin": "validated_milestone_1_baseline" }, "geometry": { "type": "Point", "coordinates": [ -77.632547142608658, 43.096662347906069 ] } },
{ "type": "Feature", "properties": { "sample_order": 706, "property_id": "14820000020201000000", "latitude": 43.096339511248793, "longitude": -77.632537506380586, "cache_origin": "validated_milestone_1_baseline" }, "geometry": { "type": "Point", "coordinates": [ -77.632537506380586, 43.096339511248793 ] } },
{ "type": "Feature", "properties": { "sample_order": 707, "property_id": "14820000020550000000", "latitude": 43.095404685380629, "longitude": -77.631884240726208, "cache_origin": "validated_milestone_1_baseline" }, "geometry": { "type": "Point", "coordinates": [ -77.631884240726208, 43.095404685380629 ] } },
{ "type": "Feature", "properties": { "sample_order": 708, "property_id": "14820000020561000000", "latitude": 43.095456976932894, "longitude": -77.631376718641818, "cache_origin": "validated_milestone_1_baseline" }, "geometry": { "type": "Point", "coordinates": [ -77.631376718641818, 43.095456976932894 ] } },
{ "type": "Feature", "properties": { "sample_order": 709, "property_id": "14820000020370000000", "latitude": 43.095364441904898, "longitude": -77.632857944425595, "cache_origin": "validated_milestone_1_baseline" }, "geometry": { "type": "Point", "coordinates": [ -77.632857944425595, 43.095364441904898 ] } },
{ "type": "Feature", "properties": { "sample_order": 710, "property_id": "14820000020220000000", "latitude": 43.095669285411091, "longitude": -77.632699084554119, "cache_origin": "validated_milestone_1_baseline" }, "geometry": { "type": "Point", "coordinates": [ -77.632699084554119, 43.095669285411091 ] } },
{ "type": "Feature", "properties": { "sample_order": 711, "property_id": "14820000020240000000", "latitude": 43.095633484944806, "longitude": -77.633633602842508, "cache_origin": "validated_milestone_1_baseline" }, "geometry": { "type": "Point", "coordinates": [ -77.633633602842508, 43.095633484944806 ] } },
{ "type": "Feature", "properties": { "sample_order": 712, "property_id": "14820000020211000000", "latitude": 43.096121036470429, "longitude": -77.632587592847571, "cache_origin": "validated_milestone_1_baseline" }, "geometry": { "type": "Point", "coordinates": [ -77.632587592847571, 43.096121036470429 ] } },
{ "type": "Feature", "properties": { "sample_order": 713, "property_id": "14820000020180000000", "latitude": 43.096184663657553, "longitude": -77.633712855810131, "cache_origin": "validated_milestone_1_baseline" }, "geometry": { "type": "Point", "coordinates": [ -77.633712855810131, 43.096184663657553 ] } },
{ "type": "Feature", "properties": { "sample_order": 714, "property_id": "14820000020090000000", "latitude": 43.09662709377249, "longitude": -77.633481870204491, "cache_origin": "validated_milestone_1_baseline" }, "geometry": { "type": "Point", "coordinates": [ -77.633481870204491, 43.09662709377249 ] } },
{ "type": "Feature", "properties": { "sample_order": 715, "property_id": "14820000020191000000", "latitude": 43.096177672469551, "longitude": -77.633315919930482, "cache_origin": "validated_milestone_1_baseline" }, "geometry": { "type": "Point", "coordinates": [ -77.633315919930482, 43.096177672469551 ] } },
{ "type": "Feature", "properties": { "sample_order": 716, "property_id": "14816000010221110000", "latitude": 43.099526791750812, "longitude": -77.633529109012031, "cache_origin": "validated_milestone_1_baseline" }, "geometry": { "type": "Point", "coordinates": [ -77.633529109012031, 43.099526791750812 ] } },
{ "type": "Feature", "properties": { "sample_order": 717, "property_id": "14816000010192200000", "latitude": 43.097888189300321, "longitude": -77.632375407184199, "cache_origin": "validated_milestone_1_baseline" }, "geometry": { "type": "Point", "coordinates": [ -77.632375407184199, 43.097888189300321 ] } },
{ "type": "Feature", "properties": { "sample_order": 718, "property_id": "14820000020021000000", "latitude": 43.097550057288657, "longitude": -77.633234641261907, "cache_origin": "validated_milestone_1_baseline" }, "geometry": { "type": "Point", "coordinates": [ -77.633234641261907, 43.097550057288657 ] } },
{ "type": "Feature", "properties": { "sample_order": 719, "property_id": "14816000010170000000", "latitude": 43.097604342383349, "longitude": -77.631865973484906, "cache_origin": "validated_milestone_1_baseline" }, "geometry": { "type": "Point", "coordinates": [ -77.631865973484906, 43.097604342383349 ] } },
{ "type": "Feature", "properties": { "sample_order": 720, "property_id": "14816000010181000000", "latitude": 43.097857901330009, "longitude": -77.63172292845401, "cache_origin": "validated_milestone_1_baseline" }, "geometry": { "type": "Point", "coordinates": [ -77.63172292845401, 43.097857901330009 ] } },
{ "type": "Feature", "properties": { "sample_order": 721, "property_id": "14816000010160000000", "latitude": 43.097855243465581, "longitude": -77.630016945084449, "cache_origin": "validated_milestone_1_baseline" }, "geometry": { "type": "Point", "coordinates": [ -77.630016945084449, 43.097855243465581 ] } },
{ "type": "Feature", "properties": { "sample_order": 722, "property_id": "14820000020641000000", "latitude": 43.097345128146451, "longitude": -77.630438554990022, "cache_origin": "validated_milestone_1_baseline" }, "geometry": { "type": "Point", "coordinates": [ -77.630438554990022, 43.097345128146451 ] } },
{ "type": "Feature", "properties": { "sample_order": 723, "property_id": "14820000020642000000", "latitude": 43.097085904284931, "longitude": -77.630678501290603, "cache_origin": "validated_milestone_1_baseline" }, "geometry": { "type": "Point", "coordinates": [ -77.630678501290603, 43.097085904284931 ] } },
{ "type": "Feature", "properties": { "sample_order": 724, "property_id": "14820000020591000000", "latitude": 43.096806199909963, "longitude": -77.63083269351587, "cache_origin": "validated_milestone_1_baseline" }, "geometry": { "type": "Point", "coordinates": [ -77.63083269351587, 43.096806199909963 ] } },
{ "type": "Feature", "properties": { "sample_order": 725, "property_id": "14820000020720000000", "latitude": 43.095987312831362, "longitude": -77.628731897883995, "cache_origin": "validated_milestone_1_baseline" }, "geometry": { "type": "Point", "coordinates": [ -77.628731897883995, 43.095987312831362 ] } },
{ "type": "Feature", "properties": { "sample_order": 726, "property_id": "14820000020651100000", "latitude": 43.09657761594417, "longitude": -77.629729102409556, "cache_origin": "validated_milestone_1_baseline" }, "geometry": { "type": "Point", "coordinates": [ -77.629729102409556, 43.09657761594417 ] } },
{ "type": "Feature", "properties": { "sample_order": 727, "property_id": "14816000010150000000", "latitude": 43.098465014357792, "longitude": -77.629486840252142, "cache_origin": "validated_milestone_1_baseline" }, "geometry": { "type": "Point", "coordinates": [ -77.629486840252142, 43.098465014357792 ] } },
{ "type": "Feature", "properties": { "sample_order": 728, "property_id": "14816000010231000000", "latitude": 43.098899728061639, "longitude": -77.627375772385008, "cache_origin": "validated_milestone_1_baseline" }, "geometry": { "type": "Point", "coordinates": [ -77.627375772385008, 43.098899728061639 ] } },
{ "type": "Feature", "properties": { "sample_order": 729, "property_id": "14816000010121000000", "latitude": 43.100423967698909, "longitude": -77.628431708763827, "cache_origin": "validated_milestone_1_baseline" }, "geometry": { "type": "Point", "coordinates": [ -77.628431708763827, 43.100423967698909 ] } },
{ "type": "Feature", "properties": { "sample_order": 730, "property_id": "14816000010130000000", "latitude": 43.099706825403231, "longitude": -77.62958757732811, "cache_origin": "validated_milestone_1_baseline" }, "geometry": { "type": "Point", "coordinates": [ -77.62958757732811, 43.099706825403231 ] } },
{ "type": "Feature", "properties": { "sample_order": 731, "property_id": "14816000010140000000", "latitude": 43.099368641777758, "longitude": -77.628731946393032, "cache_origin": "validated_milestone_1_baseline" }, "geometry": { "type": "Point", "coordinates": [ -77.628731946393032, 43.099368641777758 ] } },
{ "type": "Feature", "properties": { "sample_order": 732, "property_id": "14816000010210000000", "latitude": 43.09897997420628, "longitude": -77.631094650337545, "cache_origin": "validated_milestone_1_baseline" }, "geometry": { "type": "Point", "coordinates": [ -77.631094650337545, 43.09897997420628 ] } },
{ "type": "Feature", "properties": { "sample_order": 733, "property_id": "14816000010200000000", "latitude": 43.098654076078539, "longitude": -77.631171010729958, "cache_origin": "validated_milestone_1_baseline" }, "geometry": { "type": "Point", "coordinates": [ -77.631171010729958, 43.098654076078539 ] } },
{ "type": "Feature", "properties": { "sample_order": 734, "property_id": "14816000010191000000", "latitude": 43.098445594820738, "longitude": -77.63191743706922, "cache_origin": "validated_milestone_1_baseline" }, "geometry": { "type": "Point", "coordinates": [ -77.63191743706922, 43.098445594820738 ] } },
{ "type": "Feature", "properties": { "sample_order": 735, "property_id": "14816000010030000000", "latitude": 43.101623879583762, "longitude": -77.632781762797919, "cache_origin": "validated_milestone_1_baseline" }, "geometry": { "type": "Point", "coordinates": [ -77.632781762797919, 43.101623879583762 ] } },
{ "type": "Feature", "properties": { "sample_order": 736, "property_id": "14816000010051000000", "latitude": 43.101091828120751, "longitude": -77.631426698209282, "cache_origin": "validated_milestone_1_baseline" }, "geometry": { "type": "Point", "coordinates": [ -77.631426698209282, 43.101091828120751 ] } },
{ "type": "Feature", "properties": { "sample_order": 737, "property_id": "14816000010222000000", "latitude": 43.100722582437903, "longitude": -77.630013644674094, "cache_origin": "validated_milestone_1_baseline" }, "geometry": { "type": "Point", "coordinates": [ -77.630013644674094, 43.100722582437903 ] } },
{ "type": "Feature", "properties": { "sample_order": 738, "property_id": "14812000030831000000", "latitude": 43.103661061952891, "longitude": -77.633718239413625, "cache_origin": "validated_milestone_1_baseline" }, "geometry": { "type": "Point", "coordinates": [ -77.633718239413625, 43.103661061952891 ] } },
{ "type": "Feature", "properties": { "sample_order": 739, "property_id": "14816000010040000000", "latitude": 43.102524824367038, "longitude": -77.631641552767348, "cache_origin": "validated_milestone_1_baseline" }, "geometry": { "type": "Point", "coordinates": [ -77.631641552767348, 43.102524824367038 ] } },
{ "type": "Feature", "properties": { "sample_order": 740, "property_id": "14812000030850000000", "latitude": 43.103696668833322, "longitude": -77.631854166028802, "cache_origin": "validated_milestone_1_baseline" }, "geometry": { "type": "Point", "coordinates": [ -77.631854166028802, 43.103696668833322 ] } },
{ "type": "Feature", "properties": { "sample_order": 741, "property_id": "14812000030841000000", "latitude": 43.103726597774717, "longitude": -77.63294627576748, "cache_origin": "validated_milestone_1_baseline" }, "geometry": { "type": "Point", "coordinates": [ -77.63294627576748, 43.103726597774717 ] } },
{ "type": "Feature", "properties": { "sample_order": 742, "property_id": "14812000030860000000", "latitude": 43.103768287863183, "longitude": -77.631338611209145, "cache_origin": "validated_milestone_1_baseline" }, "geometry": { "type": "Point", "coordinates": [ -77.631338611209145, 43.103768287863183 ] } },
{ "type": "Feature", "properties": { "sample_order": 743, "property_id": "14816000010052000000", "latitude": 43.101544294771323, "longitude": -77.630365411464624, "cache_origin": "validated_milestone_1_baseline" }, "geometry": { "type": "Point", "coordinates": [ -77.630365411464624, 43.101544294771323 ] } },
{ "type": "Feature", "properties": { "sample_order": 744, "property_id": "14816000010053000000", "latitude": 43.102645026381353, "longitude": -77.630015791647622, "cache_origin": "validated_milestone_1_baseline" }, "geometry": { "type": "Point", "coordinates": [ -77.630015791647622, 43.102645026381353 ] } },
{ "type": "Feature", "properties": { "sample_order": 745, "property_id": "14816000010072000000", "latitude": 43.10220048251918, "longitude": -77.627811955659411, "cache_origin": "validated_milestone_1_baseline" }, "geometry": { "type": "Point", "coordinates": [ -77.627811955659411, 43.10220048251918 ] } },
{ "type": "Feature", "properties": { "sample_order": 746, "property_id": "14812000030870000000", "latitude": 43.10384412277228, "longitude": -77.630009936428607, "cache_origin": "validated_milestone_1_baseline" }, "geometry": { "type": "Point", "coordinates": [ -77.630009936428607, 43.10384412277228 ] } },
{ "type": "Feature", "properties": { "sample_order": 747, "property_id": "14812000030880000000", "latitude": 43.103888669769141, "longitude": -77.628498722185697, "cache_origin": "validated_milestone_1_baseline" }, "geometry": { "type": "Point", "coordinates": [ -77.628498722185697, 43.103888669769141 ] } },
{ "type": "Feature", "properties": { "sample_order": 748, "property_id": "14816000010054000000", "latitude": 43.103389858299543, "longitude": -77.628892181585201, "cache_origin": "validated_milestone_1_baseline" }, "geometry": { "type": "Point", "coordinates": [ -77.628892181585201, 43.103389858299543 ] } },
{ "type": "Feature", "properties": { "sample_order": 749, "property_id": "14812000020621200000", "latitude": 43.103980372729552, "longitude": -77.627116870733602, "cache_origin": "validated_milestone_1_baseline" }, "geometry": { "type": "Point", "coordinates": [ -77.627116870733602, 43.103980372729552 ] } },
{ "type": "Feature", "properties": { "sample_order": 750, "property_id": "14816000010071000000", "latitude": 43.102604887359085, "longitude": -77.627279414596046, "cache_origin": "validated_milestone_1_baseline" }, "geometry": { "type": "Point", "coordinates": [ -77.627279414596046, 43.102604887359085 ] } },
{ "type": "Feature", "properties": { "sample_order": 751, "property_id": "14816000010081000000", "latitude": 43.101430974273107, "longitude": -77.628045359529779, "cache_origin": "validated_milestone_1_baseline" }, "geometry": { "type": "Point", "coordinates": [ -77.628045359529779, 43.101430974273107 ] } },
{ "type": "Feature", "properties": { "sample_order": 752, "property_id": "14816000010100000000", "latitude": 43.10087793081658, "longitude": -77.628196008799577, "cache_origin": "validated_milestone_1_baseline" }, "geometry": { "type": "Point", "coordinates": [ -77.628196008799577, 43.10087793081658 ] } },
{ "type": "Feature", "properties": { "sample_order": 753, "property_id": "14816000010250000000", "latitude": 43.099081747077399, "longitude": -77.626208957848988, "cache_origin": "validated_milestone_1_baseline" }, "geometry": { "type": "Point", "coordinates": [ -77.626208957848988, 43.099081747077399 ] } },
{ "type": "Feature", "properties": { "sample_order": 754, "property_id": "14816000010090000000", "latitude": 43.101046277522279, "longitude": -77.626053825087624, "cache_origin": "validated_milestone_1_baseline" }, "geometry": { "type": "Point", "coordinates": [ -77.626053825087624, 43.101046277522279 ] } },
{ "type": "Feature", "properties": { "sample_order": 755, "property_id": "14913000010011000000", "latitude": 43.101904440195803, "longitude": -77.62268406479383, "cache_origin": "validated_milestone_1_baseline" }, "geometry": { "type": "Point", "coordinates": [ -77.62268406479383, 43.101904440195803 ] } },
{ "type": "Feature", "properties": { "sample_order": 756, "property_id": "14909000010031000000", "latitude": 43.1033375695865, "longitude": -77.622537137244279, "cache_origin": "validated_milestone_1_baseline" }, "geometry": { "type": "Point", "coordinates": [ -77.622537137244279, 43.1033375695865 ] } },
{ "type": "Feature", "properties": { "sample_order": 757, "property_id": "14909000010070000000", "latitude": 43.104409070999253, "longitude": -77.619173940041946, "cache_origin": "validated_milestone_1_baseline" }, "geometry": { "type": "Point", "coordinates": [ -77.619173940041946, 43.104409070999253 ] } },
{ "type": "Feature", "properties": { "sample_order": 758, "property_id": "14909000010060000000", "latitude": 43.103696435997243, "longitude": -77.618874618694335, "cache_origin": "validated_milestone_1_baseline" }, "geometry": { "type": "Point", "coordinates": [ -77.618874618694335, 43.103696435997243 ] } },
{ "type": "Feature", "properties": { "sample_order": 759, "property_id": "14909000010051020000", "latitude": 43.103378433531439, "longitude": -77.618122939905618, "cache_origin": "validated_milestone_1_baseline" }, "geometry": { "type": "Point", "coordinates": [ -77.618122939905618, 43.103378433531439 ] } },
{ "type": "Feature", "properties": { "sample_order": 760, "property_id": "14909000010052300000", "latitude": 43.102987918209621, "longitude": -77.618480684984377, "cache_origin": "validated_milestone_1_baseline" }, "geometry": { "type": "Point", "coordinates": [ -77.618480684984377, 43.102987918209621 ] } },
{ "type": "Feature", "properties": { "sample_order": 761, "property_id": "14909000010052400000", "latitude": 43.103138210546732, "longitude": -77.61859419161209, "cache_origin": "validated_milestone_1_baseline" }, "geometry": { "type": "Point", "coordinates": [ -77.61859419161209, 43.103138210546732 ] } },
{ "type": "Feature", "properties": { "sample_order": 762, "property_id": "14909000010052200000", "latitude": 43.102918539424792, "longitude": -77.618425799717144, "cache_origin": "validated_milestone_1_baseline" }, "geometry": { "type": "Point", "coordinates": [ -77.618425799717144, 43.102918539424792 ] } },
{ "type": "Feature", "properties": { "sample_order": 763, "property_id": "14909000010052100000", "latitude": 43.102837507444171, "longitude": -77.618281576994903, "cache_origin": "validated_milestone_1_baseline" }, "geometry": { "type": "Point", "coordinates": [ -77.618281576994903, 43.102837507444171 ] } },
{ "type": "Feature", "properties": { "sample_order": 764, "property_id": "14909000010054000000", "latitude": 43.10291036382187, "longitude": -77.619042777925628, "cache_origin": "validated_milestone_1_baseline" }, "geometry": { "type": "Point", "coordinates": [ -77.619042777925628, 43.10291036382187 ] } },
{ "type": "Feature", "properties": { "sample_order": 765, "property_id": "14909000010053310000", "latitude": 43.103228385771899, "longitude": -77.619108605571341, "cache_origin": "validated_milestone_1_baseline" }, "geometry": { "type": "Point", "coordinates": [ -77.619108605571341, 43.103228385771899 ] } },
{ "type": "Feature", "properties": { "sample_order": 766, "property_id": "14909000010053210000", "latitude": 43.103306448720083, "longitude": -77.619243442695478, "cache_origin": "validated_milestone_1_baseline" }, "geometry": { "type": "Point", "coordinates": [ -77.619243442695478, 43.103306448720083 ] } },
{ "type": "Feature", "properties": { "sample_order": 767, "property_id": "14909000010053110000", "latitude": 43.103495476470847, "longitude": -77.619390465466452, "cache_origin": "validated_milestone_1_baseline" }, "geometry": { "type": "Point", "coordinates": [ -77.619390465466452, 43.103495476470847 ] } },
{ "type": "Feature", "properties": { "sample_order": 768, "property_id": "14909000010055210000", "latitude": 43.10259764176358, "longitude": -77.618828933972253, "cache_origin": "validated_milestone_1_baseline" }, "geometry": { "type": "Point", "coordinates": [ -77.618828933972253, 43.10259764176358 ] } },
{ "type": "Feature", "properties": { "sample_order": 769, "property_id": "14909000010055310000", "latitude": 43.102472230582492, "longitude": -77.618787686029336, "cache_origin": "validated_milestone_1_baseline" }, "geometry": { "type": "Point", "coordinates": [ -77.618787686029336, 43.102472230582492 ] } },
{ "type": "Feature", "properties": { "sample_order": 770, "property_id": "14909000010056000000", "latitude": 43.102329784346452, "longitude": -77.618340590020864, "cache_origin": "validated_milestone_1_baseline" }, "geometry": { "type": "Point", "coordinates": [ -77.618340590020864, 43.102329784346452 ] } },
{ "type": "Feature", "properties": { "sample_order": 771, "property_id": "14909000010055510000", "latitude": 43.102296276179189, "longitude": -77.618840904921726, "cache_origin": "validated_milestone_1_baseline" }, "geometry": { "type": "Point", "coordinates": [ -77.618840904921726, 43.102296276179189 ] } },
{ "type": "Feature", "properties": { "sample_order": 772, "property_id": "14913000010020000000", "latitude": 43.100498370306447, "longitude": -77.622929144966264, "cache_origin": "validated_milestone_1_baseline" }, "geometry": { "type": "Point", "coordinates": [ -77.622929144966264, 43.100498370306447 ] } },
{ "type": "Feature", "properties": { "sample_order": 773, "property_id": "14909000010040000000", "latitude": 43.103181799813882, "longitude": -77.620271881643461, "cache_origin": "validated_milestone_1_baseline" }, "geometry": { "type": "Point", "coordinates": [ -77.620271881643461, 43.103181799813882 ] } },
{ "type": "Feature", "properties": { "sample_order": 774, "property_id": "14913000010030000000", "latitude": 43.100335599972951, "longitude": -77.619498530998513, "cache_origin": "validated_milestone_1_baseline" }, "geometry": { "type": "Point", "coordinates": [ -77.619498530998513, 43.100335599972951 ] } },
{ "type": "Feature", "properties": { "sample_order": 775, "property_id": "14913000010182220000", "latitude": 43.099387411658803, "longitude": -77.619304767984985, "cache_origin": "validated_milestone_1_baseline" }, "geometry": { "type": "Point", "coordinates": [ -77.619304767984985, 43.099387411658803 ] } },
{ "type": "Feature", "properties": { "sample_order": 776, "property_id": "14913000010090000000", "latitude": 43.099516671544812, "longitude": -77.616303251380671, "cache_origin": "validated_milestone_1_baseline" }, "geometry": { "type": "Point", "coordinates": [ -77.616303251380671, 43.099516671544812 ] } },
{ "type": "Feature", "properties": { "sample_order": 777, "property_id": "14913000010182110000", "latitude": 43.098266089422737, "longitude": -77.619232152668999, "cache_origin": "validated_milestone_1_baseline" }, "geometry": { "type": "Point", "coordinates": [ -77.619232152668999, 43.098266089422737 ] } },
{ "type": "Feature", "properties": { "sample_order": 778, "property_id": "14913000010201200000", "latitude": 43.098660957443457, "longitude": -77.620118110728058, "cache_origin": "validated_milestone_1_baseline" }, "geometry": { "type": "Point", "coordinates": [ -77.620118110728058, 43.098660957443457 ] } },
{ "type": "Feature", "properties": { "sample_order": 779, "property_id": "14913000010202000000", "latitude": 43.09878028219552, "longitude": -77.620539130440491, "cache_origin": "validated_milestone_1_baseline" }, "geometry": { "type": "Point", "coordinates": [ -77.620539130440491, 43.09878028219552 ] } },
{ "type": "Feature", "properties": { "sample_order": 780, "property_id": "14913000010210000000", "latitude": 43.099009376120733, "longitude": -77.620966488665545, "cache_origin": "validated_milestone_1_baseline" }, "geometry": { "type": "Point", "coordinates": [ -77.620966488665545, 43.099009376120733 ] } },
{ "type": "Feature", "properties": { "sample_order": 781, "property_id": "14913000010242060000", "latitude": 43.098942328584442, "longitude": -77.62163061225678, "cache_origin": "validated_milestone_1_baseline" }, "geometry": { "type": "Point", "coordinates": [ -77.62163061225678, 43.098942328584442 ] } },
{ "type": "Feature", "properties": { "sample_order": 782, "property_id": "14913000010242050000", "latitude": 43.098984973680643, "longitude": -77.622256165782971, "cache_origin": "validated_milestone_1_baseline" }, "geometry": { "type": "Point", "coordinates": [ -77.622256165782971, 43.098984973680643 ] } },
{ "type": "Feature", "properties": { "sample_order": 783, "property_id": "14816000010270000000", "latitude": 43.097730194488406, "longitude": -77.624049466296455, "cache_origin": "validated_milestone_1_baseline" }, "geometry": { "type": "Point", "coordinates": [ -77.624049466296455, 43.097730194488406 ] } },
{ "type": "Feature", "properties": { "sample_order": 784, "property_id": "14913000010242040000", "latitude": 43.099288045223368, "longitude": -77.622625890794353, "cache_origin": "validated_milestone_1_baseline" }, "geometry": { "type": "Point", "coordinates": [ -77.622625890794353, 43.099288045223368 ] } },
{ "type": "Feature", "properties": { "sample_order": 785, "property_id": "14913000010242030000", "latitude": 43.099168524027483, "longitude": -77.623172310828849, "cache_origin": "validated_milestone_1_baseline" }, "geometry": { "type": "Point", "coordinates": [ -77.623172310828849, 43.099168524027483 ] } },
{ "type": "Feature", "properties": { "sample_order": 786, "property_id": "14913000010242020000", "latitude": 43.099128888444326, "longitude": -77.624285911862401, "cache_origin": "validated_milestone_1_baseline" }, "geometry": { "type": "Point", "coordinates": [ -77.624285911862401, 43.099128888444326 ] } },
{ "type": "Feature", "properties": { "sample_order": 787, "property_id": "14816000010260000000", "latitude": 43.09908840603547, "longitude": -77.625489680394253, "cache_origin": "validated_milestone_1_baseline" }, "geometry": { "type": "Point", "coordinates": [ -77.625489680394253, 43.09908840603547 ] } },
{ "type": "Feature", "properties": { "sample_order": 788, "property_id": "14913000010230000000", "latitude": 43.097701729298748, "longitude": -77.622599026675772, "cache_origin": "validated_milestone_1_baseline" }, "geometry": { "type": "Point", "coordinates": [ -77.622599026675772, 43.097701729298748 ] } },
{ "type": "Feature", "properties": { "sample_order": 789, "property_id": "14913000010220000000", "latitude": 43.098164714660683, "longitude": -77.622364105550872, "cache_origin": "validated_milestone_1_baseline" }, "geometry": { "type": "Point", "coordinates": [ -77.622364105550872, 43.098164714660683 ] } },
{ "type": "Feature", "properties": { "sample_order": 790, "property_id": "14917000020010000000", "latitude": 43.097246079154097, "longitude": -77.622840112938462, "cache_origin": "validated_milestone_1_baseline" }, "geometry": { "type": "Point", "coordinates": [ -77.622840112938462, 43.097246079154097 ] } },
{ "type": "Feature", "properties": { "sample_order": 791, "property_id": "14917000020020000000", "latitude": 43.096833542529779, "longitude": -77.62305838468788, "cache_origin": "validated_milestone_1_baseline" }, "geometry": { "type": "Point", "coordinates": [ -77.62305838468788, 43.096833542529779 ] } },
{ "type": "Feature", "properties": { "sample_order": 792, "property_id": "14917000020030000000", "latitude": 43.096147985821865, "longitude": -77.623421101043419, "cache_origin": "validated_milestone_1_baseline" }, "geometry": { "type": "Point", "coordinates": [ -77.623421101043419, 43.096147985821865 ] } },
{ "type": "Feature", "properties": { "sample_order": 793, "property_id": "14917000020053000000", "latitude": 43.09543647541188, "longitude": -77.622281637512856, "cache_origin": "validated_milestone_1_baseline" }, "geometry": { "type": "Point", "coordinates": [ -77.622281637512856, 43.09543647541188 ] } },
{ "type": "Feature", "properties": { "sample_order": 794, "property_id": "14917000020060000000", "latitude": 43.096634071790149, "longitude": -77.621419630335879, "cache_origin": "validated_milestone_1_baseline" }, "geometry": { "type": "Point", "coordinates": [ -77.621419630335879, 43.096634071790149 ] } },
{ "type": "Feature", "properties": { "sample_order": 795, "property_id": "14917000020071100000", "latitude": 43.09750450339935, "longitude": -77.621117299632061, "cache_origin": "validated_milestone_1_baseline" }, "geometry": { "type": "Point", "coordinates": [ -77.621117299632061, 43.09750450339935 ] } },
{ "type": "Feature", "properties": { "sample_order": 796, "property_id": "14917000020071200000", "latitude": 43.09715347139575, "longitude": -77.620179497102995, "cache_origin": "validated_milestone_1_baseline" }, "geometry": { "type": "Point", "coordinates": [ -77.620179497102995, 43.09715347139575 ] } },
{ "type": "Feature", "properties": { "sample_order": 797, "property_id": "14917000020232010000", "latitude": 43.095364062100792, "longitude": -77.619669984351944, "cache_origin": "validated_milestone_1_baseline" }, "geometry": { "type": "Point", "coordinates": [ -77.619669984351944, 43.095364062100792 ] } },
{ "type": "Feature", "properties": { "sample_order": 798, "property_id": "14917000020100000000", "latitude": 43.096746398873762, "longitude": -77.618985820245044, "cache_origin": "validated_milestone_1_baseline" }, "geometry": { "type": "Point", "coordinates": [ -77.618985820245044, 43.096746398873762 ] } },
{ "type": "Feature", "properties": { "sample_order": 799, "property_id": "14917000020051100000", "latitude": 43.095513316394502, "longitude": -77.621030244796188, "cache_origin": "validated_milestone_1_baseline" }, "geometry": { "type": "Point", "coordinates": [ -77.621030244796188, 43.095513316394502 ] } },
{ "type": "Feature", "properties": { "sample_order": 800, "property_id": "14917000020234000000", "latitude": 43.095088429985424, "longitude": -77.620452132198466, "cache_origin": "validated_milestone_1_baseline" }, "geometry": { "type": "Point", "coordinates": [ -77.620452132198466, 43.095088429985424 ] } },
{ "type": "Feature", "properties": { "sample_order": 801, "property_id": "14917000020231000000", "latitude": 43.095172660880714, "longitude": -77.618193308535083, "cache_origin": "validated_milestone_1_baseline" }, "geometry": { "type": "Point", "coordinates": [ -77.618193308535083, 43.095172660880714 ] } },
{ "type": "Feature", "properties": { "sample_order": 802, "property_id": "14917000020233000000", "latitude": 43.095147726233513, "longitude": -77.61894908094655, "cache_origin": "validated_milestone_1_baseline" }, "geometry": { "type": "Point", "coordinates": [ -77.61894908094655, 43.095147726233513 ] } },
{ "type": "Feature", "properties": { "sample_order": 803, "property_id": "14917000020040000000", "latitude": 43.095070203896654, "longitude": -77.624020791174274, "cache_origin": "validated_milestone_1_baseline" }, "geometry": { "type": "Point", "coordinates": [ -77.624020791174274, 43.095070203896654 ] } },
{ "type": "Feature", "properties": { "sample_order": 804, "property_id": "14820000020761120000", "latitude": 43.095673914537045, "longitude": -77.625216412884825, "cache_origin": "validated_milestone_1_baseline" }, "geometry": { "type": "Point", "coordinates": [ -77.625216412884825, 43.095673914537045 ] } },
{ "type": "Feature", "properties": { "sample_order": 805, "property_id": "14820000020730000000", "latitude": 43.09726319408, "longitude": -77.626964214627478, "cache_origin": "validated_milestone_1_baseline" }, "geometry": { "type": "Point", "coordinates": [ -77.626964214627478, 43.09726319408 ] } },
{ "type": "Feature", "properties": { "sample_order": 806, "property_id": "14820000020740000000", "latitude": 43.095470798761419, "longitude": -77.627894335662546, "cache_origin": "validated_milestone_1_baseline" }, "geometry": { "type": "Point", "coordinates": [ -77.627894335662546, 43.095470798761419 ] } },
{ "type": "Feature", "properties": { "sample_order": 807, "property_id": "14820000020710000000", "latitude": 43.095254729593726, "longitude": -77.629200841818516, "cache_origin": "validated_milestone_1_baseline" }, "geometry": { "type": "Point", "coordinates": [ -77.629200841818516, 43.095254729593726 ] } },
{ "type": "Feature", "properties": { "sample_order": 808, "property_id": "14820000020751100000", "latitude": 43.095116010832733, "longitude": -77.627198350624809, "cache_origin": "validated_milestone_1_baseline" }, "geometry": { "type": "Point", "coordinates": [ -77.627198350624809, 43.095116010832733 ] } },
{ "type": "Feature", "properties": { "sample_order": 809, "property_id": "14820000020700000000", "latitude": 43.094586905211237, "longitude": -77.628903080844537, "cache_origin": "validated_milestone_1_baseline" }, "geometry": { "type": "Point", "coordinates": [ -77.628903080844537, 43.094586905211237 ] } },
{ "type": "Feature", "properties": { "sample_order": 810, "property_id": "14820000020690000000", "latitude": 43.094551831587687, "longitude": -77.629946771389399, "cache_origin": "validated_milestone_1_baseline" }, "geometry": { "type": "Point", "coordinates": [ -77.629946771389399, 43.094551831587687 ] } },
{ "type": "Feature", "properties": { "sample_order": 811, "property_id": "14820000020680000000", "latitude": 43.094395596678652, "longitude": -77.630722508858057, "cache_origin": "validated_milestone_1_baseline" }, "geometry": { "type": "Point", "coordinates": [ -77.630722508858057, 43.094395596678652 ] } },
{ "type": "Feature", "properties": { "sample_order": 812, "property_id": "14918000020120000000", "latitude": 43.095508179540232, "longitude": -77.606964344127405, "cache_origin": "validated_milestone_1_baseline" }, "geometry": { "type": "Point", "coordinates": [ -77.606964344127405, 43.095508179540232 ] } },
{ "type": "Feature", "properties": { "sample_order": 813, "property_id": "14918000020070000000", "latitude": 43.095214620492712, "longitude": -77.609727633806571, "cache_origin": "validated_milestone_1_baseline" }, "geometry": { "type": "Point", "coordinates": [ -77.609727633806571, 43.095214620492712 ] } },
{ "type": "Feature", "properties": { "sample_order": 814, "property_id": "14918000020080000000", "latitude": 43.095247711404923, "longitude": -77.609021747537781, "cache_origin": "validated_milestone_1_baseline" }, "geometry": { "type": "Point", "coordinates": [ -77.609021747537781, 43.095247711404923 ] } },
{ "type": "Feature", "properties": { "sample_order": 815, "property_id": "14918000020111100000", "latitude": 43.095375655635642, "longitude": -77.608110892670609, "cache_origin": "validated_milestone_1_baseline" }, "geometry": { "type": "Point", "coordinates": [ -77.608110892670609, 43.095375655635642 ] } },
{ "type": "Feature", "properties": { "sample_order": 816, "property_id": "14918000020030000000", "latitude": 43.096419163174389, "longitude": -77.611284247107307, "cache_origin": "validated_milestone_1_baseline" }, "geometry": { "type": "Point", "coordinates": [ -77.611284247107307, 43.096419163174389 ] } },
{ "type": "Feature", "properties": { "sample_order": 817, "property_id": "14918000020051000000", "latitude": 43.095557866829004, "longitude": -77.610828911751042, "cache_origin": "validated_milestone_1_baseline" }, "geometry": { "type": "Point", "coordinates": [ -77.610828911751042, 43.095557866829004 ] } },
{ "type": "Feature", "properties": { "sample_order": 818, "property_id": "14918000020040000000", "latitude": 43.096088603299926, "longitude": -77.610817469909264, "cache_origin": "validated_milestone_1_baseline" }, "geometry": { "type": "Point", "coordinates": [ -77.610817469909264, 43.096088603299926 ] } },
{ "type": "Feature", "properties": { "sample_order": 819, "property_id": "14918000020050000000", "latitude": 43.095226913316687, "longitude": -77.610708153024035, "cache_origin": "validated_milestone_1_baseline" }, "geometry": { "type": "Point", "coordinates": [ -77.610708153024035, 43.095226913316687 ] } },
{ "type": "Feature", "properties": { "sample_order": 820, "property_id": "14918000020060000000", "latitude": 43.095362348718659, "longitude": -77.610271997597394, "cache_origin": "validated_milestone_1_baseline" }, "geometry": { "type": "Point", "coordinates": [ -77.610271997597394, 43.095362348718659 ] } },
{ "type": "Feature", "properties": { "sample_order": 821, "property_id": "14918000020020000000", "latitude": 43.095143309601418, "longitude": -77.612855749983879, "cache_origin": "validated_milestone_1_baseline" }, "geometry": { "type": "Point", "coordinates": [ -77.612855749983879, 43.095143309601418 ] } },
{ "type": "Feature", "properties": { "sample_order": 822, "property_id": "14917000020170000000", "latitude": 43.095889216720401, "longitude": -77.614581981379928, "cache_origin": "validated_milestone_1_baseline" }, "geometry": { "type": "Point", "coordinates": [ -77.614581981379928, 43.095889216720401 ] } },
{ "type": "Feature", "properties": { "sample_order": 823, "property_id": "14917000020180000000", "latitude": 43.095105523867382, "longitude": -77.614133220793221, "cache_origin": "validated_milestone_1_baseline" }, "geometry": { "type": "Point", "coordinates": [ -77.614133220793221, 43.095105523867382 ] } },
{ "type": "Feature", "properties": { "sample_order": 824, "property_id": "14917000020211000000", "latitude": 43.095303955943898, "longitude": -77.616632251268641, "cache_origin": "validated_milestone_1_baseline" }, "geometry": { "type": "Point", "coordinates": [ -77.616632251268641, 43.095303955943898 ] } },
{ "type": "Feature", "properties": { "sample_order": 825, "property_id": "14917000020201000000", "latitude": 43.09560482527143, "longitude": -77.61594546048785, "cache_origin": "validated_milestone_1_baseline" }, "geometry": { "type": "Point", "coordinates": [ -77.61594546048785, 43.09560482527143 ] } },
{ "type": "Feature", "properties": { "sample_order": 826, "property_id": "14917000020190000000", "latitude": 43.095058875315388, "longitude": -77.615073386789803, "cache_origin": "validated_milestone_1_baseline" }, "geometry": { "type": "Point", "coordinates": [ -77.615073386789803, 43.095058875315388 ] } },
{ "type": "Feature", "properties": { "sample_order": 827, "property_id": "14917000020161000000", "latitude": 43.09709650504594, "longitude": -77.614709591557613, "cache_origin": "validated_milestone_1_baseline" }, "geometry": { "type": "Point", "coordinates": [ -77.614709591557613, 43.09709650504594 ] } },
{ "type": "Feature", "properties": { "sample_order": 828, "property_id": "14917000020121100000", "latitude": 43.096720547847788, "longitude": -77.616994204954494, "cache_origin": "validated_milestone_1_baseline" }, "geometry": { "type": "Point", "coordinates": [ -77.616994204954494, 43.096720547847788 ] } },
{ "type": "Feature", "properties": { "sample_order": 829, "property_id": "14917000020221100000", "latitude": 43.095271448216387, "longitude": -77.617383258117528, "cache_origin": "validated_milestone_1_baseline" }, "geometry": { "type": "Point", "coordinates": [ -77.617383258117528, 43.095271448216387 ] } },
{ "type": "Feature", "properties": { "sample_order": 830, "property_id": "14917000020235000000", "latitude": 43.095919805438029, "longitude": -77.618206997063396, "cache_origin": "validated_milestone_1_baseline" }, "geometry": { "type": "Point", "coordinates": [ -77.618206997063396, 43.095919805438029 ] } },
{ "type": "Feature", "properties": { "sample_order": 831, "property_id": "14917000020110000000", "latitude": 43.09681469249594, "longitude": -77.6178051572806, "cache_origin": "validated_milestone_1_baseline" }, "geometry": { "type": "Point", "coordinates": [ -77.6178051572806, 43.09681469249594 ] } },
{ "type": "Feature", "properties": { "sample_order": 832, "property_id": "14913000010171000000", "latitude": 43.097911063841259, "longitude": -77.618126105568678, "cache_origin": "validated_milestone_1_baseline" }, "geometry": { "type": "Point", "coordinates": [ -77.618126105568678, 43.097911063841259 ] } },
{ "type": "Feature", "properties": { "sample_order": 833, "property_id": "14913000010160000000", "latitude": 43.098132106781797, "longitude": -77.617570716754372, "cache_origin": "validated_milestone_1_baseline" }, "geometry": { "type": "Point", "coordinates": [ -77.617570716754372, 43.098132106781797 ] } },
{ "type": "Feature", "properties": { "sample_order": 834, "property_id": "14913000010172000000", "latitude": 43.098427483207509, "longitude": -77.618214756710799, "cache_origin": "validated_milestone_1_baseline" }, "geometry": { "type": "Point", "coordinates": [ -77.618214756710799, 43.098427483207509 ] } },
{ "type": "Feature", "properties": { "sample_order": 835, "property_id": "14913000010150000000", "latitude": 43.098156085171411, "longitude": -77.616923785121074, "cache_origin": "validated_milestone_1_baseline" }, "geometry": { "type": "Point", "coordinates": [ -77.616923785121074, 43.098156085171411 ] } },
{ "type": "Feature", "properties": { "sample_order": 836, "property_id": "14913000010140000000", "latitude": 43.098198339221831, "longitude": -77.615847507290951, "cache_origin": "validated_milestone_1_baseline" }, "geometry": { "type": "Point", "coordinates": [ -77.615847507290951, 43.098198339221831 ] } },
{ "type": "Feature", "properties": { "sample_order": 837, "property_id": "14913000010130000000", "latitude": 43.098412444634846, "longitude": -77.614537875896119, "cache_origin": "validated_milestone_1_baseline" }, "geometry": { "type": "Point", "coordinates": [ -77.614537875896119, 43.098412444634846 ] } },
{ "type": "Feature", "properties": { "sample_order": 838, "property_id": "14918000020012000000", "latitude": 43.096178631478523, "longitude": -77.613264930799161, "cache_origin": "validated_milestone_1_baseline" }, "geometry": { "type": "Point", "coordinates": [ -77.613264930799161, 43.096178631478523 ] } },
{ "type": "Feature", "properties": { "sample_order": 839, "property_id": "14913000010080000000", "latitude": 43.100219593239288, "longitude": -77.616650317287309, "cache_origin": "validated_milestone_1_baseline" }, "geometry": { "type": "Point", "coordinates": [ -77.616650317287309, 43.100219593239288 ] } },
{ "type": "Feature", "properties": { "sample_order": 840, "property_id": "14913000010110000000", "latitude": 43.09915754646839, "longitude": -77.614828069462121, "cache_origin": "validated_milestone_1_baseline" }, "geometry": { "type": "Point", "coordinates": [ -77.614828069462121, 43.09915754646839 ] } },
{ "type": "Feature", "properties": { "sample_order": 841, "property_id": "14913000010120000000", "latitude": 43.098890333864119, "longitude": -77.614697148094294, "cache_origin": "validated_milestone_1_baseline" }, "geometry": { "type": "Point", "coordinates": [ -77.614697148094294, 43.098890333864119 ] } },
{ "type": "Feature", "properties": { "sample_order": 842, "property_id": "14913000010100000000", "latitude": 43.098936919807997, "longitude": -77.617130560231473, "cache_origin": "validated_milestone_1_baseline" }, "geometry": { "type": "Point", "coordinates": [ -77.617130560231473, 43.098936919807997 ] } },
{ "type": "Feature", "properties": { "sample_order": 843, "property_id": "14913000010070000000", "latitude": 43.101215786025101, "longitude": -77.615266846172773, "cache_origin": "validated_milestone_1_baseline" }, "geometry": { "type": "Point", "coordinates": [ -77.615266846172773, 43.101215786025101 ] } },
{ "type": "Feature", "properties": { "sample_order": 844, "property_id": "14913000010060000000", "latitude": 43.101533128083197, "longitude": -77.615389961180767, "cache_origin": "validated_milestone_1_baseline" }, "geometry": { "type": "Point", "coordinates": [ -77.615389961180767, 43.101533128083197 ] } },
{ "type": "Feature", "properties": { "sample_order": 845, "property_id": "14913000010050000000", "latitude": 43.101837934320571, "longitude": -77.615508214506448, "cache_origin": "validated_milestone_1_baseline" }, "geometry": { "type": "Point", "coordinates": [ -77.615508214506448, 43.101837934320571 ] } },
{ "type": "Feature", "properties": { "sample_order": 846, "property_id": "14913000010040000000", "latitude": 43.102155483695569, "longitude": -77.615631663687736, "cache_origin": "validated_milestone_1_baseline" }, "geometry": { "type": "Point", "coordinates": [ -77.615631663687736, 43.102155483695569 ] } },
{ "type": "Feature", "properties": { "sample_order": 847, "property_id": "14909000010058000000", "latitude": 43.102424191908668, "longitude": -77.616644786360112, "cache_origin": "validated_milestone_1_baseline" }, "geometry": { "type": "Point", "coordinates": [ -77.616644786360112, 43.102424191908668 ] } },
{ "type": "Feature", "properties": { "sample_order": 848, "property_id": "14909000010057000000", "latitude": 43.102334608424371, "longitude": -77.617746333799175, "cache_origin": "validated_milestone_1_baseline" }, "geometry": { "type": "Point", "coordinates": [ -77.617746333799175, 43.102334608424371 ] } },
{ "type": "Feature", "properties": { "sample_order": 849, "property_id": "14909000010051350000", "latitude": 43.10274370131134, "longitude": -77.617511621083423, "cache_origin": "validated_milestone_1_baseline" }, "geometry": { "type": "Point", "coordinates": [ -77.617511621083423, 43.10274370131134 ] } },
{ "type": "Feature", "properties": { "sample_order": 850, "property_id": "14909000010141720000", "latitude": 43.103470924310713, "longitude": -77.617112890369825, "cache_origin": "validated_milestone_1_baseline" }, "geometry": { "type": "Point", "coordinates": [ -77.617112890369825, 43.103470924310713 ] } },
{ "type": "Feature", "properties": { "sample_order": 851, "property_id": "14909000010051030000", "latitude": 43.103323548834346, "longitude": -77.61803971818108, "cache_origin": "validated_milestone_1_baseline" }, "geometry": { "type": "Point", "coordinates": [ -77.61803971818108, 43.103323548834346 ] } },
{ "type": "Feature", "properties": { "sample_order": 852, "property_id": "14909000010141320000", "latitude": 43.103725504429413, "longitude": -77.617484254806598, "cache_origin": "validated_milestone_1_baseline" }, "geometry": { "type": "Point", "coordinates": [ -77.617484254806598, 43.103725504429413 ] } },
{ "type": "Feature", "properties": { "sample_order": 853, "property_id": "14909000010141420000", "latitude": 43.103671127036073, "longitude": -77.617404987465932, "cache_origin": "validated_milestone_1_baseline" }, "geometry": { "type": "Point", "coordinates": [ -77.617404987465932, 43.103671127036073 ] } },
{ "type": "Feature", "properties": { "sample_order": 854, "property_id": "14909000010051040000", "latitude": 43.103272635446892, "longitude": -77.617952719040744, "cache_origin": "validated_milestone_1_baseline" }, "geometry": { "type": "Point", "coordinates": [ -77.617952719040744, 43.103272635446892 ] } },
{ "type": "Feature", "properties": { "sample_order": 855, "property_id": "14909000010051050000", "latitude": 43.103170235304091, "longitude": -77.61782429049785, "cache_origin": "validated_milestone_1_baseline" }, "geometry": { "type": "Point", "coordinates": [ -77.61782429049785, 43.103170235304091 ] } },
{ "type": "Feature", "properties": { "sample_order": 856, "property_id": "14909000010141620000", "latitude": 43.103557689792993, "longitude": -77.617239613012018, "cache_origin": "validated_milestone_1_baseline" }, "geometry": { "type": "Point", "coordinates": [ -77.617239613012018, 43.103557689792993 ] } },
{ "type": "Feature", "properties": { "sample_order": 857, "property_id": "14909000010141520000", "latitude": 43.103616752873862, "longitude": -77.617325715633683, "cache_origin": "validated_milestone_1_baseline" }, "geometry": { "type": "Point", "coordinates": [ -77.617325715633683, 43.103616752873862 ] } },
{ "type": "Feature", "properties": { "sample_order": 858, "property_id": "14909000010141220000", "latitude": 43.103794877708594, "longitude": -77.617585394327804, "cache_origin": "validated_milestone_1_baseline" }, "geometry": { "type": "Point", "coordinates": [ -77.617585394327804, 43.103794877708594 ] } },
{ "type": "Feature", "properties": { "sample_order": 859, "property_id": "14909000010141120000", "latitude": 43.10387822300283, "longitude": -77.617706895961575, "cache_origin": "validated_milestone_1_baseline" }, "geometry": { "type": "Point", "coordinates": [ -77.617706895961575, 43.10387822300283 ] } },
{ "type": "Feature", "properties": { "sample_order": 860, "property_id": "14909000010051010000", "latitude": 43.103482707171267, "longitude": -77.618273448139902, "cache_origin": "validated_milestone_1_baseline" }, "geometry": { "type": "Point", "coordinates": [ -77.618273448139902, 43.103482707171267 ] } },
{ "type": "Feature", "properties": { "sample_order": 861, "property_id": "14909000010146000000", "latitude": 43.104369503083817, "longitude": -77.616628653515932, "cache_origin": "validated_milestone_1_baseline" }, "geometry": { "type": "Point", "coordinates": [ -77.616628653515932, 43.104369503083817 ] } },
{ "type": "Feature", "properties": { "sample_order": 862, "property_id": "14909000010152020000", "latitude": 43.103291112264152, "longitude": -77.616260424199496, "cache_origin": "validated_milestone_1_baseline" }, "geometry": { "type": "Point", "coordinates": [ -77.616260424199496, 43.103291112264152 ] } },
{ "type": "Feature", "properties": { "sample_order": 863, "property_id": "14909000010059100000", "latitude": 43.10249749412705, "longitude": -77.615782219532733, "cache_origin": "validated_milestone_1_baseline" }, "geometry": { "type": "Point", "coordinates": [ -77.615782219532733, 43.10249749412705 ] } },
{ "type": "Feature", "properties": { "sample_order": 864, "property_id": "14919000020080000000", "latitude": 43.09584359993525, "longitude": -77.599835198149961, "cache_origin": "validated_milestone_1_baseline" }, "geometry": { "type": "Point", "coordinates": [ -77.599835198149961, 43.09584359993525 ] } },
{ "type": "Feature", "properties": { "sample_order": 865, "property_id": "14919000020060000000", "latitude": 43.095866921293002, "longitude": -77.600427954185122, "cache_origin": "validated_milestone_1_baseline" }, "geometry": { "type": "Point", "coordinates": [ -77.600427954185122, 43.095866921293002 ] } },
{ "type": "Feature", "properties": { "sample_order": 866, "property_id": "14919000020070000000", "latitude": 43.095563081738767, "longitude": -77.600383623224175, "cache_origin": "validated_milestone_1_baseline" }, "geometry": { "type": "Point", "coordinates": [ -77.600383623224175, 43.095563081738767 ] } },
{ "type": "Feature", "properties": { "sample_order": 867, "property_id": "14919000020090000000", "latitude": 43.095719069651508, "longitude": -77.599423408627075, "cache_origin": "validated_milestone_1_baseline" }, "geometry": { "type": "Point", "coordinates": [ -77.599423408627075, 43.095719069651508 ] } },
{ "type": "Feature", "properties": { "sample_order": 868, "property_id": "14919000020111000000", "latitude": 43.096234498643568, "longitude": -77.599235615816937, "cache_origin": "validated_milestone_1_baseline" }, "geometry": { "type": "Point", "coordinates": [ -77.599235615816937, 43.096234498643568 ] } },
{ "type": "Feature", "properties": { "sample_order": 869, "property_id": "14919000020100000000", "latitude": 43.09572069709268, "longitude": -77.599048753661421, "cache_origin": "validated_milestone_1_baseline" }, "geometry": { "type": "Point", "coordinates": [ -77.599048753661421, 43.09572069709268 ] } },
{ "type": "Feature", "properties": { "sample_order": 870, "property_id": "14919000020040000000", "latitude": 43.096409443242877, "longitude": -77.60016174653552, "cache_origin": "validated_milestone_1_baseline" }, "geometry": { "type": "Point", "coordinates": [ -77.60016174653552, 43.096409443242877 ] } },
{ "type": "Feature", "properties": { "sample_order": 871, "property_id": "14919000020030000000", "latitude": 43.096655034044296, "longitude": -77.600132939360975, "cache_origin": "validated_milestone_1_baseline" }, "geometry": { "type": "Point", "coordinates": [ -77.600132939360975, 43.096655034044296 ] } },
{ "type": "Feature", "properties": { "sample_order": 872, "property_id": "14919000020020000000", "latitude": 43.096900500542269, "longitude": -77.600099251639506, "cache_origin": "validated_milestone_1_baseline" }, "geometry": { "type": "Point", "coordinates": [ -77.600099251639506, 43.096900500542269 ] } },
{ "type": "Feature", "properties": { "sample_order": 873, "property_id": "14919000020120000000", "latitude": 43.097019637844198, "longitude": -77.599281443371169, "cache_origin": "validated_milestone_1_baseline" }, "geometry": { "type": "Point", "coordinates": [ -77.599281443371169, 43.097019637844198 ] } },
{ "type": "Feature", "properties": { "sample_order": 874, "property_id": "14919000020010000000", "latitude": 43.09714695325578, "longitude": -77.600069936018528, "cache_origin": "validated_milestone_1_baseline" }, "geometry": { "type": "Point", "coordinates": [ -77.600069936018528, 43.09714695325578 ] } },
{ "type": "Feature", "properties": { "sample_order": 875, "property_id": "14919000020050000000", "latitude": 43.096156271872616, "longitude": -77.600409938472112, "cache_origin": "validated_milestone_1_baseline" }, "geometry": { "type": "Point", "coordinates": [ -77.600409938472112, 43.096156271872616 ] } },
{ "type": "Feature", "properties": { "sample_order": 876, "property_id": "14915000010450000000", "latitude": 43.098489996849096, "longitude": -77.599563429030425, "cache_origin": "validated_milestone_1_baseline" }, "geometry": { "type": "Point", "coordinates": [ -77.599563429030425, 43.098489996849096 ] } },
{ "type": "Feature", "properties": { "sample_order": 877, "property_id": "14915000010440000000", "latitude": 43.098078794908893, "longitude": -77.599779648129413, "cache_origin": "validated_milestone_1_baseline" }, "geometry": { "type": "Point", "coordinates": [ -77.599779648129413, 43.098078794908893 ] } },
{ "type": "Feature", "properties": { "sample_order": 878, "property_id": "14915000010430000000", "latitude": 43.097852444574222, "longitude": -77.599810560954964, "cache_origin": "validated_milestone_1_baseline" }, "geometry": { "type": "Point", "coordinates": [ -77.599810560954964, 43.097852444574222 ] } },
{ "type": "Feature", "properties": { "sample_order": 879, "property_id": "14915000010420000000", "latitude": 43.097626006162606, "longitude": -77.599841485458626, "cache_origin": "validated_milestone_1_baseline" }, "geometry": { "type": "Point", "coordinates": [ -77.599841485458626, 43.097626006162606 ] } },
{ "type": "Feature", "properties": { "sample_order": 880, "property_id": "14915000010461000000", "latitude": 43.09849325224009, "longitude": -77.597951220793377, "cache_origin": "validated_milestone_1_baseline" }, "geometry": { "type": "Point", "coordinates": [ -77.597951220793377, 43.09849325224009 ] } },
{ "type": "Feature", "properties": { "sample_order": 881, "property_id": "14919000020112000000", "latitude": 43.096573831753538, "longitude": -77.599223118454702, "cache_origin": "validated_milestone_1_baseline" }, "geometry": { "type": "Point", "coordinates": [ -77.599223118454702, 43.096573831753538 ] } },
{ "type": "Feature", "properties": { "sample_order": 882, "property_id": "14915000010410000000", "latitude": 43.097423103484189, "longitude": -77.599218180415576, "cache_origin": "validated_milestone_1_baseline" }, "geometry": { "type": "Point", "coordinates": [ -77.599218180415576, 43.097423103484189 ] } },
{ "type": "Feature", "properties": { "sample_order": 883, "property_id": "14919000020130000000", "latitude": 43.096649379739837, "longitude": -77.597955618944994, "cache_origin": "validated_milestone_1_baseline" }, "geometry": { "type": "Point", "coordinates": [ -77.597955618944994, 43.096649379739837 ] } },
{ "type": "Feature", "properties": { "sample_order": 884, "property_id": "14915000010281000000", "latitude": 43.101261528676837, "longitude": -77.597800250825046, "cache_origin": "validated_milestone_1_baseline" }, "geometry": { "type": "Point", "coordinates": [ -77.597800250825046, 43.101261528676837 ] } },
{ "type": "Feature", "properties": { "sample_order": 885, "property_id": "14915000010271000000", "latitude": 43.101270931693193, "longitude": -77.59809455238684, "cache_origin": "validated_milestone_1_baseline" }, "geometry": { "type": "Point", "coordinates": [ -77.59809455238684, 43.101270931693193 ] } },
{ "type": "Feature", "properties": { "sample_order": 886, "property_id": "14915000010251000000", "latitude": 43.101277545811762, "longitude": -77.598351010620689, "cache_origin": "validated_milestone_1_baseline" }, "geometry": { "type": "Point", "coordinates": [ -77.598351010620689, 43.101277545811762 ] } },
{ "type": "Feature", "properties": { "sample_order": 887, "property_id": "14915000010241000000", "latitude": 43.101282107611723, "longitude": -77.59860179150192, "cache_origin": "validated_milestone_1_baseline" }, "geometry": { "type": "Point", "coordinates": [ -77.59860179150192, 43.101282107611723 ] } },
{ "type": "Feature", "properties": { "sample_order": 888, "property_id": "14915000010401000000", "latitude": 43.099490967302962, "longitude": -77.599295978112451, "cache_origin": "validated_milestone_1_baseline" }, "geometry": { "type": "Point", "coordinates": [ -77.599295978112451, 43.099490967302962 ] } },
{ "type": "Feature", "properties": { "sample_order": 889, "property_id": "14915000010470000000", "latitude": 43.098985972001216, "longitude": -77.599502154046576, "cache_origin": "validated_milestone_1_baseline" }, "geometry": { "type": "Point", "coordinates": [ -77.599502154046576, 43.098985972001216 ] } },
{ "type": "Feature", "properties": { "sample_order": 890, "property_id": "14915000010480000000", "latitude": 43.099954354987005, "longitude": -77.598194683998315, "cache_origin": "validated_milestone_1_baseline" }, "geometry": { "type": "Point", "coordinates": [ -77.598194683998315, 43.099954354987005 ] } },
{ "type": "Feature", "properties": { "sample_order": 891, "property_id": "1491400001001000SPTS", "latitude": 43.097971153664517, "longitude": -77.602712519072981, "cache_origin": "validated_milestone_1_baseline" }, "geometry": { "type": "Point", "coordinates": [ -77.602712519072981, 43.097971153664517 ] } },
{ "type": "Feature", "properties": { "sample_order": 892, "property_id": "14915000010221000000", "latitude": 43.101286668099576, "longitude": -77.59885257058653, "cache_origin": "validated_milestone_1_baseline" }, "geometry": { "type": "Point", "coordinates": [ -77.59885257058653, 43.101286668099576 ] } },
{ "type": "Feature", "properties": { "sample_order": 893, "property_id": "14915000010211000000", "latitude": 43.101288395745783, "longitude": -77.59917292957978, "cache_origin": "validated_milestone_1_baseline" }, "geometry": { "type": "Point", "coordinates": [ -77.59917292957978, 43.101288395745783 ] } },
{ "type": "Feature", "properties": { "sample_order": 894, "property_id": "14915000010061000000", "latitude": 43.101878556584992, "longitude": -77.598985005615603, "cache_origin": "validated_milestone_1_baseline" }, "geometry": { "type": "Point", "coordinates": [ -77.598985005615603, 43.101878556584992 ] } },
{ "type": "Feature", "properties": { "sample_order": 895, "property_id": "14915000010070000000", "latitude": 43.101696562281091, "longitude": -77.599002997972434, "cache_origin": "validated_milestone_1_baseline" }, "geometry": { "type": "Point", "coordinates": [ -77.599002997972434, 43.101696562281091 ] } },
{ "type": "Feature", "properties": { "sample_order": 896, "property_id": "14915000010051000000", "latitude": 43.10204288318846, "longitude": -77.59896768340198, "cache_origin": "validated_milestone_1_baseline" }, "geometry": { "type": "Point", "coordinates": [ -77.59896768340198, 43.10204288318846 ] } },
{ "type": "Feature", "properties": { "sample_order": 897, "property_id": "14914000010010000BRC", "latitude": 43.102127776152081, "longitude": -77.60300530787184, "cache_origin": "validated_milestone_1_baseline" }, "geometry": { "type": "Point", "coordinates": [ -77.60300530787184, 43.102127776152081 ] } },
{ "type": "Feature", "properties": { "sample_order": 898, "property_id": "14911000010230000000", "latitude": 43.103983052627783, "longitude": -77.598476017480664, "cache_origin": "validated_milestone_1_baseline" }, "geometry": { "type": "Point", "coordinates": [ -77.598476017480664, 43.103983052627783 ] } },
{ "type": "Feature", "properties": { "sample_order": 899, "property_id": "14911000010240000000", "latitude": 43.103760523607811, "longitude": -77.59862876521494, "cache_origin": "validated_milestone_1_baseline" }, "geometry": { "type": "Point", "coordinates": [ -77.59862876521494, 43.103760523607811 ] } },
{ "type": "Feature", "properties": { "sample_order": 900, "property_id": "14911000010250000000", "latitude": 43.103554737030947, "longitude": -77.598669033095902, "cache_origin": "validated_milestone_1_baseline" }, "geometry": { "type": "Point", "coordinates": [ -77.598669033095902, 43.103554737030947 ] } },
{ "type": "Feature", "properties": { "sample_order": 901, "property_id": "14911000010261000000", "latitude": 43.103391991875903, "longitude": -77.598723423391377, "cache_origin": "validated_milestone_1_baseline" }, "geometry": { "type": "Point", "coordinates": [ -77.598723423391377, 43.103391991875903 ] } },
{ "type": "Feature", "properties": { "sample_order": 902, "property_id": "14911000010271000000", "latitude": 43.103226189881134, "longitude": -77.59877374791192, "cache_origin": "validated_milestone_1_baseline" }, "geometry": { "type": "Point", "coordinates": [ -77.59877374791192, 43.103226189881134 ] } },
{ "type": "Feature", "properties": { "sample_order": 903, "property_id": "14911000010301000000", "latitude": 43.102891530744159, "longitude": -77.598857233741157, "cache_origin": "validated_milestone_1_baseline" }, "geometry": { "type": "Point", "coordinates": [ -77.598857233741157, 43.102891530744159 ] } },
{ "type": "Feature", "properties": { "sample_order": 904, "property_id": "14911000010281000000", "latitude": 43.103060977732127, "longitude": -77.598818069889717, "cache_origin": "validated_milestone_1_baseline" }, "geometry": { "type": "Point", "coordinates": [ -77.598818069889717, 43.103060977732127 ] } },
{ "type": "Feature", "properties": { "sample_order": 905, "property_id": "14911000010311000000", "latitude": 43.102717282851728, "longitude": -77.598890869360346, "cache_origin": "validated_milestone_1_baseline" }, "geometry": { "type": "Point", "coordinates": [ -77.598890869360346, 43.102717282851728 ] } },
{ "type": "Feature", "properties": { "sample_order": 906, "property_id": "14915000010011000000", "latitude": 43.102542360209767, "longitude": -77.598917843073394, "cache_origin": "validated_milestone_1_baseline" }, "geometry": { "type": "Point", "coordinates": [ -77.598917843073394, 43.102542360209767 ] } },
{ "type": "Feature", "properties": { "sample_order": 907, "property_id": "14915000010021000000", "latitude": 43.102371994851403, "longitude": -77.598933432436823, "cache_origin": "validated_milestone_1_baseline" }, "geometry": { "type": "Point", "coordinates": [ -77.598933432436823, 43.102371994851403 ] } },
{ "type": "Feature", "properties": { "sample_order": 908, "property_id": "14915000010031000000", "latitude": 43.102207206727286, "longitude": -77.598950361188358, "cache_origin": "validated_milestone_1_baseline" }, "geometry": { "type": "Point", "coordinates": [ -77.598950361188358, 43.102207206727286 ] } },
{ "type": "Feature", "properties": { "sample_order": 909, "property_id": "14915000010091000000", "latitude": 43.101893411967403, "longitude": -77.598261394687938, "cache_origin": "validated_milestone_1_baseline" }, "geometry": { "type": "Point", "coordinates": [ -77.598261394687938, 43.101893411967403 ] } },
{ "type": "Feature", "properties": { "sample_order": 910, "property_id": "14915000010101000000", "latitude": 43.102057975964527, "longitude": -77.598255820641612, "cache_origin": "validated_milestone_1_baseline" }, "geometry": { "type": "Point", "coordinates": [ -77.598255820641612, 43.102057975964527 ] } },
{ "type": "Feature", "properties": { "sample_order": 911, "property_id": "14915000010111000000", "latitude": 43.102222540831136, "longitude": -77.598250246595271, "cache_origin": "validated_milestone_1_baseline" }, "geometry": { "type": "Point", "coordinates": [ -77.598250246595271, 43.102222540831136 ] } },
{ "type": "Feature", "properties": { "sample_order": 912, "property_id": "14915000010121000000", "latitude": 43.102385823645619, "longitude": -77.598245705611504, "cache_origin": "validated_milestone_1_baseline" }, "geometry": { "type": "Point", "coordinates": [ -77.598245705611504, 43.102385823645619 ] } },
{ "type": "Feature", "properties": { "sample_order": 913, "property_id": "14915000010171000000", "latitude": 43.102210459297041, "longitude": -77.597819941896077, "cache_origin": "validated_milestone_1_baseline" }, "geometry": { "type": "Point", "coordinates": [ -77.597819941896077, 43.102210459297041 ] } },
{ "type": "Feature", "properties": { "sample_order": 914, "property_id": "14915000010161000000", "latitude": 43.102376623470654, "longitude": -77.597815483557312, "cache_origin": "validated_milestone_1_baseline" }, "geometry": { "type": "Point", "coordinates": [ -77.597815483557312, 43.102376623470654 ] } },
{ "type": "Feature", "properties": { "sample_order": 915, "property_id": "14915000010141000000", "latitude": 43.102549788804708, "longitude": -77.597806252469454, "cache_origin": "validated_milestone_1_baseline" }, "geometry": { "type": "Point", "coordinates": [ -77.597806252469454, 43.102549788804708 ] } },
{ "type": "Feature", "properties": { "sample_order": 916, "property_id": "14911000010421000000", "latitude": 43.10272700047009, "longitude": -77.597773702913457, "cache_origin": "validated_milestone_1_baseline" }, "geometry": { "type": "Point", "coordinates": [ -77.597773702913457, 43.10272700047009 ] } },
{ "type": "Feature", "properties": { "sample_order": 917, "property_id": "14915000010131000000", "latitude": 43.102547137702842, "longitude": -77.598238151678274, "cache_origin": "validated_milestone_1_baseline" }, "geometry": { "type": "Point", "coordinates": [ -77.598238151678274, 43.102547137702842 ] } },
{ "type": "Feature", "properties": { "sample_order": 918, "property_id": "14911000010321000000", "latitude": 43.102706858841593, "longitude": -77.598214118151162, "cache_origin": "validated_milestone_1_baseline" }, "geometry": { "type": "Point", "coordinates": [ -77.598214118151162, 43.102706858841593 ] } },
{ "type": "Feature", "properties": { "sample_order": 919, "property_id": "14911000010331000000", "latitude": 43.102864891970896, "longitude": -77.598174971367726, "cache_origin": "validated_milestone_1_baseline" }, "geometry": { "type": "Point", "coordinates": [ -77.598174971367726, 43.102864891970896 ] } },
{ "type": "Feature", "properties": { "sample_order": 920, "property_id": "14911000010351000000", "latitude": 43.103162202717037, "longitude": -77.598057840936136, "cache_origin": "validated_milestone_1_baseline" }, "geometry": { "type": "Point", "coordinates": [ -77.598057840936136, 43.103162202717037 ] } },
{ "type": "Feature", "properties": { "sample_order": 921, "property_id": "14911000010341000000", "latitude": 43.103016809233736, "longitude": -77.598122411838759, "cache_origin": "validated_milestone_1_baseline" }, "geometry": { "type": "Point", "coordinates": [ -77.598122411838759, 43.103016809233736 ] } },
{ "type": "Feature", "properties": { "sample_order": 922, "property_id": "14911000010401000000", "latitude": 43.103071188520005, "longitude": -77.597644997689443, "cache_origin": "validated_milestone_1_baseline" }, "geometry": { "type": "Point", "coordinates": [ -77.597644997689443, 43.103071188520005 ] } },
{ "type": "Feature", "properties": { "sample_order": 923, "property_id": "14911000010380000000", "latitude": 43.103379048090758, "longitude": -77.597473095178358, "cache_origin": "validated_milestone_1_baseline" }, "geometry": { "type": "Point", "coordinates": [ -77.597473095178358, 43.103379048090758 ] } },
{ "type": "Feature", "properties": { "sample_order": 924, "property_id": "14911000010390000000", "latitude": 43.103218854503446, "longitude": -77.597559618211577, "cache_origin": "validated_milestone_1_baseline" }, "geometry": { "type": "Point", "coordinates": [ -77.597559618211577, 43.103218854503446 ] } },
{ "type": "Feature", "properties": { "sample_order": 925, "property_id": "14911000010411000000", "latitude": 43.102901395253099, "longitude": -77.597719819267766, "cache_origin": "validated_milestone_1_baseline" }, "geometry": { "type": "Point", "coordinates": [ -77.597719819267766, 43.102901395253099 ] } },
{ "type": "Feature", "properties": { "sample_order": 926, "property_id": "14911000010450000000", "latitude": 43.102833145149319, "longitude": -77.596978196220348, "cache_origin": "validated_milestone_1_baseline" }, "geometry": { "type": "Point", "coordinates": [ -77.596978196220348, 43.102833145149319 ] } },
{ "type": "Feature", "properties": { "sample_order": 927, "property_id": "14911000010460000000", "latitude": 43.102979438941659, "longitude": -77.59699593255732, "cache_origin": "validated_milestone_1_baseline" }, "geometry": { "type": "Point", "coordinates": [ -77.59699593255732, 43.102979438941659 ] } },
{ "type": "Feature", "properties": { "sample_order": 928, "property_id": "14911000010470000000", "latitude": 43.103164424845446, "longitude": -77.596884212678688, "cache_origin": "validated_milestone_1_baseline" }, "geometry": { "type": "Point", "coordinates": [ -77.596884212678688, 43.103164424845446 ] } },
{ "type": "Feature", "properties": { "sample_order": 929, "property_id": "14911000010480000000", "latitude": 43.103018400407372, "longitude": -77.596633749801057, "cache_origin": "validated_milestone_1_baseline" }, "geometry": { "type": "Point", "coordinates": [ -77.596633749801057, 43.103018400407372 ] } },
{ "type": "Feature", "properties": { "sample_order": 930, "property_id": "14911000010170000000", "latitude": 43.103707332069803, "longitude": -77.597105835144106, "cache_origin": "validated_milestone_1_baseline" }, "geometry": { "type": "Point", "coordinates": [ -77.597105835144106, 43.103707332069803 ] } },
{ "type": "Feature", "properties": { "sample_order": 931, "property_id": "14911000010180000000", "latitude": 43.103760210755098, "longitude": -77.597278581173242, "cache_origin": "validated_milestone_1_baseline" }, "geometry": { "type": "Point", "coordinates": [ -77.597278581173242, 43.103760210755098 ] } },
{ "type": "Feature", "properties": { "sample_order": 932, "property_id": "14911000010371000000", "latitude": 43.10346945251878, "longitude": -77.597853547870855, "cache_origin": "validated_milestone_1_baseline" }, "geometry": { "type": "Point", "coordinates": [ -77.597853547870855, 43.10346945251878 ] } },
{ "type": "Feature", "properties": { "sample_order": 933, "property_id": "14911000010361000000", "latitude": 43.103307130835816, "longitude": -77.597976940458281, "cache_origin": "validated_milestone_1_baseline" }, "geometry": { "type": "Point", "coordinates": [ -77.597976940458281, 43.103307130835816 ] } },
{ "type": "Feature", "properties": { "sample_order": 934, "property_id": "14911000010200000000", "latitude": 43.103878666373895, "longitude": -77.597634741623835, "cache_origin": "validated_milestone_1_baseline" }, "geometry": { "type": "Point", "coordinates": [ -77.597634741623835, 43.103878666373895 ] } },
{ "type": "Feature", "properties": { "sample_order": 935, "property_id": "14911000010190000000", "latitude": 43.103813087427113, "longitude": -77.597451328100689, "cache_origin": "validated_milestone_1_baseline" }, "geometry": { "type": "Point", "coordinates": [ -77.597451328100689, 43.103813087427113 ] } },
{ "type": "Feature", "properties": { "sample_order": 936, "property_id": "14911000010210000000", "latitude": 43.103934879373625, "longitude": -77.5978572956422, "cache_origin": "validated_milestone_1_baseline" }, "geometry": { "type": "Point", "coordinates": [ -77.5978572956422, 43.103934879373625 ] } },
{ "type": "Feature", "properties": { "sample_order": 937, "property_id": "14911000010220000000", "latitude": 43.104000626093423, "longitude": -77.598161576588524, "cache_origin": "validated_milestone_1_baseline" }, "geometry": { "type": "Point", "coordinates": [ -77.598161576588524, 43.104000626093423 ] } },
{ "type": "Feature", "properties": { "sample_order": 938, "property_id": "14911000010160000000", "latitude": 43.103654453994679, "longitude": -77.596933088216673, "cache_origin": "validated_milestone_1_baseline" }, "geometry": { "type": "Point", "coordinates": [ -77.596933088216673, 43.103654453994679 ] } },
{ "type": "Feature", "properties": { "sample_order": 939, "property_id": "14911000010150000000", "latitude": 43.103601576529762, "longitude": -77.596760342187522, "cache_origin": "validated_milestone_1_baseline" }, "geometry": { "type": "Point", "coordinates": [ -77.596760342187522, 43.103601576529762 ] } },
{ "type": "Feature", "properties": { "sample_order": 940, "property_id": "14911000010140000000", "latitude": 43.103548697707438, "longitude": -77.596587597056697, "cache_origin": "validated_milestone_1_baseline" }, "geometry": { "type": "Point", "coordinates": [ -77.596587597056697, 43.103548697707438 ] } },
{ "type": "Feature", "properties": { "sample_order": 941, "property_id": "14911000010130000000", "latitude": 43.103495820151181, "longitude": -77.596414851027575, "cache_origin": "validated_milestone_1_baseline" }, "geometry": { "type": "Point", "coordinates": [ -77.596414851027575, 43.103495820151181 ] } },
{ "type": "Feature", "properties": { "sample_order": 942, "property_id": "14911000010120000000", "latitude": 43.10344294058158, "longitude": -77.596242105896749, "cache_origin": "validated_milestone_1_baseline" }, "geometry": { "type": "Point", "coordinates": [ -77.596242105896749, 43.10344294058158 ] } },
{ "type": "Feature", "properties": { "sample_order": 943, "property_id": "14911000010110000000", "latitude": 43.103390061622243, "longitude": -77.596069361664235, "cache_origin": "validated_milestone_1_baseline" }, "geometry": { "type": "Point", "coordinates": [ -77.596069361664235, 43.103390061622243 ] } },
{ "type": "Feature", "properties": { "sample_order": 944, "property_id": "14911000010080000000", "latitude": 43.103231422502461, "longitude": -77.595551128966719, "cache_origin": "validated_milestone_1_baseline" }, "geometry": { "type": "Point", "coordinates": [ -77.595551128966719, 43.103231422502461 ] } },
{ "type": "Feature", "properties": { "sample_order": 945, "property_id": "14911000010090000000", "latitude": 43.103284302910609, "longitude": -77.595723872300908, "cache_origin": "validated_milestone_1_baseline" }, "geometry": { "type": "Point", "coordinates": [ -77.595723872300908, 43.103284302910609 ] } },
{ "type": "Feature", "properties": { "sample_order": 946, "property_id": "14911000010100000000", "latitude": 43.103337182617238, "longitude": -77.595896616533409, "cache_origin": "validated_milestone_1_baseline" }, "geometry": { "type": "Point", "coordinates": [ -77.595896616533409, 43.103337182617238 ] } },
{ "type": "Feature", "properties": { "sample_order": 947, "property_id": "14911000010071000000", "latitude": 43.103173254328709, "longitude": -77.595361111029618, "cache_origin": "validated_milestone_1_baseline" }, "geometry": { "type": "Point", "coordinates": [ -77.595361111029618, 43.103173254328709 ] } },
{ "type": "Feature", "properties": { "sample_order": 948, "property_id": "14911000010051000000", "latitude": 43.103109490765277, "longitude": -77.595098006160995, "cache_origin": "validated_milestone_1_baseline" }, "geometry": { "type": "Point", "coordinates": [ -77.595098006160995, 43.103109490765277 ] } },
{ "type": "Feature", "properties": { "sample_order": 949, "property_id": "14911000010040000000", "latitude": 43.102986959963211, "longitude": -77.594791060811573, "cache_origin": "validated_milestone_1_baseline" }, "geometry": { "type": "Point", "coordinates": [ -77.594791060811573, 43.102986959963211 ] } },
{ "type": "Feature", "properties": { "sample_order": 950, "property_id": "14911000010520000000", "latitude": 43.102809650011523, "longitude": -77.595795793219196, "cache_origin": "validated_milestone_1_baseline" }, "geometry": { "type": "Point", "coordinates": [ -77.595795793219196, 43.102809650011523 ] } },
{ "type": "Feature", "properties": { "sample_order": 951, "property_id": "14911000010510000000", "latitude": 43.102848645691282, "longitude": -77.596064174791806, "cache_origin": "validated_milestone_1_baseline" }, "geometry": { "type": "Point", "coordinates": [ -77.596064174791806, 43.102848645691282 ] } },
{ "type": "Feature", "properties": { "sample_order": 952, "property_id": "14911000010500000000", "latitude": 43.10287354178481, "longitude": -77.596272629751795, "cache_origin": "validated_milestone_1_baseline" }, "geometry": { "type": "Point", "coordinates": [ -77.596272629751795, 43.10287354178481 ] } },
{ "type": "Feature", "properties": { "sample_order": 953, "property_id": "14911000010490000000", "latitude": 43.102898452953589, "longitude": -77.596481219459065, "cache_origin": "validated_milestone_1_baseline" }, "geometry": { "type": "Point", "coordinates": [ -77.596481219459065, 43.102898452953589 ] } },
{ "type": "Feature", "properties": { "sample_order": 954, "property_id": "14911000010440000000", "latitude": 43.102718567078114, "longitude": -77.597045296778788, "cache_origin": "validated_milestone_1_baseline" }, "geometry": { "type": "Point", "coordinates": [ -77.597045296778788, 43.102718567078114 ] } },
{ "type": "Feature", "properties": { "sample_order": 955, "property_id": "14911000010431000000", "latitude": 43.102583207632371, "longitude": -77.597159694535279, "cache_origin": "validated_milestone_1_baseline" }, "geometry": { "type": "Point", "coordinates": [ -77.597159694535279, 43.102583207632371 ] } },
{ "type": "Feature", "properties": { "sample_order": 956, "property_id": "14915000010371000000", "latitude": 43.102424935032005, "longitude": -77.597163756717009, "cache_origin": "validated_milestone_1_baseline" }, "geometry": { "type": "Point", "coordinates": [ -77.597163756717009, 43.102424935032005 ] } },
{ "type": "Feature", "properties": { "sample_order": 957, "property_id": "14915000010321000000", "latitude": 43.101768497825375, "longitude": -77.597131820710345, "cache_origin": "validated_milestone_1_baseline" }, "geometry": { "type": "Point", "coordinates": [ -77.597131820710345, 43.101768497825375 ] } },
{ "type": "Feature", "properties": { "sample_order": 958, "property_id": "14915000010331000000", "latitude": 43.10193547716446, "longitude": -77.59715355095706, "cache_origin": "validated_milestone_1_baseline" }, "geometry": { "type": "Point", "coordinates": [ -77.59715355095706, 43.10193547716446 ] } },
{ "type": "Feature", "properties": { "sample_order": 959, "property_id": "14915000010341000000", "latitude": 43.102100172883141, "longitude": -77.59715582549137, "cache_origin": "validated_milestone_1_baseline" }, "geometry": { "type": "Point", "coordinates": [ -77.59715582549137, 43.102100172883141 ] } },
{ "type": "Feature", "properties": { "sample_order": 960, "property_id": "14915000010361000000", "latitude": 43.102264868814672, "longitude": -77.597158099127327, "cache_origin": "validated_milestone_1_baseline" }, "geometry": { "type": "Point", "coordinates": [ -77.597158099127327, 43.102264868814672 ] } },
{ "type": "Feature", "properties": { "sample_order": 961, "property_id": "14915000010181000000", "latitude": 43.102045895053863, "longitude": -77.597825517739039, "cache_origin": "validated_milestone_1_baseline" }, "geometry": { "type": "Point", "coordinates": [ -77.597825517739039, 43.102045895053863 ] } },
{ "type": "Feature", "properties": { "sample_order": 962, "property_id": "14915000010191000000", "latitude": 43.101881524513473, "longitude": -77.59783134780524, "cache_origin": "validated_milestone_1_baseline" }, "geometry": { "type": "Point", "coordinates": [ -77.59783134780524, 43.101881524513473 ] } },
{ "type": "Feature", "properties": { "sample_order": 963, "property_id": "14915000010201000000", "latitude": 43.101701025665122, "longitude": -77.597875223320329, "cache_origin": "validated_milestone_1_baseline" }, "geometry": { "type": "Point", "coordinates": [ -77.597875223320329, 43.101701025665122 ] } },
{ "type": "Feature", "properties": { "sample_order": 964, "property_id": "14915000010080000000", "latitude": 43.101696498659003, "longitude": -77.59826417497375, "cache_origin": "validated_milestone_1_baseline" }, "geometry": { "type": "Point", "coordinates": [ -77.59826417497375, 43.101696498659003 ] } },
{ "type": "Feature", "properties": { "sample_order": 965, "property_id": "14915000010300000000", "latitude": 43.101369806920012, "longitude": -77.597164433148421, "cache_origin": "validated_milestone_1_baseline" }, "geometry": { "type": "Point", "coordinates": [ -77.597164433148421, 43.101369806920012 ] } },
{ "type": "Feature", "properties": { "sample_order": 966, "property_id": "14915000010310000000", "latitude": 43.101584965767138, "longitude": -77.597135850552718, "cache_origin": "validated_milestone_1_baseline" }, "geometry": { "type": "Point", "coordinates": [ -77.597135850552718, 43.101584965767138 ] } },
{ "type": "Feature", "properties": { "sample_order": 967, "property_id": "14915000010490000000", "latitude": 43.100661471441136, "longitude": -77.598156085187185, "cache_origin": "validated_milestone_1_baseline" }, "geometry": { "type": "Point", "coordinates": [ -77.598156085187185, 43.100661471441136 ] } },
{ "type": "Feature", "properties": { "sample_order": 968, "property_id": "14915000010290000000", "latitude": 43.101285263157123, "longitude": -77.597401803080771, "cache_origin": "validated_milestone_1_baseline" }, "geometry": { "type": "Point", "coordinates": [ -77.597401803080771, 43.101285263157123 ] } },
{ "type": "Feature", "properties": { "sample_order": 969, "property_id": "14911000010030000000", "latitude": 43.102852378990953, "longitude": -77.594347510453517, "cache_origin": "validated_milestone_1_baseline" }, "geometry": { "type": "Point", "coordinates": [ -77.594347510453517, 43.102852378990953 ] } },
{ "type": "Feature", "properties": { "sample_order": 970, "property_id": "14911000040090000000", "latitude": 43.104425768758169, "longitude": -77.593553880341034, "cache_origin": "validated_milestone_1_baseline" }, "geometry": { "type": "Point", "coordinates": [ -77.593553880341034, 43.104425768758169 ] } },
{ "type": "Feature", "properties": { "sample_order": 971, "property_id": "14911000040010000003", "latitude": 43.104783605641018, "longitude": -77.593091532735656, "cache_origin": "validated_milestone_1_baseline" }, "geometry": { "type": "Point", "coordinates": [ -77.593091532735656, 43.104783605641018 ] } },
{ "type": "Feature", "properties": { "sample_order": 972, "property_id": "14911000040010000006", "latitude": 43.104624380508447, "longitude": -77.592573629719851, "cache_origin": "validated_milestone_1_baseline" }, "geometry": { "type": "Point", "coordinates": [ -77.592573629719851, 43.104624380508447 ] } },
{ "type": "Feature", "properties": { "sample_order": 973, "property_id": "14911000040010000004", "latitude": 43.104686742876609, "longitude": -77.59277647919248, "cache_origin": "validated_milestone_1_baseline" }, "geometry": { "type": "Point", "coordinates": [ -77.59277647919248, 43.104686742876609 ] } },
{ "type": "Feature", "properties": { "sample_order": 974, "property_id": "14911000040010000005", "latitude": 43.104657072160016, "longitude": -77.592668042656214, "cache_origin": "validated_milestone_1_baseline" }, "geometry": { "type": "Point", "coordinates": [ -77.592668042656214, 43.104657072160016 ] } },
{ "type": "Feature", "properties": { "sample_order": 975, "property_id": "1491100004001000COM*", "latitude": 43.104738975344624, "longitude": -77.592931757480912, "cache_origin": "validated_milestone_1_baseline" }, "geometry": { "type": "Point", "coordinates": [ -77.592931757480912, 43.104738975344624 ] } },
{ "type": "Feature", "properties": { "sample_order": 976, "property_id": "14911000040080000000", "latitude": 43.104185246214797, "longitude": -77.592751065853079, "cache_origin": "validated_milestone_1_baseline" }, "geometry": { "type": "Point", "coordinates": [ -77.592751065853079, 43.104185246214797 ] } },
{ "type": "Feature", "properties": { "sample_order": 977, "property_id": "14911000020101000000", "latitude": 43.104667472882802, "longitude": -77.591066624982346, "cache_origin": "validated_milestone_1_baseline" }, "geometry": { "type": "Point", "coordinates": [ -77.591066624982346, 43.104667472882802 ] } },
{ "type": "Feature", "properties": { "sample_order": 978, "property_id": "14911000020111000000", "latitude": 43.10453486976558, "longitude": -77.590717251303744, "cache_origin": "validated_milestone_1_baseline" }, "geometry": { "type": "Point", "coordinates": [ -77.590717251303744, 43.10453486976558 ] } },
{ "type": "Feature", "properties": { "sample_order": 979, "property_id": "14911000040040000000", "latitude": 43.104332068686354, "longitude": -77.59151069366834, "cache_origin": "validated_milestone_1_baseline" }, "geometry": { "type": "Point", "coordinates": [ -77.59151069366834, 43.104332068686354 ] } },
{ "type": "Feature", "properties": { "sample_order": 980, "property_id": "14911000040060000000", "latitude": 43.103723313803428, "longitude": -77.591034954877017, "cache_origin": "validated_milestone_1_baseline" }, "geometry": { "type": "Point", "coordinates": [ -77.591034954877017, 43.103723313803428 ] } },
{ "type": "Feature", "properties": { "sample_order": 981, "property_id": "14911000040070000000", "latitude": 43.103943960601271, "longitude": -77.591917766137655, "cache_origin": "validated_milestone_1_baseline" }, "geometry": { "type": "Point", "coordinates": [ -77.591917766137655, 43.103943960601271 ] } },
{ "type": "Feature", "properties": { "sample_order": 982, "property_id": "149110000400300000RH", "latitude": 43.102911158098323, "longitude": -77.589083896724915, "cache_origin": "validated_milestone_1_baseline" }, "geometry": { "type": "Point", "coordinates": [ -77.589083896724915, 43.102911158098323 ] } },
{ "type": "Feature", "properties": { "sample_order": 983, "property_id": "14911000040050000000", "latitude": 43.103769381863614, "longitude": -77.590194666268673, "cache_origin": "validated_milestone_1_baseline" }, "geometry": { "type": "Point", "coordinates": [ -77.590194666268673, 43.103769381863614 ] } },
{ "type": "Feature", "properties": { "sample_order": 984, "property_id": "14911000020121000000", "latitude": 43.104416019271845, "longitude": -77.590196219455791, "cache_origin": "validated_milestone_1_baseline" }, "geometry": { "type": "Point", "coordinates": [ -77.590196219455791, 43.104416019271845 ] } },
{ "type": "Feature", "properties": { "sample_order": 985, "property_id": "14911000020130000000", "latitude": 43.104693379581512, "longitude": -77.589851168470332, "cache_origin": "validated_milestone_1_baseline" }, "geometry": { "type": "Point", "coordinates": [ -77.589851168470332, 43.104693379581512 ] } },
{ "type": "Feature", "properties": { "sample_order": 986, "property_id": "14916000010055100000", "latitude": 43.099731341685541, "longitude": -77.587333386561667, "cache_origin": "validated_milestone_1_baseline" }, "geometry": { "type": "Point", "coordinates": [ -77.587333386561667, 43.099731341685541 ] } },
{ "type": "Feature", "properties": { "sample_order": 987, "property_id": "14916000010053100000", "latitude": 43.098956517601344, "longitude": -77.585259662559224, "cache_origin": "validated_milestone_1_baseline" }, "geometry": { "type": "Point", "coordinates": [ -77.585259662559224, 43.098956517601344 ] } },
{ "type": "Feature", "properties": { "sample_order": 988, "property_id": "14916000010059000000", "latitude": 43.096821310375653, "longitude": -77.586679488493331, "cache_origin": "validated_milestone_1_baseline" }, "geometry": { "type": "Point", "coordinates": [ -77.586679488493331, 43.096821310375653 ] } },
{ "type": "Feature", "properties": { "sample_order": 989, "property_id": "14920000010030000000", "latitude": 43.096091891616453, "longitude": -77.587030906737539, "cache_origin": "validated_milestone_1_baseline" }, "geometry": { "type": "Point", "coordinates": [ -77.587030906737539, 43.096091891616453 ] } },
{ "type": "Feature", "properties": { "sample_order": 990, "property_id": "14916000010051100000", "latitude": 43.097977243389529, "longitude": -77.587094975481904, "cache_origin": "validated_milestone_1_baseline" }, "geometry": { "type": "Point", "coordinates": [ -77.587094975481904, 43.097977243389529 ] } },
{ "type": "Feature", "properties": { "sample_order": 991, "property_id": "14920000010020000000", "latitude": 43.095992067221452, "longitude": -77.588674421262226, "cache_origin": "validated_milestone_1_baseline" }, "geometry": { "type": "Point", "coordinates": [ -77.588674421262226, 43.095992067221452 ] } },
{ "type": "Feature", "properties": { "sample_order": 992, "property_id": "14919000020280000000", "latitude": 43.095948751618288, "longitude": -77.590028400685995, "cache_origin": "validated_milestone_1_baseline" }, "geometry": { "type": "Point", "coordinates": [ -77.590028400685995, 43.095948751618288 ] } },
{ "type": "Feature", "properties": { "sample_order": 993, "property_id": "14920000010010000000", "latitude": 43.095969727226191, "longitude": -77.589372698800545, "cache_origin": "validated_milestone_1_baseline" }, "geometry": { "type": "Point", "coordinates": [ -77.589372698800545, 43.095969727226191 ] } },
{ "type": "Feature", "properties": { "sample_order": 994, "property_id": "14919000020270000000", "latitude": 43.095934637995661, "longitude": -77.590516414955673, "cache_origin": "validated_milestone_1_baseline" }, "geometry": { "type": "Point", "coordinates": [ -77.590516414955673, 43.095934637995661 ] } },
{ "type": "Feature", "properties": { "sample_order": 995, "property_id": "14919000020240000000", "latitude": 43.096071775355377, "longitude": -77.594114602453161, "cache_origin": "validated_milestone_1_baseline" }, "geometry": { "type": "Point", "coordinates": [ -77.594114602453161, 43.096071775355377 ] } },
{ "type": "Feature", "properties": { "sample_order": 996, "property_id": "14919000020260000000", "latitude": 43.096111103961412, "longitude": -77.59317661576948, "cache_origin": "validated_milestone_1_baseline" }, "geometry": { "type": "Point", "coordinates": [ -77.59317661576948, 43.096111103961412 ] } },
{ "type": "Feature", "properties": { "sample_order": 997, "property_id": "14919000020250000000", "latitude": 43.097197599519767, "longitude": -77.594021224376007, "cache_origin": "validated_milestone_1_baseline" }, "geometry": { "type": "Point", "coordinates": [ -77.594021224376007, 43.097197599519767 ] } },
{ "type": "Feature", "properties": { "sample_order": 998, "property_id": "14915000010380000000", "latitude": 43.099289115690652, "longitude": -77.591476731062386, "cache_origin": "validated_milestone_1_baseline" }, "geometry": { "type": "Point", "coordinates": [ -77.591476731062386, 43.099289115690652 ] } },
{ "type": "Feature", "properties": { "sample_order": 999, "property_id": "14915000010390000000", "latitude": 43.099198454526565, "longitude": -77.595149807511859, "cache_origin": "validated_milestone_1_baseline" }, "geometry": { "type": "Point", "coordinates": [ -77.595149807511859, 43.099198454526565 ] } }
]
}
