property_id,latitude,longitude,projected_x,projected_y,fema_zone,sfha_flag,is_sfha,source_geometry_id,fema_feature_index,matched_fema_polygon,python_sfha_result
14817000020150000000,43.09285941944886,-77.66858395135986,-8646027.2161,5326116.695100001,X,F,False,36055C_16262,16279,True,False
14817000020140000000,43.0928618171011,-77.66826274705193,-8645991.4598,5326117.060599998,AE,T,True,36055C_16606,4654,True,True
14720000010071000000,43.0952755112733,-77.67344326032854,-8646568.1519,5326485.013300002,AE,T,True,36055C_16222,4535,True,True
14720000010081110000,43.0934814952163,-77.67738312204436,-8647006.7353,5326211.525300003,X,F,False,36055C_2577,6530,True,False
14720000010082100000,43.09304338043978,-77.67432700583706,-8646666.53,5326144.738300002,AE,T,True,36055C_16222,4535,True,True
14720000010081200000,43.09265450150487,-77.67816566784454,-8647093.8479,5326085.457299998,X,F,False,36055C_2601,6546,True,False
14720000010010000000,43.09679610811615,-77.67601848141479,-8646854.8242,5326716.826300003,AE,T,True,36055C_16222,4535,True,True
14716000030550000000,43.09797819974651,-77.67447121598289,-8646682.5834,5326897.038599997,AE,T,True,36055C_16222,4535,True,True
14720000010020000000,43.09724317331575,-77.67589930102771,-8646841.5571,5326784.9819,AE,T,True,36055C_16222,4535,True,True
14716000030070000000,43.09843672136412,-77.67506708018894,-8646748.9147,5326966.942100004,X,F,False,36055C_2470,6463,True,False
14716000030060000000,43.09843287759847,-77.67525379412243,-8646769.6996,5326966.3560999995,X,F,False,36055C_2470,6463,True,False
14716000030590000000,43.098016339881866,-77.67549602124554,-8646796.6642,5326902.853200003,AE,T,True,36055C_16222,4535,True,True
14716000030050000000,43.09842382244656,-77.67544515234593,-8646791.0015,5326964.975599996,X,F,False,36055C_2470,6463,True,False
14716000030600000000,43.09802875939523,-77.67578296380853,-8646828.6065,5326904.746600002,X,F,False,36055C_2478,6468,True,False
14716000030040000000,43.09841891147735,-77.67563161025957,-8646811.7579,5326964.2268999955,AE,T,True,36055C_16222,4535,True,True
14716000030630000000,43.0982426522224,-77.67633382152054,-8646889.927700002,5326937.355400003,X,F,False,36055C_2477,6467,True,False
14716000030620000000,43.09804028027247,-77.67634531726122,-8646891.2074,5326906.503,X,F,False,36055C_16241,16260,True,False
14716000030610000000,43.0981065364256,-77.67598104232867,-8646850.656499999,5326916.604000002,X,F,False,36055C_16241,16260,True,False
14716000030020000000,43.09839673175927,-77.67621976153059,-8646877.2306,5326960.845499999,X,F,False,36055C_16241,16260,True,False
14716000030010000000,43.09853300892612,-77.67619882449628,-8646874.8999,5326981.621600001,AE,T,True,36055C_16222,4535,True,True
14716000030030000000,43.09841082841607,-77.675816899465,-8646832.3842,5326962.994599998,X,F,False,36055C_16241,16260,True,False
14716000020570000000,43.09895090548872,-77.67593897602055,-8646845.9737,5327045.332199997,X,F,False,36055C_16241,16260,True,False
14716000020560000000,43.0990898005335,-77.67591349890077,-8646843.1376,5327066.507600002,AE,T,True,36055C_16222,4535,True,True
14716000010020000000,43.10298998949104,-77.67546230208302,-8646792.9106,5327661.134900004,X,F,False,36055C_16241,16260,True,False
14716000010050000000,43.10300072630953,-77.67457232945294,-8646693.8393,5327662.771899999,AE,T,True,36055C_16222,4535,True,True
14716000010040000000,43.10303256552377,-77.67490456237763,-8646730.8233,5327667.626299999,AE,T,True,36055C_16222,4535,True,True
14716000010060000000,43.10277550327373,-77.67421121569188,-8646653.6403,5327628.433100001,AE,T,True,36055C_16222,4535,True,True
14716000010130000000,43.100961934019786,-77.67421938047951,-8646654.5492,5327351.9305,X,F,False,36055C_2397,6413,True,False
14716000010140000000,43.10097479632782,-77.67394210468728,-8646623.683,5327353.891500004,AE,T,True,36055C_16222,4535,True,True
14716000010150000000,43.10098170891537,-77.67375425079169,-8646602.7712,5327354.945400001,AE,T,True,36055C_16222,4535,True,True
14716000010650000000,43.0999830978938,-77.67405402129694,-8646636.1415,5327202.697400004,X,F,False,36055C_16241,16260,True,False
14716000010470000000,43.1004095651949,-77.67371280252448,-8646598.1572,5327267.716200001,X,F,False,36055C_16241,16260,True,False
14716000010480000000,43.1004037643129,-77.67389756352054,-8646618.7247,5327266.831799999,X,F,False,36055C_16241,16260,True,False
14716000010500000000,43.10039023744634,-77.67426930075816,-8646660.1063,5327264.7695,X,F,False,36055C_16241,16260,True,False
14716000010490000000,43.100397422303246,-77.67408224546485,-8646639.283399997,5327265.864899999,X,F,False,36055C_16241,16260,True,False
14716000010510000000,43.10038298502966,-77.67445600121692,-8646680.8897,5327263.6638,X,F,False,36055C_16241,16260,True,False
14716000010521000000,43.10037221167691,-77.67473512035212,-8646711.9611,5327262.021300002,X,F,False,36055C_16241,16260,True,False
14716000010540000000,43.10036196174006,-77.67501753899934,-8646743.3998,5327260.458599999,X,F,False,36055C_16241,16260,True,False
14716000010550000000,43.100354491557226,-77.6752062552776,-8646764.4076,5327259.319700002,X,F,False,36055C_16241,16260,True,False
14716000010110000000,43.10091361408904,-77.67506153129544,-8646748.297,5327344.563600004,X,F,False,36055C_16241,16260,True,False
14716000010120000000,43.10093990936074,-77.67467984611437,-8646705.808000002,5327348.5726,X,F,False,36055C_16241,16260,True,False
14716000010090000000,43.10095951831932,-77.67545392708963,-8646791.9783,5327351.562200001,X,F,False,36055C_16241,16260,True,False
14716000010100000000,43.10075804279222,-77.6754695469958,-8646793.7171,5327320.8451000005,X,F,False,36055C_2405,6420,True,False
14716000010560000000,43.10040904571296,-77.67557678517946,-8646805.6548,5327267.637000002,X,F,False,36055C_16241,16260,True,False
14716000010570000000,43.10020420878433,-77.67558674030944,-8646806.763,5327236.407700001,X,F,False,36055C_16241,16260,True,False
14716000010580000000,43.09999326065719,-77.67560022402186,-8646808.264,5327204.246799999,AE,T,True,36055C_16222,4535,True,True
14716000020020000000,43.09923950620482,-77.67581723004504,-8646832.421,5327089.331200002,X,F,False,36055C_16241,16260,True,False
14716000020580000000,43.09881116135724,-77.67595912253742,-8646848.2164,5327024.027400002,AE,T,True,36055C_16222,4535,True,True
14716000020030000000,43.09938326229293,-77.67532729966888,-8646777.8822,5327111.247799999,AE,T,True,36055C_16222,4535,True,True
14716000020550000000,43.09896594786471,-77.6754793449206,-8646794.8078,5327047.6255,AE,T,True,36055C_16222,4535,True,True
14716000020040000000,43.09939264919971,-77.67504559967387,-8646746.5235,5327112.6789000025,AE,T,True,36055C_16222,4535,True,True
14716000020050000000,43.09940442956556,-77.67476568193638,-8646715.3632,5327114.4749,X,F,False,36055C_16241,16260,True,False
14716000020010000000,43.099440002190015,-77.67575228634158,-8646825.1915,5327119.898199997,X,F,False,36055C_2451,6452,True,False
14716000010590000000,43.09978679041308,-77.67562270436184,-8646810.7665,5327172.768700004,X,F,False,36055C_16241,16260,True,False
14716000010600000000,43.0999409146021,-77.67517716513373,-8646761.169299997,5327196.266199998,AE,T,True,36055C_16222,4535,True,True
14716000010620000000,43.09995486201038,-77.67480098482874,-8646719.2931,5327198.392599999,X,F,False,36055C_16241,16260,True,False
14716000010610000000,43.0999482930071,-77.6749888908266,-8646740.210699998,5327197.391099997,X,F,False,36055C_16241,16260,True,False
14716000010640000000,43.09996914983602,-77.67442553305742,-8646677.498,5327200.5709,AE,T,True,36055C_16222,4535,True,True
14716000010630000000,43.09996196164927,-77.67461261709683,-8646698.3241,5327199.475000001,AE,T,True,36055C_16222,4535,True,True
14716000020131100000,43.099443612384256,-77.67364472370069,-8646590.5787,5327120.448600002,AE,T,True,36055C_16222,4535,True,True
14716000020500000000,43.09901789791781,-77.67408325337462,-8646639.3956,5327055.545599998,X,F,False,36055C_2458,6457,True,False
14716000020490000000,43.09902876989786,-77.67380174202582,-8646608.0579,5327057.203100005,X,F,False,36055C_2458,6457,True,False
14716000020521000000,43.09900462393273,-77.6744570935683,-8646681.0113,5327053.521899998,AE,T,True,36055C_16222,4535,True,True
14716000020060000000,43.09941008230379,-77.67458021935609,-8646694.7176,5327115.336699999,AE,T,True,36055C_16222,4535,True,True
14716000020530000000,43.09899105477773,-77.67483005700628,-8646722.5294,5327051.453199998,AE,T,True,36055C_16222,4535,True,True
14716000020540000000,43.0989782091071,-77.67520051234798,-8646763.7683,5327049.494800001,AE,T,True,36055C_16222,4535,True,True
14716000030580000000,43.098003815416014,-77.67517029392015,-8646760.4044,5326900.943800001,AE,T,True,36055C_16222,4535,True,True
14716000030100000000,43.098458975844,-77.6745082265726,-8646686.7034,5326970.334899998,AE,T,True,36055C_16222,4535,True,True
14716000030560000000,43.09797878353097,-77.67465684025993,-8646703.247,5326897.127599997,AE,T,True,36055C_16222,4535,True,True
14716000030090000000,43.09845144967471,-77.67469707130995,-8646707.725500003,5326969.1875,AE,T,True,36055C_16222,4535,True,True
14716000030570000000,43.0979868659934,-77.67488877987641,-8646729.0664,5326898.3598000035,AE,T,True,36055C_16222,4535,True,True
14716000030080000000,43.09844434198949,-77.67488282224944,-8646728.4032,5326968.1039,AE,T,True,36055C_16222,4535,True,True
14716000030540000000,43.097982799180734,-77.67428381663484,-8646661.7222,5326897.739799999,AE,T,True,36055C_16222,4535,True,True
14716000030110000000,43.09846459915255,-77.674319178816,-8646665.6587,5326971.192199998,AE,T,True,36055C_16222,4535,True,True
14716000030120000000,43.09847119586414,-77.67413446722728,-8646645.0967,5326972.197899995,AE,T,True,36055C_16222,4535,True,True
14716000030530000000,43.097989528443605,-77.67409693291977,-8646640.9184,5326898.765699997,AE,T,True,36055C_16222,4535,True,True
14716000030140000000,43.09849173900477,-77.67357758990455,-8646583.1054,5326975.329800003,AE,T,True,36055C_16222,4535,True,True
14716000030130000000,43.09848110962428,-77.67385938152772,-8646614.4743,5326973.7092999965,AE,T,True,36055C_16222,4535,True,True
14716000030520000000,43.09799639610858,-77.67390936379012,-8646620.0383,5326899.812700002,AE,T,True,36055C_16222,4535,True,True
14716000030510000000,43.09800316341432,-77.67372384371764,-8646599.3863,5326900.844400003,AE,T,True,36055C_16222,4535,True,True
14716000030500000000,43.098010906098,-77.6735355748004,-8646578.4283,5326902.024800003,AE,T,True,36055C_16222,4535,True,True
14716000030490000000,43.09801854186294,-77.673347197187,-8646557.4582,5326903.188900001,AE,T,True,36055C_16222,4535,True,True
14716000030480000000,43.09802336496866,-77.67315965590512,-8646536.5812,5326903.924199997,AE,T,True,36055C_16222,4535,True,True
14716000030470000000,43.09803190067768,-77.67297047340125,-8646515.5215,5326905.2255000025,AE,T,True,36055C_16222,4535,True,True
14716000030460000000,43.09803821144738,-77.67278384750266,-8646494.7464,5326906.187600002,AE,T,True,36055C_16222,4535,True,True
14716000030160000000,43.09850467004863,-77.67319868500928,-8646540.9259,5326977.301200002,AE,T,True,36055C_16222,4535,True,True
14716000030150000000,43.09849902640987,-77.67338657663412,-8646561.8419,5326976.440800003,AE,T,True,36055C_16222,4535,True,True
14716000030170000000,43.09851238971128,-77.67300954292958,-8646519.8707,5326978.478100001,AE,T,True,36055C_16222,4535,True,True
14716000030190000000,43.09852542963544,-77.67263194598137,-8646477.836799998,5326980.4661,AE,T,True,36055C_16222,4535,True,True
14716000030180000000,43.09851890836185,-77.67282084551596,-8646498.865,5326979.4719,AE,T,True,36055C_16222,4535,True,True
14716000030210000000,43.09853952888632,-77.67225675202654,-8646436.0704,5326982.615599997,AE,T,True,36055C_16222,4535,True,True
14716000030200000000,43.0985320578252,-77.67244386301539,-8646456.8995,5326981.476599999,AE,T,True,36055C_16222,4535,True,True
14716000030220000000,43.09854535093477,-77.67207109361352,-8646415.403,5326983.503200001,AE,T,True,36055C_16222,4535,True,True
14716000030230000000,43.098552573396255,-77.6718835433485,-8646394.525,5326984.6043,AE,T,True,36055C_16222,4535,True,True
14716000020400000000,43.09909031346736,-77.67210659683018,-8646419.3552,5327066.585799999,AE,T,True,36055C_16222,4535,True,True
14716000020410000000,43.0990825466509,-77.6722954694153,-8646440.3804,5327065.4016999975,AE,T,True,36055C_16222,4535,True,True
14716000020430000000,43.09906898866395,-77.67267452702414,-8646482.5769,5327063.334700003,AE,T,True,36055C_16222,4535,True,True
14716000020420000000,43.09907527899307,-77.67248466629222,-8646461.441699998,5327064.293700002,AE,T,True,36055C_16222,4535,True,True
14716000020170000000,43.09948385317917,-77.67251844115029,-8646465.2015,5327126.5836,AE,T,True,36055C_16222,4535,True,True
14716000020450000000,43.09905511451757,-77.67304670353795,-8646524.0074,5327061.219499998,AE,T,True,36055C_16222,4535,True,True
14716000020440000000,43.099062471383775,-77.67286208896728,-8646503.4562,5327062.341099999,AE,T,True,36055C_16222,4535,True,True
14716000020460000000,43.09904856640741,-77.67323423224339,-8646544.883,5327060.221199999,AE,T,True,36055C_16222,4535,True,True
14716000020470000000,43.0990415932564,-77.67342187323825,-8646565.7711,5327059.1581000015,AE,T,True,36055C_16222,4535,True,True
14716000020480000000,43.099035138286325,-77.6736113351182,-8646586.8619,5327058.1740000015,X,F,False,36055C_2458,6457,True,False
14716000020160000000,43.099477602247305,-77.67270660855789,-8646486.148199998,5327125.630599997,AE,T,True,36055C_16222,4535,True,True
14716000010660000000,43.10000049147483,-77.67358510790515,-8646583.9423,5327205.349200003,X,F,False,36055C_2434,6441,True,False
14716000010670000000,43.10001177191589,-77.67330638402869,-8646552.9149,5327207.068999998,AE,T,True,36055C_16222,4535,True,True
14716000010680000000,43.1000183927297,-77.67312155565898,-8646532.3399,5327208.0784,AE,T,True,36055C_16222,4535,True,True
14716000010700000000,43.10003574563394,-77.67265362771906,-8646480.250399997,5327210.7239999985,AE,T,True,36055C_16222,4535,True,True
14716000010710000000,43.10004562503316,-77.67237350336907,-8646449.0671,5327212.230199999,AE,T,True,36055C_16222,4535,True,True
14716000010720000000,43.10005362195373,-77.67218439362873,-8646428.0155,5327213.4493999975,AE,T,True,36055C_16222,4535,True,True
14716000010730000000,43.10005902800787,-77.6719936336832,-8646406.7802,5327214.273599997,AE,T,True,36055C_16222,4535,True,True
14716000020180000000,43.09949103551875,-77.67233134183954,-8646444.3737,5327127.678599997,AE,T,True,36055C_16222,4535,True,True
14716000020190000000,43.09949879965972,-77.67214093672854,-8646423.1779,5327128.862300001,AE,T,True,36055C_16222,4535,True,True
14716000020200000000,43.09950451011032,-77.67195142005137,-8646402.081,5327129.732900002,AE,T,True,36055C_16222,4535,True,True
14716000020390000000,43.09909592425537,-77.67191784731425,-8646398.3437,5327067.441200002,AE,T,True,36055C_16222,4535,True,True
14813000010421000000,43.09939226351728,-77.66971654547346,-8646153.2959,5327112.620099998,AE,T,True,36055C_16222,4535,True,True
14716000010750000000,43.100082433685,-77.67143835805662,-8646344.9672,5327217.842,AE,T,True,36055C_16222,4535,True,True
14716000010381000000,43.10027760548843,-77.67164030292575,-8646367.4476,5327247.597700001,AE,T,True,36055C_16222,4535,True,True
14716000010370000000,43.10050400457817,-77.6712849608404,-8646327.8911,5327282.1143999975,AE,T,True,36055C_16222,4535,True,True
14716000010290000000,43.1011044910066,-77.67067806622097,-8646260.3319,5327373.664899998,AE,T,True,36055C_16222,4535,True,True
14716000010280000000,43.10108969905554,-77.67105342636413,-8646302.1168,5327371.409699998,X,F,False,36055C_2390,6408,True,False
14716000010270000000,43.10107921836051,-77.67132755176465,-8646332.6323,5327369.811800002,AE,T,True,36055C_16222,4535,True,True
14716000010260000000,43.101072785906,-77.67151405010247,-8646353.3932,5327368.831100001,X,F,False,36055C_2389,6407,True,False
14716000010200000000,43.1010231470378,-77.67272767135637,-8646488.4929,5327361.263099998,AE,T,True,36055C_16222,4535,True,True
14716000010390000000,43.10047372249315,-77.6720265183108,-8646410.4409,5327277.497599997,AE,T,True,36055C_16222,4535,True,True
14716000010411100000,43.100464316730765,-77.67231001403806,-8646441.9995,5327276.063600003,AE,T,True,36055C_16222,4535,True,True
14716000010431100000,43.10045035041709,-77.6726831634273,-8646483.5383,5327273.934299997,AE,T,True,36055C_16222,4535,True,True
14716000010690000000,43.10002472953129,-77.67293151346738,-8646511.1845,5327209.0445,AE,T,True,36055C_16222,4535,True,True
14716000010440000000,43.10043598071487,-77.67305692816251,-8646525.1456,5327271.743500001,X,F,False,36055C_2422,6431,True,False
14716000010450000000,43.100426029884304,-77.67333761036629,-8646556.390999999,5327270.226400003,AE,T,True,36055C_16222,4535,True,True
14716000010460000000,43.10041948847983,-77.67352466925284,-8646577.2143,5327269.229099995,X,F,False,36055C_16241,16260,True,False
14716000010180000000,43.10100343381072,-77.67319595502914,-8646540.622,5327358.257600002,AE,T,True,36055C_16222,4535,True,True
14716000010310000000,43.10112270414895,-77.67020476455902,-8646207.6442,5327376.441699996,AE,T,True,36055C_16222,4535,True,True
14716000010300000000,43.10111762482892,-77.67039489209058,-8646228.8091,5327375.6673,AE,T,True,36055C_16222,4535,True,True
14813000010060000000,43.1011653437911,-77.66908648420116,-8646083.1578,5327382.942599997,AE,T,True,36055C_16222,4535,True,True
14813000010241000000,43.10032988763214,-77.67034599589135,-8646223.366,5327255.568599998,AE,T,True,36055C_16222,4535,True,True
14813000010330000000,43.10016783966813,-77.66919817353707,-8646095.591,5327230.862899995,AE,T,True,36055C_16222,4535,True,True
14813000010340000000,43.10017583657275,-77.66901200667759,-8646074.867,5327232.082099996,AE,T,True,36055C_16222,4535,True,True
14817000010020000000,43.09716615346263,-77.66672102961525,-8645819.836600002,5326773.240099996,AE,T,True,36055C_16236,4541,True,True
14813000010800000000,43.0981926240579,-77.66877088088903,-8646048.025,5326929.728399999,AE,T,True,36055C_16222,4535,True,True
14813000010760000000,43.09815890438295,-77.66960802000398,-8646141.2149,5326924.587700002,AE,T,True,36055C_16222,4535,True,True
14813000010711000000,43.09837010152522,-77.66935574163116,-8646113.1314,5326956.785599998,AE,T,True,36055C_16222,4535,True,True
14813000010790000000,43.09818099170028,-77.66904808212108,-8646078.8829,5326927.954999999,AE,T,True,36055C_16222,4535,True,True
14813000010680000000,43.098675856242,-77.6687117636585,-8646041.4441,5327003.399400002,AE,T,True,36055C_16222,4535,True,True
14813000010670000000,43.09868282812282,-77.66852461224546,-8646020.6105,5327004.462300002,AE,T,True,36055C_16222,4535,True,True
14813000010660000000,43.09869125682327,-77.66833840226684,-8645999.8817,5327005.747299999,AE,T,True,36055C_16222,4535,True,True
14813000010810000000,43.09823560157928,-77.66839342856957,-8646006.0072,5326936.280500003,AE,T,True,36055C_16222,4535,True,True
14813000010650000000,43.09872651698369,-77.66814261894226,-8645978.0872,5327011.122900001,AE,T,True,36055C_16222,4535,True,True
14716000030290000000,43.09860028976609,-77.6705803735355,-8646249.4568,5326991.878899998,AE,T,True,36055C_16222,4535,True,True
14716000030280000000,43.09859313355926,-77.67077061964468,-8646270.6349,5326990.7879,AE,T,True,36055C_16222,4535,True,True
14716000030310000000,43.09861485339877,-77.67020360483399,-8646207.5151,5326994.099200003,AE,T,True,36055C_16222,4535,True,True
14716000030300000000,43.098607579126046,-77.67038879702137,-8646228.1306,5326992.990199997,AE,T,True,36055C_16222,4535,True,True
14716000030350000000,43.09812786418794,-77.6703536333679,-8646224.2162,5326919.855499996,AE,T,True,36055C_16222,4535,True,True
14716000030320000000,43.098622353310745,-77.67001735712611,-8646186.782099998,5326995.242600001,AE,T,True,36055C_16222,4535,True,True
14813000010730000000,43.098636567983085,-77.66964356184819,-8646145.1714,5326997.409699999,AE,T,True,36055C_16222,4535,True,True
14813000010740000000,43.09862830325775,-77.66982894447843,-8646165.8081,5326996.149700001,AE,T,True,36055C_16222,4535,True,True
14813000010751000000,43.09814756522218,-77.66988368152364,-8646171.9014,5326922.858999996,AE,T,True,36055C_16222,4535,True,True
14720000010060000000,43.09745420503913,-77.66976300274668,-8646158.4675,5326817.154099999,AE,T,True,36055C_16222,4535,True,True
14720000010040000000,43.09737583223893,-77.67167392956179,-8646371.1909,5326805.206000001,AE,T,True,36055C_16222,4535,True,True
14716000030400000000,43.0980874736043,-77.67147479372454,-8646349.0232,5326913.697800003,AE,T,True,36055C_16222,4535,True,True
14716000030390000000,43.09809600405685,-77.67119506553159,-8646317.884,5326914.998300001,AE,T,True,36055C_16222,4535,True,True
14716000030380000000,43.09810757411665,-77.67091513072612,-8646286.721799998,5326916.762199998,X,F,False,36055C_2480,6470,True,False
14716000030370000000,43.09811365333314,-77.67072998255617,-8646266.1112,5326917.689000002,X,F,False,36055C_2480,6470,True,False
14716000030241000000,43.09857588650701,-77.67123458870915,-8646322.2837,5326988.1585,AE,T,True,36055C_16222,4535,True,True
14716000030430000000,43.09805933851691,-77.6722207098207,-8646432.0582,5326909.4085,AE,T,True,36055C_16222,4535,True,True
14716000030420000000,43.09806453353551,-77.67203599553704,-8646411.4959,5326910.2004999975,AE,T,True,36055C_16222,4535,True,True
14720000010030000000,43.09740794265932,-77.67227960157412,-8646438.614,5326810.101300003,AE,T,True,36055C_16222,4535,True,True
14716000030410000000,43.09807141824641,-77.67184745712521,-8646390.5079,5326911.250100001,AE,T,True,36055C_16222,4535,True,True
14716000030401200000,43.098074775985744,-77.67170329099685,-8646374.4594,5326911.762000002,AE,T,True,36055C_16222,4535,True,True
14716000030401100000,43.09808255408095,-77.67161138795339,-8646364.2288,5326912.947800004,AE,T,True,36055C_16222,4535,True,True
14716000030440000000,43.09805122917068,-77.6724065299305,-8646452.7436,5326908.172200001,AE,T,True,36055C_16222,4535,True,True
14716000030450000000,43.09804458781012,-77.6725953845493,-8646473.7668,5326907.1597,AE,T,True,36055C_16222,4535,True,True
14720000010050000000,43.09732949043058,-77.67064116792068,-8646256.224400003,5326798.141099998,AE,T,True,36055C_16222,4535,True,True
14817000020030000000,43.09568189956529,-77.66876466634389,-8646047.3332,5326546.9661,AE,T,True,36055C_16222,4535,True,True
14817000010010000000,43.09729788898229,-77.6683320987885,-8645999.18,5326793.323399998,AE,T,True,36055C_16222,4535,True,True
14817000020021000000,43.09631904938061,-77.66828490399841,-8645993.926299999,5326644.098700003,AE,T,True,36055C_15383,4364,True,True
14817000020130000000,43.09413436025181,-77.66848350893133,-8646016.0349,5326311.050099999,X,F,False,36055C_16262,16279,True,False
14817000020120000000,43.09403317085159,-77.66480331423153,-8645606.3575,5326295.624399997,AE,T,True,36055C_16606,4654,True,True
14817000020110000000,43.09407145972753,-77.6641167336565,-8645529.927699998,5326301.4613,AE,T,True,36055C_16606,4654,True,True
14817000020100000000,43.09409615800448,-77.66345197675301,-8645455.9273,5326305.226400003,AE,T,True,36055C_16606,4654,True,True
148170000200110000WC,43.09671848160192,-77.66935909953371,-8646113.5052,5326704.992099999,X,F,False,36055C_2472,6464,True,False
14817000010901000000,43.096383251634194,-77.66443378505289,-8645565.2217,5326653.886299998,AE,T,True,36055C_16236,4541,True,True
14817000010661000000,43.096123613071406,-77.66199740847527,-8645294.0055,5326614.3046,AE,T,True,36055C_16236,4541,True,True
148170000201600000WC,43.09659147950069,-77.66945023811084,-8646123.6507,5326685.630599997,AE,T,True,36055C_16222,4535,True,True
14817000020040000000,43.09563681854719,-77.66506023240278,-8645634.9575,5326540.093599997,AE,T,True,36055C_16606,4654,True,True
14817000020090000000,43.09411844095704,-77.66295336056635,-8645400.421600001,5326308.6233,X,F,False,36055C_2574,6528,True,False
14817000020070000000,43.09376504637251,-77.6615767382075,-8645247.1767,5326254.750600002,X,F,False,36055C_2348,6377,True,False
14817000020060000000,43.09407158567557,-77.66104400580299,-8645187.8732,5326301.480499998,X,F,False,36055C_2348,6377,True,False
14817000020080000000,43.09399505906639,-77.6622346885761,-8645320.4194,5326289.814499997,X,F,False,36055C_16427,16391,True,False
14817000010291000000,43.09732258726984,-77.6626492655713,-8645366.5699,5326797.088699997,AE,T,True,36055C_16236,4541,True,True
14817000010651000000,43.09770031968252,-77.66126902120526,-8645212.9218,5326854.674900002,AE,T,True,36055C_16236,4541,True,True
14814000040621000000,43.09861413253082,-77.65961032425393,-8645028.2765,5326993.989299998,AE,T,True,36055C_16236,4541,True,True
14813000030011000000,43.10094825379459,-77.65984866796008,-8645054.8088,5327349.844800003,AE,T,True,36055C_15383,4364,True,True
14817000010101000000,43.09708701480348,-77.66419818300501,-8645538.994600002,5326761.175300001,AE,T,True,36055C_16236,4541,True,True
14817000010121000000,43.09777212676632,-77.66405093745183,-8645522.6033,5326865.622100004,AE,T,True,36055C_16236,4541,True,True
14817000010080000000,43.09771024996596,-77.66530139861554,-8645661.804,5326856.188799999,X,F,False,36055C_2486,6475,True,False
14817000010070000000,43.09773137190113,-77.66550191785832,-8645684.1257,5326859.4089,X,F,False,36055C_2486,6475,True,False
14813000020260000000,43.09826593462221,-77.66475702943484,-8645601.2051,5326940.904899999,X,F,False,36055C_16258,16275,True,False
14817000010031000000,43.09732838450807,-77.66547502409533,-8645681.1319,5326797.9724999955,AE,T,True,36055C_16236,4541,True,True
14813000020271000000,43.1006622040913,-77.66326141084357,-8645434.7136,5327306.233499995,AE,T,True,36055C_16222,4535,True,True
148140000106000000WC,43.106649485343205,-77.6657511437558,-8645711.8694,5328219.100299998,AE,T,True,36055C_16222,4535,True,True
14813000030651000000,43.10241801014549,-77.65842438997541,-8644896.2589,5327573.927900001,AE,T,True,36055C_16222,4535,True,True
14813000030620000000,43.10199422698101,-77.65863635375491,-8644919.854600001,5327509.316200003,AE,T,True,36055C_16222,4535,True,True
14813000030630000000,43.102121284121445,-77.65856343211341,-8644911.737,5327528.687799996,AE,T,True,36055C_16222,4535,True,True
14813000030401000000,43.10046333352021,-77.65945028309787,-8645010.4608,5327275.913699999,AE,T,True,36055C_16236,4541,True,True
14814000040580000000,43.09870347351746,-77.65772502906884,-8644818.4064,5327007.609800003,AE,T,True,36055C_16236,4541,True,True
14814000040590000000,43.09869582406336,-77.6579115121353,-8644839.1656,5327006.443599998,AE,T,True,36055C_16236,4541,True,True
14814000040600000000,43.09868619238788,-77.65809805628722,-8644859.9316,5327004.975199997,AE,T,True,36055C_16236,4541,True,True
14814000040610000000,43.09867816446002,-77.65828718399388,-8644880.9852,5327003.7513,AE,T,True,36055C_16236,4541,True,True
14814000040540000000,43.09873439928891,-77.65697680699735,-8644735.1147,5327012.324600003,AE,T,True,36055C_16236,4541,True,True
14814000040550000000,43.09872773242118,-77.65716588978823,-8644756.163299998,5327011.308200001,AE,T,True,36055C_16236,4541,True,True
14814000040570000000,43.09871280870995,-77.65753781567206,-8644797.5659,5327009.033,AE,T,True,36055C_16236,4541,True,True
14814000040560000000,43.09871785149743,-77.65735231266757,-8644776.9158,5327009.801799997,AE,T,True,36055C_16236,4541,True,True
14814000040530000000,43.09874702199468,-77.65679132106084,-8644714.4665,5327014.248999997,X,F,False,36055C_10735,11388,True,False
14814000020301000000,43.09996983526849,-77.65689735190878,-8644726.2698,5327200.675399996,AE,T,True,36055C_16236,4541,True,True
14814000020270000000,43.10010666318213,-77.6561181756892,-8644639.5323,5327221.5359999975,AE,T,True,36055C_16236,4541,True,True
14814000020280000000,43.099980453239965,-77.6561846366472,-8644646.9307,5327202.294200002,AE,T,True,36055C_16236,4541,True,True
14814000020290000000,43.0998544116084,-77.65625102663826,-8644654.321199998,5327183.078100003,AE,T,True,36055C_16236,4541,True,True
14814000030471000000,43.09966763488195,-77.65541427918879,-8644561.174900003,5327154.602499998,AE,T,True,36055C_16236,4541,True,True
14814000040510000000,43.09879161992719,-77.65576055367966,-8644599.722,5327021.048199997,X,F,False,36055C_2348,6377,True,False
14814000030450000000,43.09970429355555,-77.65465601305408,-8644476.7651,5327160.191399998,AE,T,True,36055C_16236,4541,True,True
14814000030490000000,43.10019602560386,-77.65510437029722,-8644526.675999999,5327235.160099996,AE,T,True,36055C_16236,4541,True,True
14814000020260000000,43.10023427586302,-77.65605020645988,-8644631.966,5327240.991700001,AE,T,True,36055C_16236,4541,True,True
14814000020250000000,43.10036248450197,-77.65598249594534,-8644624.4285,5327260.538299999,AE,T,True,36055C_16236,4541,True,True
14814000030440000000,43.10000729594629,-77.65442897734074,-8644451.4916,5327206.3866000045,AE,T,True,36055C_16236,4541,True,True
14814000030430000000,43.100347390652,-77.65426855440069,-8644433.6334,5327258.237099996,AE,T,True,36055C_16236,4541,True,True
14814000030511000000,43.1005957558985,-77.6549084791748,-8644504.8695,5327296.102799996,AE,T,True,36055C_16236,4541,True,True
14814000020220000000,43.10074598589362,-77.65577815077776,-8644601.6809,5327319.006899997,AE,T,True,36055C_16236,4541,True,True
14814000020230000000,43.10061847922477,-77.65584583883442,-8644609.2159,5327299.567199997,AE,T,True,36055C_16236,4541,True,True
14814000020240000000,43.100491836124746,-77.65591390328518,-8644616.7928,5327280.259199998,AE,T,True,36055C_16236,4541,True,True
14814000020210000000,43.10087533211486,-77.65571186049968,-8644594.3015,5327338.7271,AE,T,True,36055C_16236,4541,True,True
14814000020191000000,43.10108165438929,-77.65553938396515,-8644575.1015,5327370.183200001,AE,T,True,36055C_16236,4541,True,True
14814000020500000000,43.10132145713966,-77.6562630074692,-8644655.6549,5327406.743900002,AE,T,True,36055C_16236,4541,True,True
14814000020490000000,43.10119030156815,-77.65632719658784,-8644662.8004,5327386.747699998,AE,T,True,36055C_16236,4541,True,True
14814000010210000000,43.10104611682564,-77.65738841056896,-8644780.9342,5327364.765100002,AE,T,True,36055C_16236,4541,True,True
14814000010200000000,43.10117301458147,-77.6573222523432,-8644773.5695,5327384.112099999,X,F,False,36055C_16251,16269,True,False
14814000010151000000,43.10056858549527,-77.65806974228776,-8644856.7797,5327291.9604,AE,T,True,36055C_16236,4541,True,True
14814000010011000000,43.10321692096491,-77.65772940925416,-8644818.894,5327695.7343000015,AE,T,True,36055C_16222,4535,True,True
14814000010040000000,43.10320985384167,-77.6572800458979,-8644768.8711,5327694.656800002,AE,T,True,36055C_16222,4535,True,True
14814000010060000000,43.10322453706003,-77.65685251699294,-8644721.2788,5327696.895499997,AE,T,True,36055C_16222,4535,True,True
14814000010050000000,43.103214079030415,-77.65706657923695,-8644745.1081,5327695.300999999,AE,T,True,36055C_16222,4535,True,True
14814000010081000000,43.10272989752168,-77.65659686275129,-8644692.8195,5327621.4798,AE,T,True,36055C_16222,4535,True,True
14814000020060000000,43.10322470955687,-77.65513928511737,-8644530.5627,5327696.921800001,AE,T,True,36055C_16222,4535,True,True
14814000020070000000,43.10322937746452,-77.65493144550335,-8644507.4261,5327697.633500003,AE,T,True,36055C_15383,4364,True,True
14814000020080000000,43.10323347278743,-77.65472569537067,-8644484.5221,5327698.257899999,AE,T,True,36055C_15383,4364,True,True
14814000020090000000,43.10324000470886,-77.65451837498287,-8644461.4433,5327699.253799996,AE,T,True,36055C_16236,4541,True,True
14814000020011000000,43.1027066410871,-77.65528665194309,-8644546.9675,5327617.934000001,AE,T,True,36055C_16236,4541,True,True
14814000030600000000,43.10267939750533,-77.65379600822189,-8644381.0298,5327613.780299998,AE,T,True,36055C_16236,4541,True,True
14814000020151000000,43.10214807407366,-77.6550438373218,-8644519.9375,5327532.772299997,AE,T,True,36055C_16236,4541,True,True
14814000030540000000,43.10165129154517,-77.65434042411498,-8644441.6339,5327457.031199997,AE,T,True,36055C_16236,4541,True,True
14814000030620000000,43.102979501906525,-77.65364464299482,-8644364.1799,5327659.535899997,AE,T,True,36055C_16236,4541,True,True
14814000030010000000,43.103256260066914,-77.65370943039144,-8644371.392000003,5327701.732199996,X,F,False,36055C_2323,6356,True,False
14814000030020000000,43.10327611227132,-77.65313316562823,-8644307.2425,5327704.759000002,X,F,False,36055C_16247,16265,True,False
14814000030040000000,43.10328887636691,-77.65210320852744,-8644192.5882,5327706.7051,X,F,False,36055C_2324,6357,True,False
14814000030050000000,43.10329204886177,-77.65172473123025,-8644150.4563,5327707.1888,AE,T,True,36055C_16236,4541,True,True
14814000030310000000,43.1028120275976,-77.65188941487972,-8644168.788800001,5327634.0018,X,F,False,36055C_10735,11388,True,False
14814000030320000000,43.10301717849621,-77.65190346183581,-8644170.3525,5327665.280299998,AE,T,True,36055C_16236,4541,True,True
14814000030331000000,43.102094629271576,-77.65360192091654,-8644359.4241,5327524.623899996,AE,T,True,36055C_16236,4541,True,True
14814000030280000000,43.10204360991904,-77.65234667891889,-8644219.6912,5327516.8452999955,X,F,False,36055C_2348,6377,True,False
14814000030290000000,43.1023018210843,-77.65221367705288,-8644204.8855,5327556.213200003,X,F,False,36055C_2348,6377,True,False
14814000030300000000,43.10255995901276,-77.65207598328612,-8644189.5575,5327595.570100001,X,F,False,36055C_2348,6377,True,False
14814000030090000000,43.10302979966321,-77.65107353709091,-8644077.9657,5327667.204599999,X,F,False,36055C_2333,6366,True,False
14814000030060000000,43.10329671282898,-77.65134888509854,-8644108.6173,5327707.899899997,AE,T,True,36055C_16236,4541,True,True
14814000030070000000,43.10329915729602,-77.6509799613844,-8644067.5489,5327708.2726000035,AE,T,True,36055C_16236,4541,True,True
14814000030100000000,43.102849378971165,-77.65105524829004,-8644075.9298,5327639.696599998,AE,T,True,36055C_16236,4541,True,True
14814000040011000000,43.1032048114241,-77.64959824018801,-8643913.7364,5327693.887999996,AE,T,True,36055C_16236,4541,True,True
14814000030111000000,43.102492679900266,-77.6513065474992,-8644103.904300002,5327585.312399998,X,F,False,36055C_10735,11388,True,False
14814000040020000000,43.1019925793738,-77.6502743742546,-8643989.0033,5327509.064999997,AE,T,True,36055C_16236,4541,True,True
14814000040120000000,43.10135150661627,-77.64956236506882,-8643909.7428,5327411.325300001,AE,T,True,36055C_16226,4537,True,True
14814000040040000000,43.10083066748573,-77.65082917826564,-8644050.7638,5327331.917499997,AE,T,True,36055C_16236,4541,True,True
14814000040110000000,43.10104639033791,-77.64972405283682,-8643927.7418,5327364.806800002,AE,T,True,36055C_16226,4537,True,True
14814000040100000000,43.10074533851251,-77.649884436251,-8643945.5956,5327318.908200002,AE,T,True,36055C_16226,4537,True,True
14814000040050000000,43.10053223627286,-77.65099099539103,-8644068.7772,5327286.4185999995,AE,T,True,36055C_16236,4541,True,True
14814000030180000000,43.100822719203805,-77.65219235553961,-8644202.512,5327330.705700002,X,F,False,36055C_2348,6377,True,False
14814000040032000000,43.10111968961456,-77.65074121253807,-8644040.9715,5327375.9821000025,AE,T,True,36055C_16236,4541,True,True
14814000030170000000,43.10107892713893,-77.65205473723134,-8644187.1924,5327369.767399996,X,F,False,36055C_2348,6377,True,False
14814000040031200000,43.10139974880513,-77.65058375224181,-8644023.4431,5327418.680399999,X,F,False,36055C_2348,6377,True,False
14814000040031100000,43.10167693978471,-77.65043886835952,-8644007.314699998,5327460.9416000005,AE,T,True,36055C_16236,4541,True,True
14814000030160000000,43.101334281329855,-77.65192139220888,-8644172.3485,5327408.699100002,X,F,False,36055C_2348,6377,True,False
14814000030131000000,43.10184712277035,-77.65164849480534,-8644141.9697,5327486.8882,X,F,False,36055C_2348,6377,True,False
14814000030270000000,43.10178890343316,-77.65248291561826,-8644234.857,5327478.011899999,X,F,False,36055C_2348,6377,True,False
14814000030260000000,43.10153349145152,-77.65261887922978,-8644249.9924,5327439.071099997,X,F,False,36055C_2348,6377,True,False
14814000030250000000,43.10127876710173,-77.65275124958015,-8644264.7278,5327400.235299995,X,F,False,36055C_10735,11388,True,False
14814000030240000000,43.10102295288992,-77.65288806299793,-8644279.9578,5327361.233499996,X,F,False,36055C_10735,11388,True,False
14814000030190000000,43.10051653050034,-77.65233075268722,-8644217.9183,5327284.024099997,X,F,False,36055C_2348,6377,True,False
14814000030230000000,43.1007708677563,-77.6529827121912,-8644290.4941,5327322.800399994,X,F,False,36055C_2348,6377,True,False
14814000040080000000,43.10014647457331,-77.65020386189467,-8643981.1539,5327227.6055999985,AE,T,True,36055C_16226,4537,True,True
14814000040061000000,43.100090029180805,-77.65120937853153,-8644093.087499999,5327218.999999999,AE,T,True,36055C_16236,4541,True,True
14814000040090000000,43.10044936261495,-77.6500415929167,-8643963.0902,5327273.783699998,AE,T,True,36055C_16226,4537,True,True
14814000040440000000,43.09903970287707,-77.65311750709452,-8644305.4994,5327058.869900003,X,F,False,36055C_2348,6377,True,False
14814000040450000000,43.09903036707843,-77.65349248365705,-8644347.2416,5327057.446599998,X,F,False,36055C_2348,6377,True,False
14814000040430000000,43.09903389268231,-77.65216690087773,-8644199.6784,5327057.984099999,AE,T,True,36055C_15383,4364,True,True
14814000030210000000,43.09986191005668,-77.65345714123882,-8644343.3073,5327184.2212999975,X,F,False,36055C_2348,6377,True,False
14814000030200000000,43.09977237070525,-77.65300497513888,-8644292.972399998,5327170.570299998,X,F,False,36055C_2348,6377,True,False
14814000030220000000,43.09992001119352,-77.65372629895583,-8644373.2698,5327193.079300001,X,F,False,36055C_2348,6377,True,False
14814000040480000000,43.098973026628606,-77.65464048208113,-8644475.0362,5327048.7047,X,F,False,36055C_2348,6377,True,False
14814000040470000000,43.099003165807886,-77.65426354719128,-8644433.076,5327053.299599998,X,F,False,36055C_2348,6377,True,False
14814000040460000000,43.09901747943673,-77.65387679551202,-8644390.023,5327055.481799997,X,F,False,36055C_2348,6377,True,False
14814000040490000000,43.09891515416783,-77.65501147551369,-8644516.334999999,5327039.881700003,X,F,False,36055C_2348,6377,True,False
14814000040500000000,43.09884180371324,-77.65538399159065,-8644557.8033,5327028.699000001,X,F,False,36055C_2348,6377,True,False
14814000040520000000,43.09876304306712,-77.65632528227798,-8644662.5873,5327016.6915,X,F,False,36055C_2348,6377,True,False
14818000020012000000,43.09677296028322,-77.65615471376508,-8644643.5997,5326713.297399998,X,F,False,36055C_2348,6377,True,False
14818000020042000000,43.09700629389543,-77.65125852715738,-8644098.558700003,5326748.869299999,AE,T,True,36055C_16236,4541,True,True
14818000020041000000,43.09515069776808,-77.6513543432622,-8644109.2249,5326465.985899996,AE,T,True,36055C_16236,4541,True,True
148170000201800000RH,43.0944840503823,-77.65731731250747,-8644773.0196,5326364.358400002,X,F,False,36055C_2348,6377,True,False
148170000201700000RH,43.0945590984705,-77.65704400008228,-8644742.5946,5326375.799099996,X,F,False,36055C_2348,6377,True,False
14818000020050000000,43.09346002611056,-77.65410029365975,-8644414.9027,5326208.252499999,X,F,False,36055C_2348,6377,True,False
14818000020060000000,43.0934783576363,-77.65476334017097,-8644488.712700002,5326211.046999998,X,F,False,36055C_2348,6377,True,False
14818000020011000000,43.09340211498403,-77.65754663353488,-8644798.547499998,5326199.424400001,X,F,False,36055C_2348,6377,True,False
14817000010710000000,43.09526588430754,-77.6585648541465,-8644911.8953,5326483.545699999,X,F,False,36055C_2348,6377,True,False
14818000020080000000,43.09399197530316,-77.65906310921041,-8644967.3608,5326289.344400004,X,F,False,36055C_2348,6377,True,False
14818000020070000000,43.09345783249337,-77.65836923970518,-8644890.1196,5326207.9180999985,X,F,False,36055C_2348,6377,True,False
14817000020050000000,43.09400065982562,-77.66027551055217,-8645102.3247,5326290.668300002,X,F,False,36055C_2348,6377,True,False
14819000010380000000,43.094137028773375,-77.63660854728072,-8642467.7304,5326311.456899998,X,F,False,36055C_16605,16503,True,False
14820000020450000000,43.09415227896519,-77.6362346235437,-8642426.1054,5326313.781700001,X,F,False,36055C_16605,16503,True,False
14819000010370000000,43.094121777265805,-77.63698246922111,-8642509.3552,5326309.131899997,X,F,False,36055C_16605,16503,True,False
14819000010360000000,43.09410652509848,-77.63735639295813,-8642550.9802,5326306.8068,X,F,False,36055C_16605,16503,True,False
14819000010351100000,43.09429810151677,-77.63798635002583,-8642621.1067,5326336.0115,X,F,False,36055C_16605,16503,True,False
14819000010411000000,43.09454770026145,-77.63694355869457,-8642505.0237,5326374.061499998,X,F,False,36055C_16605,16503,True,False
14819000010650000000,43.094252087335946,-77.64019351157724,-8642866.8068,5326328.9969,X,F,False,36055C_16605,16503,True,False
14819000010200000000,43.09483474149605,-77.64070005809121,-8642923.1953,5326417.819600002,X,F,False,36055C_16225,16250,True,False
14819000010340000000,43.09416060005284,-77.63911147824109,-8642746.3554,5326315.0502,X,F,False,36055C_16225,16250,True,False
14819000010232000000,43.09438439588795,-77.63955351314127,-8642795.5625,5326349.166599995,X,F,False,36055C_16605,16503,True,False
14819000010330000000,43.0945805829343,-77.63890291638158,-8642723.1384,5326379.074299999,X,F,False,36055C_16605,16503,True,False
14819000010320000000,43.09483618266489,-77.63876685844696,-8642707.9925,5326418.039300001,X,F,False,36055C_16605,16503,True,False
14819000010310000000,43.095219582884326,-77.63856276750262,-8642685.2732,5326476.487199999,X,F,False,36055C_16605,16503,True,False
14819000010170000000,43.09612092036599,-77.640331270921,-8642882.1421,5326613.894100003,X,F,False,36055C_16225,16250,True,False
14819000010180000000,43.09568956710684,-77.64056087671436,-8642907.7017,5326548.134999997,X,F,False,36055C_16225,16250,True,False
14819000010220000000,43.09616730966189,-77.63956119194033,-8642796.4173,5326620.9661,X,F,False,36055C_16605,16503,True,False
14819000010190000000,43.09518430496127,-77.64101941456461,-8642958.7459,5326471.1092,X,F,False,36055C_16225,16250,True,False
14819000010210000000,43.09480632284636,-77.64030348962253,-8642879.0495,5326413.487300001,X,F,False,36055C_16225,16250,True,False
14819000010142000000,43.095657953004896,-77.64235680659668,-8643107.6237,5326543.315499998,X,F,False,36055C_16225,16250,True,False
14819000010101000000,43.09477336223407,-77.64505997652546,-8643408.5392,5326408.462600002,X,F,False,36055C_2558,6518,True,False
14819000010120000000,43.09420290015488,-77.64290142820398,-8643168.2507,5326321.498599998,X,F,False,36055C_16225,16250,True,False
14819000010130000000,43.09394950450037,-77.64160676902998,-8643024.1299,5326282.869999996,X,F,False,36055C_16225,16250,True,False
14819000010143000000,43.09409322052964,-77.64234089833131,-8643105.8528,5326304.778599999,X,F,False,36055C_16225,16250,True,False
14819000010144000000,43.09429141055086,-77.6433537865434,-8643218.607,5326334.991499997,X,F,False,36055C_16225,16250,True,False
14819000010110000000,43.09439701949051,-77.64389354377344,-8643278.6925,5326351.090999998,X,F,False,36055C_2558,6518,True,False
14819000010040000000,43.09419071732968,-77.64632786770062,-8643549.6802,5326319.641400003,X,F,False,36055C_2558,6518,True,False
14819000010030000000,43.09413037977253,-77.64778452366305,-8643711.834399998,5326310.443299999,X,F,False,36055C_16225,16250,True,False
14819000010021000000,43.09504896821687,-77.64754174856763,-8643684.808799999,5326450.4776,X,F,False,36055C_16225,16250,True,False
14818000020090000000,43.09651502557152,-77.65013271622249,-8643973.234,5326673.975199998,AE,T,True,36055C_16226,4537,True,True
14818000020030000000,43.09490192931594,-77.64936832537418,-8643888.1424,5326428.0621,AE,T,True,36055C_16226,4537,True,True
14819000010011000000,43.09603088423108,-77.64704842705127,-8643629.892500002,5326600.168200001,X,F,False,36055C_16605,16503,True,False
14819000010051000000,43.09553757721808,-77.6461225855902,-8643526.8283,5326524.964500003,X,F,False,36055C_16225,16250,True,False
14815000030460000000,43.09902363268255,-77.64298603692733,-8643177.6693,5327056.419900001,X,F,False,36055C_16605,16503,True,False
14815000030470000000,43.09901669494869,-77.64314946383371,-8643195.8619,5327055.362199998,X,F,False,36055C_16605,16503,True,False
14815000030490000000,43.099003911596455,-77.64347242973791,-8643231.8143,5327053.4133,X,F,False,36055C_16605,16503,True,False
14815000030480000000,43.09901019799667,-77.64330965051685,-8643213.6938,5327054.371699994,X,F,False,36055C_16605,16503,True,False
14815000030510000000,43.098993917241984,-77.64380630657956,-8643268.9813,5327051.889600001,X,F,False,36055C_16605,16503,True,False
14815000030500000000,43.09899438950919,-77.64364235236212,-8643250.73,5327051.961599996,X,F,False,36055C_16605,16503,True,False
14815000030520000000,43.09898057569123,-77.6439754449745,-8643287.8097,5327049.8556,X,F,False,36055C_16605,16503,True,False
14815000030530000000,43.09897396001264,-77.64414002172445,-8643306.130299998,5327048.847000002,X,F,False,36055C_16605,16503,True,False
14815000030580000000,43.09894307502968,-77.64496346422627,-8643397.7955,5327044.138400003,X,F,False,36055C_16605,16503,True,False
14815000010390000000,43.09767035237434,-77.64423659780402,-8643316.8811,5326850.106299996,X,F,False,36055C_16605,16503,True,False
14815000030590000000,43.09893703065969,-77.6451254601164,-8643415.8288,5327043.216899998,X,F,False,36055C_16605,16503,True,False
14815000030570000000,43.09894930371456,-77.64479903929163,-8643379.4918,5327045.0879999995,X,F,False,36055C_16605,16503,True,False
14815000030560000000,43.09895612076546,-77.64463588457478,-8643361.3295,5327046.1273,X,F,False,36055C_16605,16503,True,False
14815000030550000000,43.09896476457239,-77.64447034033927,-8643342.9012,5327047.445100002,X,F,False,36055C_16605,16503,True,False
14815000030540000000,43.09896932851244,-77.64430195024094,-8643324.1561,5327048.140900001,X,F,False,36055C_16605,16503,True,False
14815000030660000000,43.09950390994238,-77.64368572032909,-8643255.5577,5327129.641400001,X,F,False,36055C_16605,16503,True,False
14815000030650000000,43.09949734220258,-77.64385264797012,-8643274.14,5327128.640100002,X,F,False,36055C_16605,16503,True,False
14815000030640000000,43.099491820656645,-77.64401711871885,-8643292.448799998,5327127.798299997,X,F,False,36055C_16605,16503,True,False
14815000030630000000,43.09948567073749,-77.64417725868961,-8643310.2755,5327126.8606999945,X,F,False,36055C_16605,16503,True,False
14815000030620000000,43.09948015902941,-77.64433889255868,-8643328.268499998,5327126.020400003,X,F,False,36055C_16605,16503,True,False
14815000030860000000,43.0997530020886,-77.64452036302585,-8643348.4697,5327167.617399997,X,F,False,36055C_16605,16503,True,False
14815000030610000000,43.0995602056694,-77.64462271437438,-8643359.8634,5327138.2241,X,F,False,36055C_16605,16503,True,False
14815000030600000000,43.0993707820535,-77.64472330233001,-8643371.0608,5327109.3451,X,F,False,36055C_16605,16503,True,False
14815000010460000000,43.09940738580735,-77.64542278361083,-8643448.9267,5327114.925599999,X,F,False,36055C_16605,16503,True,False
14815000010470000000,43.09954717055704,-77.64534537668112,-8643440.3098,5327136.236799999,X,F,False,36055C_16605,16503,True,False
14815000010480000000,43.09965996652667,-77.64528764016117,-8643433.8826,5327153.433399998,X,F,False,36055C_16605,16503,True,False
14815000010490000000,43.09977284559018,-77.64522471946373,-8643426.8783,5327170.642700002,X,F,False,36055C_16605,16503,True,False
14815000010500000000,43.09988745737865,-77.64516501742995,-8643420.2323,5327188.116199999,X,F,False,36055C_16605,16503,True,False
14815000010510000000,43.09999951219233,-77.64510129004537,-8643413.1382,5327205.199900001,X,F,False,36055C_16605,16503,True,False
14815000010530000000,43.10022213162476,-77.64498321458612,-8643399.9941,5327239.1401999965,X,F,False,36055C_16605,16503,True,False
14815000010540000000,43.10033630639056,-77.64492264298313,-8643393.2513,5327256.547200001,X,F,False,36055C_16605,16503,True,False
14815000010371000000,43.09847086330651,-77.64661831908312,-8643582.0131,5326972.147200002,X,F,False,36055C_16605,16503,True,False
14815000010520000000,43.10010931307782,-77.64504274414335,-8643406.6209,5327221.939999997,X,F,False,36055C_16605,16503,True,False
14815000010360000000,43.100288876695686,-77.64629461027216,-8643545.978,5327249.316100001,X,F,False,36055C_16605,16503,True,False
14815000010450000000,43.09929764204024,-77.6454769942433,-8643454.9614,5327098.1943999985,X,F,False,36055C_16605,16503,True,False
14815000010440000000,43.09921254968696,-77.64552780385407,-8643460.6175,5327085.221500002,X,F,False,36055C_16605,16503,True,False
14815000010430000000,43.09909982963637,-77.64558978401543,-8643467.5171,5327068.036600001,X,F,False,36055C_16605,16503,True,False
14815000010420000000,43.0989873035326,-77.64564570234522,-8643473.7419,5327050.8813000005,X,F,False,36055C_16605,16503,True,False
14815000010410000000,43.09887507566925,-77.64571001632967,-8643480.901300002,5327033.771499997,X,F,False,36055C_16605,16503,True,False
14815000010400000000,43.09876743188914,-77.64577015674132,-8643487.5961,5327017.3606,X,F,False,36055C_16605,16503,True,False
14815000010380000000,43.0980759350256,-77.64631034785764,-8643547.7299,5326911.938699997,X,F,False,36055C_16605,16503,True,False
14811000010360000000,43.1065840274168,-77.64184158595032,-8643050.2696,5328209.119599997,X,F,False,36055C_16605,16503,True,False
148140000404200000RH,43.09935693158873,-77.64849732695953,-8643791.1833,5327107.233499996,X,F,False,36055C_16605,16503,True,False
148180000200200000RH,43.0974230975807,-77.65000774080352,-8643959.3218,5326812.411700002,X,F,False,36055C_16605,16503,True,False
14814000040360000000,43.100506200566585,-77.64915415533235,-8643864.3011,5327282.449199996,X,F,False,36055C_16605,16503,True,False
14814000040410000000,43.10027235424904,-77.6486618048948,-8643809.492899999,5327246.7971,X,F,False,36055C_16605,16503,True,False
14814000040400000000,43.10052339263456,-77.64852498518881,-8643794.2622,5327285.070299996,X,F,False,36055C_16605,16503,True,False
14814000040370000000,43.10025083045969,-77.6492928246695,-8643879.7377,5327243.515600003,X,F,False,36055C_16605,16503,True,False
14815000010110000000,43.10055655938715,-77.64763760958824,-8643695.480000002,5327290.126900002,X,F,False,36055C_16605,16503,True,False
14815000010120000000,43.10030275121838,-77.64777095550899,-8643710.324,5327251.431400001,X,F,False,36055C_16605,16503,True,False
14815000010130000000,43.10033274741017,-77.64713288845091,-8643639.2947,5327256.004600003,X,F,False,36055C_16605,16503,True,False
14815000010140000000,43.10058825819602,-77.64699684219438,-8643624.1501,5327294.959700003,X,F,False,36055C_16605,16503,True,False
14815000010350000000,43.100589524101565,-77.64613321804991,-8643528.0119,5327295.1527,X,F,False,36055C_16605,16503,True,False
14815000010340000000,43.1008894668995,-77.64597191835412,-8643510.0561,5327340.8821,X,F,False,36055C_16605,16503,True,False
14815000010160000000,43.10109398211024,-77.64672300155982,-8643593.6663,5327372.062700004,X,F,False,36055C_16605,16503,True,False
14815000010090000000,43.1010643378562,-77.64736367283392,-8643664.9855,5327367.5430999985,X,F,False,36055C_16605,16503,True,False
14815000010150000000,43.100840387371335,-77.64685927688673,-8643608.8364,5327333.399400003,X,F,False,36055C_16605,16503,True,False
14815000010080000000,43.101492931268616,-77.64713382000386,-8643639.3984,5327432.887199998,X,F,False,36055C_16605,16503,True,False
14815000010170000000,43.10152142355537,-77.64649467317078,-8643568.2489,5327437.2312,X,F,False,36055C_16605,16503,True,False
14815000010070000000,43.10175281073513,-77.64699671732856,-8643624.1362,5327472.509099998,X,F,False,36055C_16605,16503,True,False
14814000040270000000,43.10198278949046,-77.64773465458838,-8643706.283,5327507.572400004,AE,T,True,36055C_16226,4537,True,True
14814000040280000000,43.10172362133706,-77.64787423481722,-8643721.821,5327468.058799996,X,F,False,36055C_16225,16250,True,False
14814000040290000000,43.10146529360665,-77.64801439625604,-8643737.4237,5327428.6735000005,X,F,False,36055C_16605,16503,True,False
14814000040330000000,43.1014416444632,-77.64864814421428,-8643807.9722,5327425.067900001,X,F,False,36055C_16225,16250,True,False
14814000040380000000,43.1010356479294,-77.64824697098143,-8643763.313800002,5327363.168999999,X,F,False,36055C_16605,16503,True,False
14815000010100000000,43.10080978209041,-77.64750038923364,-8643680.2047,5327328.7333,X,F,False,36055C_16605,16503,True,False
14814000040390000000,43.10077896428014,-77.6483857067939,-8643778.7578,5327324.0348000005,X,F,False,36055C_16605,16503,True,False
14814000040340000000,43.10101620559512,-77.64887816952087,-8643833.5785,5327360.204800003,X,F,False,36055C_16225,16250,True,False
14814000040350000000,43.10076158010297,-77.64901538358727,-8643848.853100002,5327321.384400002,X,F,False,36055C_16605,16503,True,False
14814000040130000000,43.10164800549488,-77.6494027506125,-8643891.9746,5327456.530199998,AE,T,True,36055C_16226,4537,True,True
14814000040140000000,43.10194664049971,-77.64924494626148,-8643874.407899998,5327502.060999996,AE,T,True,36055C_16226,4537,True,True
14814000040320000000,43.10169837190296,-77.64850904099083,-8643792.4873,5327464.209200002,AE,T,True,36055C_16226,4537,True,True
14814000040310000000,43.10195706004807,-77.64836998178487,-8643777.0073,5327503.649599999,AE,T,True,36055C_16226,4537,True,True
14814000040300000000,43.102214652416095,-77.64823093335868,-8643761.5285,5327542.923100002,AE,T,True,36055C_16226,4537,True,True
14814000040160000000,43.10254653428528,-77.64892574339999,-8643838.8744,5327593.523299999,AE,T,True,36055C_16226,4537,True,True
14814000040012000000,43.10253712687364,-77.65001585259054,-8643960.2248,5327592.089000001,AE,T,True,36055C_16236,4541,True,True
14814000040150000000,43.10224643235294,-77.64908540816197,-8643856.6482,5327547.768399998,AE,T,True,36055C_16226,4537,True,True
14814000040170000000,43.10284694694805,-77.64876631669159,-8643821.1271,5327639.325800001,AE,T,True,36055C_16226,4537,True,True
14814000040180000000,43.103096485923295,-77.64863189548743,-8643806.163400002,5327677.371999999,AE,T,True,36055C_16226,4537,True,True
14814000040191000000,43.10340094791113,-77.64847275444325,-8643788.4479,5327723.7923,AE,T,True,36055C_16226,4537,True,True
14814000040193000000,43.10337619960502,-77.64810844986631,-8643747.8937,5327720.019000001,AE,T,True,36055C_16226,4537,True,True
14814000040192000000,43.1032343228096,-77.6485609824789,-8643798.2694,5327698.387500002,AE,T,True,36055C_16226,4537,True,True
14814000040202000000,43.10294808308658,-77.64826480882803,-8643765.2995,5327654.745599999,AE,T,True,36055C_16226,4537,True,True
14814000040230000000,43.10288852285567,-77.64786948183105,-8643721.2919,5327645.6647,AE,T,True,36055C_16226,4537,True,True
14814000040260000000,43.10223850721099,-77.64759638769648,-8643690.8912,5327546.560099996,AE,T,True,36055C_16226,4537,True,True
14814000040240000000,43.10263391761211,-77.64800787179215,-8643736.6974,5327606.846199996,AE,T,True,36055C_16226,4537,True,True
14814000040220000000,43.10291256497109,-77.64723167438608,-8643650.291500002,5327649.330300002,AE,T,True,36055C_16226,4537,True,True
14814000040250000000,43.10266002259356,-77.64737023592538,-8643665.7161,5327610.826300002,AE,T,True,36055C_16226,4537,True,True
14814000040200000000,43.10329286084203,-77.64750283354952,-8643680.4768,5327707.312600002,AE,T,True,36055C_16226,4537,True,True
14814000040210000000,43.10331640760893,-77.64686536926098,-8643609.514600001,5327710.902699999,AE,T,True,36055C_16226,4537,True,True
14815000010230000000,43.1033514899858,-77.64565764724354,-8643475.071599998,5327716.251599996,X,F,False,36055C_16605,16503,True,False
14815000010020000000,43.10334221059448,-77.64597556371754,-8643510.4619,5327714.8368,X,F,False,36055C_16605,16503,True,False
14815000010030000000,43.10294789222423,-77.64634855051172,-8643551.9826,5327654.716499999,AE,T,True,36055C_16226,4537,True,True
14815000010220000000,43.102966291745176,-77.64570944230621,-8643480.8374,5327657.5217999965,X,F,False,36055C_16605,16503,True,False
14815000010210000000,43.10271377254536,-77.6458452406277,-8643495.9544,5327619.021300003,X,F,False,36055C_16605,16503,True,False
14815000010050000000,43.102264538901146,-77.64671952418135,-8643593.2792,5327550.528999997,X,F,False,36055C_16605,16503,True,False
14815000010200000000,43.10228661293145,-77.64608016354923,-8643522.1059,5327553.894500003,X,F,False,36055C_16605,16503,True,False
14815000010040000000,43.10269300191675,-77.64648610144634,-8643567.2947,5327615.854500004,AE,T,True,36055C_16226,4537,True,True
14815000010060000000,43.10200917481641,-77.64685642743065,-8643608.5192,5327511.595200001,X,F,False,36055C_16605,16503,True,False
14815000010180000000,43.10177664472131,-77.64635887125601,-8643553.1315,5327476.142899997,X,F,False,36055C_16605,16503,True,False
14815000010190000000,43.10203109873896,-77.64621844122092,-8643537.4989,5327514.937799998,X,F,False,36055C_16605,16503,True,False
14815000010310000000,43.101784854582256,-77.64548286742861,-8643455.6152,5327477.3945999965,X,F,False,36055C_16605,16503,True,False
14815000010320000000,43.10148425633541,-77.64564682434101,-8643473.8668,5327431.564599999,X,F,False,36055C_16605,16503,True,False
14815000010330000000,43.10118839026625,-77.64580761469203,-8643491.765899999,5327386.456299998,X,F,False,36055C_16605,16503,True,False
14815000010300000000,43.10208305078265,-77.64532279842476,-8643437.7964,5327522.858599998,X,F,False,36055C_16605,16503,True,False
14815000010660000000,43.101911029977884,-77.64407719085854,-8643299.136,5327496.631700003,X,F,False,36055C_16605,16503,True,False
14815000010670000000,43.102020879250986,-77.64402176839877,-8643292.9664,5327513.379699997,X,F,False,36055C_16605,16503,True,False
14815000010680000000,43.10213292556893,-77.64395504603104,-8643285.5389,5327530.462700004,X,F,False,36055C_16605,16503,True,False
14815000010690000000,43.10224428233937,-77.6438983497602,-8643279.2275,5327547.440599998,X,F,False,36055C_16605,16503,True,False
14815000010700000000,43.10235489578316,-77.64384240627757,-8643272.9999,5327564.305200003,X,F,False,36055C_16605,16503,True,False
14815000010290000000,43.10237479288032,-77.6451645206616,-8643420.177000001,5327567.338799997,X,F,False,36055C_16605,16503,True,False
14815000010280000000,43.10266927126158,-77.64500316527027,-8643402.215,5327612.2364,X,F,False,36055C_16605,16503,True,False
14815000010270000000,43.10296675020823,-77.64484241983502,-8643384.3209,5327657.591700001,X,F,False,36055C_16605,16503,True,False
14815000010240000000,43.10336249696344,-77.64534010985861,-8643439.7235,5327717.929799996,X,F,False,36055C_16605,16503,True,False
14815000010260000000,43.1033879798603,-77.64445444285369,-8643341.1315,5327721.815099998,X,F,False,36055C_16605,16503,True,False
14815000010730000000,43.10269397722083,-77.64365482996142,-8643252.119,5327616.003200003,X,F,False,36055C_16605,16503,True,False
14815000010720000000,43.102583077766496,-77.64371777132011,-8643259.1256,5327599.094899997,X,F,False,36055C_16605,16503,True,False
14815000010710000000,43.10246754294043,-77.64377673044714,-8643265.6889,5327581.479900002,X,F,False,36055C_16605,16503,True,False
14815000010740000000,43.102806356152776,-77.64359727490114,-8643245.712,5327633.137100002,X,F,False,36055C_16605,16503,True,False
14815000010750000000,43.10292173095948,-77.64353225933247,-8643238.474500002,5327650.727799998,X,F,False,36055C_16605,16503,True,False
14815000020120000000,43.10300104572496,-77.64276620480425,-8643153.1977,5327662.820600002,X,F,False,36055C_16605,16503,True,False
14815000010760000000,43.10303185126666,-77.64347633291783,-8643232.2488,5327667.517399995,X,F,False,36055C_16605,16503,True,False
14815000010770000000,43.10314299258452,-77.64341389192074,-8643225.2979,5327684.462700003,X,F,False,36055C_16605,16503,True,False
14815000010780000000,43.103312438220605,-77.64332481407885,-8643215.3818,5327710.297499999,X,F,False,36055C_16605,16503,True,False
14815000010790000000,43.103556025175045,-77.64332064769256,-8643214.918,5327747.436499998,X,F,False,36055C_16605,16503,True,False
14815000010800000000,43.10356578201296,-77.64304830095631,-8643184.6005,5327748.924099997,X,F,False,36055C_16605,16503,True,False
14815000020110000000,43.1031901996921,-77.64266603007366,-8643142.0463,5327691.660199999,X,F,False,36055C_16605,16503,True,False
14815000020130000000,43.1026653228197,-77.64295008994291,-8643173.6677,5327611.634400002,X,F,False,36055C_16605,16503,True,False
14815000020041000000,43.10336334632792,-77.6420850006462,-8643077.3664,5327718.059299996,X,F,False,36055C_16605,16503,True,False
14815000020190000000,43.10260798905346,-77.64188772611824,-8643055.4059,5327602.892999999,X,F,False,36055C_16605,16503,True,False
14815000020180000000,43.1026008779154,-77.64213023531235,-8643082.4019,5327601.808799996,X,F,False,36055C_16605,16503,True,False
14815000020170000000,43.102593875654,-77.64234098636621,-8643105.8626,5327600.741200001,X,F,False,36055C_16605,16503,True,False
14815000020150000000,43.10258196669178,-77.64267210807488,-8643142.7229,5327598.925499998,X,F,False,36055C_16605,16503,True,False
14815000020160000000,43.10258852688595,-77.6425122950909,-8643124.9326,5327599.925700001,X,F,False,36055C_16605,16503,True,False
14815000020370000000,43.10219782287558,-77.64287659787122,-8643165.4866,5327540.357199996,X,F,False,36055C_16605,16503,True,False
14815000020140000000,43.10247144810637,-77.64305492603151,-8643185.338,5327582.075300001,X,F,False,36055C_16605,16503,True,False
14815000020380000000,43.10228210039819,-77.6431577454023,-8643196.7838,5327553.2065,X,F,False,36055C_16605,16503,True,False
14815000020390000000,43.10209091494662,-77.64326146578334,-8643208.3299,5327524.057599998,X,F,False,36055C_16605,16503,True,False
14815000020360000000,43.10220469138029,-77.64271597460684,-8643147.6061,5327541.404399996,X,F,False,36055C_16605,16503,True,False
14815000020400000000,43.10175939397453,-77.64343890281488,-8643228.0821,5327473.5128,X,F,False,36055C_16605,16503,True,False
14815000020450000000,43.10169341069224,-77.64266043626438,-8643141.4236,5327463.452799998,X,F,False,36055C_16605,16503,True,False
14815000020350000000,43.1022103353334,-77.64254695209455,-8643128.7906,5327542.264899999,X,F,False,36055C_16605,16503,True,False
14815000020340000000,43.10221588549343,-77.64237689202811,-8643109.8596,5327543.111100002,X,F,False,36055C_16605,16503,True,False
14815000020330000000,43.10222059545507,-77.64221543512714,-8643091.8863,5327543.829199999,X,F,False,36055C_16605,16503,True,False
14815000020320000000,43.10222711567851,-77.64205243761548,-8643073.7415,5327544.823299996,X,F,False,36055C_16605,16503,True,False
14815000020310000000,43.10223249202562,-77.64188974283606,-8643055.6304,5327545.642999999,X,F,False,36055C_16605,16503,True,False
14815000020300000000,43.10223736399131,-77.64172390035988,-8643037.1689,5327546.385799996,X,F,False,36055C_16605,16503,True,False
14815000020500000000,43.10172288476424,-77.64183825409893,-8643049.8987,5327467.946500003,X,F,False,36055C_16605,16503,True,False
14815000020490000000,43.10171685837791,-77.6420045852586,-8643068.4146,5327467.0276999995,X,F,False,36055C_16605,16503,True,False
14815000020480000000,43.10171141180451,-77.64216980160903,-8643086.8064,5327466.197300001,X,F,False,36055C_16605,16503,True,False
14815000020470000000,43.101705470683775,-77.64233052189147,-8643104.6977,5327465.291500002,X,F,False,36055C_16605,16503,True,False
14815000020460000000,43.10169918521614,-77.64249573464862,-8643123.0891,5327464.333199999,X,F,False,36055C_16605,16503,True,False
14815000020560000000,43.10134562645945,-77.6418833333565,-8643054.9169,5327410.428800002,X,F,False,36055C_16605,16503,True,False
14815000020570000000,43.101340587167854,-77.64204436804928,-8643072.8432,5327409.660499997,X,F,False,36055C_16605,16503,True,False
14815000020800000000,43.10093087425681,-77.64179085359463,-8643044.6221,5327347.195100002,X,F,False,36055C_16605,16503,True,False
14815000020580000000,43.10133410358048,-77.64221069022582,-8643091.3581,5327408.6719999965,X,F,False,36055C_16605,16503,True,False
14815000020590000000,43.10132821423937,-77.64237561192883,-8643109.7171,5327407.774099999,X,F,False,36055C_16605,16503,True,False
14815000020600000000,43.10132184936892,-77.64253599713966,-8643127.5711,5327406.803700001,X,F,False,36055C_16605,16503,True,False
14815000020610000000,43.10131542349892,-77.64270232290947,-8643146.0864,5327405.823999999,X,F,False,36055C_16605,16503,True,False
14815000020620000000,43.10131000902896,-77.64286806387601,-8643164.5366,5327404.998499997,X,F,False,36055C_16605,16503,True,False
14815000020630000000,43.10130469687929,-77.64303611081789,-8643183.2435,5327404.188600002,X,F,False,36055C_16605,16503,True,False
14815000020680000000,43.100854869794624,-77.64392776329757,-8643282.501800003,5327335.607400001,X,F,False,36055C_16605,16503,True,False
14815000020640000000,43.10129837201636,-77.64320379034882,-8643201.9095,5327403.224299996,X,F,False,36055C_16605,16503,True,False
14815000020650000000,43.101292762742,-77.64336652465413,-8643220.025,5327402.369099996,X,F,False,36055C_16605,16503,True,False
14815000020440000000,43.1016876394473,-77.64282922251975,-8643160.2128,5327462.572899998,X,F,False,36055C_16605,16503,True,False
14815000020430000000,43.10168087386058,-77.64299707183228,-8643178.8977,5327461.5413999995,X,F,False,36055C_16605,16503,True,False
14815000020420000000,43.10167490387737,-77.64315809035539,-8643196.8222,5327460.6312,X,F,False,36055C_16605,16503,True,False
14815000020410000000,43.10156777990035,-77.64354357451178,-8643239.7341,5327444.298799999,X,F,False,36055C_16605,16503,True,False
14815000010650000000,43.10180053969661,-77.64413879642241,-8643305.9939,5327479.785999997,X,F,False,36055C_16605,16503,True,False
14815000010640000000,43.10168656049533,-77.64419839514994,-8643312.6284,5327462.408399999,X,F,False,36055C_16605,16503,True,False
14815000010630000000,43.101576759814805,-77.64425987225472,-8643319.472,5327445.667900003,X,F,False,36055C_16605,16503,True,False
14815000010620000000,43.101464695425626,-77.64431810554302,-8643325.9545,5327428.582299999,X,F,False,36055C_16605,16503,True,False
14815000020660000000,43.101376731269184,-77.6436474296401,-8643251.2952,5327415.171099997,X,F,False,36055C_16605,16503,True,False
14815000020670000000,43.1011870259876,-77.64375189292787,-8643262.924,5327386.248300001,X,F,False,36055C_16605,16503,True,False
14815000010590000000,43.10112297306956,-77.64450158284653,-8643346.3791,5327376.482699997,X,F,False,36055C_16605,16503,True,False
14815000010600000000,43.10123844615456,-77.64444149363887,-8643339.69,5327394.087899999,X,F,False,36055C_16605,16503,True,False
14815000010610000000,43.1013502781128,-77.64438215811772,-8643333.0848,5327411.137999995,X,F,False,36055C_16605,16503,True,False
14815000010580000000,43.10100814320972,-77.64456194514204,-8643353.0986,5327358.975599997,X,F,False,36055C_16605,16503,True,False
14815000010560000000,43.10055920204834,-77.64480207559728,-8643379.8298,5327290.529799998,X,F,False,36055C_16605,16503,True,False
14815000010570000000,43.10078404887555,-77.64468351235283,-8643366.6314,5327324.8100000005,X,F,False,36055C_16605,16503,True,False
14815000010550000000,43.10044757525717,-77.64486468996921,-8643386.8,5327273.511200003,X,F,False,36055C_16605,16503,True,False
14815000020950000000,43.100280783386616,-77.64423815278776,-8643317.054199997,5327248.082199997,X,F,False,36055C_16605,16503,True,False
14815000020940000000,43.100472649423,-77.64413375687367,-8643305.4329,5327277.333999998,X,F,False,36055C_16605,16503,True,False
14815000020690000000,43.10066415804375,-77.64403002301792,-8643293.8853,5327306.531400003,X,F,False,36055C_16605,16503,True,False
14815000020930000000,43.10038926932057,-77.64385200926796,-8643274.0689,5327264.6219,X,F,False,36055C_16605,16503,True,False
14815000020920000000,43.1003945415391,-77.6436907697593,-8643256.119800001,5327265.425700001,X,F,False,36055C_16605,16503,True,False
14815000030870000000,43.09994570016921,-77.6444146717411,-8643336.7042,5327196.995800002,X,F,False,36055C_16605,16503,True,False
14815000030850000000,43.09986336160189,-77.64413400391038,-8643305.4604,5327184.442599996,X,F,False,36055C_16605,16503,True,False
14815000030820000000,43.09988224742861,-77.64364611450652,-8643251.1488,5327187.321900002,X,F,False,36055C_16605,16503,True,False
14815000030830000000,43.09987616510813,-77.64381054842434,-8643269.4535,5327186.3945999965,X,F,False,36055C_16605,16503,True,False
14815000030840000000,43.09986945704197,-77.64397129924949,-8643287.3482,5327185.371899999,X,F,False,36055C_16605,16503,True,False
14815000030800000000,43.09989546481454,-77.64331119741577,-8643213.866,5327189.336999997,X,F,False,36055C_16605,16503,True,False
14815000030810000000,43.09988935953832,-77.64347942491904,-8643232.593,5327188.406199999,X,F,False,36055C_16605,16503,True,False
14815000030790000000,43.09990155697184,-77.6431504681502,-8643195.9737,5327190.2658,X,F,False,36055C_16605,16503,True,False
14815000020880000000,43.100418420656005,-77.64302707286784,-8643182.2374,5327269.066299997,X,F,False,36055C_16605,16503,True,False
14815000020890000000,43.10041215670134,-77.64319484582354,-8643200.9138,5327268.111299998,X,F,False,36055C_16605,16503,True,False
14815000020910000000,43.10040131841845,-77.64352792046964,-8643237.9915,5327266.458899997,X,F,False,36055C_16605,16503,True,False
14815000020900000000,43.100406333518606,-77.64336225585988,-8643219.5498,5327267.2234999975,X,F,False,36055C_16605,16503,True,False
14815000020710000000,43.10077642919725,-77.64348387068137,-8643233.0879,5327323.6483,X,F,False,36055C_16605,16503,True,False
14815000020700000000,43.10077137870844,-77.64364511737655,-8643251.0378,5327322.878300003,X,F,False,36055C_16605,16503,True,False
14815000020730000000,43.10078785576275,-77.64315247139326,-8643196.1967,5327325.3904,X,F,False,36055C_16605,16503,True,False
14815000020720000000,43.10078301057389,-77.64331968200362,-8643214.810499998,5327324.6516999975,X,F,False,36055C_16605,16503,True,False
14815000020740000000,43.10079339752489,-77.64298614382683,-8643177.6812,5327326.235299996,X,F,False,36055C_16605,16503,True,False
14815000020760000000,43.10080413276094,-77.64265989817353,-8643141.3637,5327327.872000001,X,F,False,36055C_16605,16503,True,False
14815000020750000000,43.10079954140952,-77.64281823342887,-8643158.9895,5327327.171999998,X,F,False,36055C_16605,16503,True,False
14815000020870000000,43.1004228231335,-77.64286873851078,-8643164.6117,5327269.737499996,X,F,False,36055C_16605,16503,True,False
14815000020860000000,43.10042822325187,-77.64270399826748,-8643146.272900002,5327270.5608,X,F,False,36055C_16605,16503,True,False
14815000020850000000,43.10043362468156,-77.64253378009754,-8643127.3243,5327271.3843,X,F,False,36055C_16605,16503,True,False
14815000020840000000,43.1004390457881,-77.64237181654676,-8643109.2946,5327272.210799998,X,F,False,36055C_16605,16503,True,False
14815000020770000000,43.10080975913365,-77.64249655750542,-8643123.1807,5327328.729799999,X,F,False,36055C_16605,16503,True,False
14815000020790000000,43.10082107746823,-77.64216591280217,-8643086.3735,5327330.455399997,X,F,False,36055C_16605,16503,True,False
14815000020780000000,43.10081539337672,-77.64232746941612,-8643104.3579,5327329.588799996,X,F,False,36055C_16605,16503,True,False
14815000020820000000,43.100542450762056,-77.64199958523574,-8643067.858,5327287.975900001,X,F,False,36055C_16605,16503,True,False
14815000020830000000,43.10035403241872,-77.64210052443264,-8643079.0945,5327259.2497000005,X,F,False,36055C_16605,16503,True,False
14815000020810000000,43.10073682417083,-77.64189350857372,-8643056.0496,5327317.610100001,X,F,False,36055C_16605,16503,True,False
14815000030320000000,43.10010943507798,-77.64151850865501,-8643014.3048,5327221.958599999,X,F,False,36055C_16605,16503,True,False
14815000030750000000,43.100023693840456,-77.64228189069523,-8643099.2841,5327208.886600001,X,F,False,36055C_16605,16503,True,False
14815000030330000000,43.09999744999257,-77.64158573587592,-8643021.7885,5327204.885499998,X,F,False,36055C_16605,16503,True,False
14815000030340000000,43.09988738457184,-77.6416428040493,-8643028.1413,5327188.1050999975,X,F,False,36055C_16605,16503,True,False
14815000030350000000,43.0997756673509,-77.64170193385624,-8643034.7236,5327171.072899997,X,F,False,36055C_16605,16503,True,False
14815000030360000000,43.099659564448,-77.64176650835213,-8643041.912000002,5327153.372100002,X,F,False,36055C_16605,16503,True,False
14815000030370000000,43.09954816165335,-77.64182403107303,-8643048.3154,5327136.387900002,X,F,False,36055C_16605,16503,True,False
14815000030740000000,43.0998323970456,-77.64238424833198,-8643110.6785,5327179.721799998,X,F,False,36055C_16605,16503,True,False
14815000030760000000,43.09991756068835,-77.64265532125717,-8643140.8542,5327192.705700003,X,F,False,36055C_16605,16503,True,False
14815000030770000000,43.09991307093757,-77.64281651135849,-8643158.7978,5327192.0212,X,F,False,36055C_16605,16503,True,False
14815000030780000000,43.09990565317328,-77.64298762514875,-8643177.846099999,5327190.890299997,X,F,False,36055C_16605,16503,True,False
14815000030720000000,43.09944754463588,-77.64258917201458,-8643133.4905,5327121.048100001,X,F,False,36055C_16605,16503,True,False
14815000030730000000,43.0996393890143,-77.64248732551926,-8643122.153,5327150.2962,X,F,False,36055C_16605,16503,True,False
14815000030710000000,43.099533425735466,-77.64286183675445,-8643163.8434,5327134.141299998,X,F,False,36055C_16605,16503,True,False
14815000030700000000,43.09952855749011,-77.64302206655674,-8643181.6801,5327133.399099998,X,F,False,36055C_16605,16503,True,False
14815000030690000000,43.09952059920032,-77.64319406518756,-8643200.8269,5327132.185800001,X,F,False,36055C_16605,16503,True,False
14815000030680000000,43.09951602611846,-77.64335824488215,-8643219.1033,5327131.488600001,X,F,False,36055C_16605,16503,True,False
14815000030670000000,43.099509619736565,-77.64351793030536,-8643236.8794,5327130.5119,X,F,False,36055C_16605,16503,True,False
14815000030450000000,43.09903181208412,-77.6428159957255,-8643158.740399998,5327057.666900001,X,F,False,36055C_16605,16503,True,False
14815000030440000000,43.09903574567402,-77.64264972565125,-8643140.2313,5327058.266599997,X,F,False,36055C_16605,16503,True,False
14815000030430000000,43.09904219014923,-77.64248519112213,-8643121.9154,5327059.2491,X,F,False,36055C_16605,16503,True,False
14815000030420000000,43.099049806107786,-77.64232089015498,-8643103.6255,5327060.4102,X,F,False,36055C_16605,16503,True,False
14815000030400000000,43.09906475269429,-77.64194529465323,-8643061.8144,5327062.6889,X,F,False,36055C_16605,16503,True,False
14815000030410000000,43.09905552512729,-77.64215811991707,-8643085.506,5327061.2820999995,X,F,False,36055C_16605,16503,True,False
14815000030380000000,43.0994367553764,-77.64188413734868,-8643055.006399998,5327119.403200002,X,F,False,36055C_16605,16503,True,False
14815000030310000000,43.10022180957122,-77.64146381472892,-8643008.2163,5327239.091099998,X,F,False,36055C_16605,16503,True,False
14815000030300000000,43.10033685932464,-77.64140122281489,-8643001.2486,5327256.631499999,X,F,False,36055C_16605,16503,True,False
14815000030290000000,43.10044960202255,-77.64134025235991,-8642994.4614,5327273.820200003,X,F,False,36055C_16605,16503,True,False
14815000030280000000,43.10056050665319,-77.64127943192359,-8642987.6909,5327290.728699996,X,F,False,36055C_16605,16503,True,False
14815000030260000000,43.100785399389146,-77.6411592858476,-8642974.316300001,5327325.015899999,X,F,False,36055C_16605,16503,True,False
14815000030270000000,43.10067222309802,-77.64122189842291,-8642981.2863,5327307.761000001,X,F,False,36055C_16605,16503,True,False
14815000030210000000,43.10134630007027,-77.64086261273346,-8642941.2908,5327410.531499996,X,F,False,36055C_16605,16503,True,False
14815000030220000000,43.1012333379844,-77.64091888050791,-8642947.5545,5327393.3091,X,F,False,36055C_16605,16503,True,False
14815000030240000000,43.10101182874058,-77.64103967696416,-8642961.0015,5327359.5375000015,X,F,False,36055C_16605,16503,True,False
14815000030230000000,43.10112172685214,-77.64098194044422,-8642954.5743,5327376.2927,X,F,False,36055C_16605,16503,True,False
14815000030250000000,43.10090050777099,-77.64109897745101,-8642967.6028,5327342.565399997,X,F,False,36055C_16605,16503,True,False
14815000020540000000,43.101453566765215,-77.64150819599554,-8643013.1568,5327426.885600001,X,F,False,36055C_16605,16503,True,False
14815000020550000000,43.101263326505325,-77.64161013052578,-8643024.5041,5327397.881200001,X,F,False,36055C_16605,16503,True,False
14815000030200000000,43.10146186390422,-77.64080015466837,-8642934.337999998,5327428.150599999,X,F,False,36055C_16605,16503,True,False
14815000030190000000,43.10157376825919,-77.64073569246192,-8642927.1621,5327445.211800001,X,F,False,36055C_16605,16503,True,False
14815000020530000000,43.10164432197004,-77.64140624978721,-8643001.8082,5327455.9685999965,X,F,False,36055C_16605,16503,True,False
14815000020510000000,43.10172737634999,-77.64167937446452,-8643032.2123,5327468.631300002,X,F,False,36055C_16605,16503,True,False
14815000020520000000,43.10183501099092,-77.64130294712278,-8642990.3086,5327485.041599995,X,F,False,36055C_16605,16503,True,False
14815000020290000000,43.1022433890146,-77.6415594502724,-8643018.8624,5327547.304399998,X,F,False,36055C_16605,16503,True,False
14815000020280000000,43.10224914840109,-77.64139596048393,-8643000.6628,5327548.182499996,X,F,False,36055C_16605,16503,True,False
14815000030170000000,43.10179502032612,-77.6406182664846,-8642914.0903,5327478.9445,X,F,False,36055C_16605,16503,True,False
14815000030180000000,43.10168410481369,-77.64068115394439,-8642921.0909,5327462.034000002,X,F,False,36055C_16605,16503,True,False
14815000030160000000,43.10190735827499,-77.64055690705912,-8642907.2598,5327496.071900002,X,F,False,36055C_16605,16503,True,False
14815000030150000000,43.10202218841599,-77.64049851836228,-8642900.76,5327513.5793,X,F,False,36055C_16605,16503,True,False
14815000030140000000,43.10213536483524,-77.64043566503848,-8642893.7632,5327530.834600001,X,F,False,36055C_16605,16503,True,False
14815000030130000000,43.10224790876554,-77.6403743936479,-8642886.9425,5327547.993500001,X,F,False,36055C_16605,16503,True,False
14815000030100000000,43.10258249927308,-77.6401946380646,-8642866.932200002,5327599.006700002,X,F,False,36055C_16605,16503,True,False
14815000030110000000,43.10247348595488,-77.64025413438418,-8642873.5553,5327582.386,X,F,False,36055C_16605,16503,True,False
14815000030120000000,43.10236283206013,-77.64031358039811,-8642880.1728,5327565.5151999965,X,F,False,36055C_16605,16503,True,False
14815000030090000000,43.10269177212845,-77.64013545166378,-8642860.3436,5327615.667000002,X,F,False,36055C_16605,16503,True,False
14815000020240000000,43.10274344026852,-77.64080938216298,-8642935.3652,5327623.544600002,X,F,False,36055C_16605,16503,True,False
14815000020270000000,43.10216361283091,-77.6411206232561,-8642970.012400001,5327535.141400002,X,F,False,36055C_16605,16503,True,False
14815000020260000000,43.10235259098316,-77.64102072879987,-8642958.8922,5327563.9538,X,F,False,36055C_16605,16503,True,False
14815000020250000000,43.10254670350454,-77.64091313488335,-8642946.9149,5327593.549099997,X,F,False,36055C_16605,16503,True,False
14815000020230000000,43.10263427244741,-77.64118838317799,-8642977.5554,5327606.900300004,X,F,False,36055C_16605,16503,True,False
14815000020220000000,43.10262804544916,-77.64135348454404,-8642995.9344,5327605.950900003,X,F,False,36055C_16605,16503,True,False
14815000020210000000,43.10262160463082,-77.64151735521817,-8643014.1764,5327604.968900002,X,F,False,36055C_16605,16503,True,False
14815000020200000000,43.1026163909781,-77.64168305935381,-8643032.6225,5327604.174000001,X,F,False,36055C_16605,16503,True,False
14815000020052000000,43.10323461074147,-77.64154160793422,-8643016.8762,5327698.4314,X,F,False,36055C_16605,16503,True,False
14815000020051000000,43.10334046398568,-77.64099936237083,-8642956.5137,5327714.570500001,X,F,False,36055C_16605,16503,True,False
14815000030010000000,43.10362263412432,-77.63976817815482,-8642819.4589,5327757.592200004,X,F,False,36055C_16605,16503,True,False
14815000030030000000,43.1033709230521,-77.63977487150201,-8642820.204,5327719.214500001,X,F,False,36055C_16605,16503,True,False
14815000030040000000,43.10325868157975,-77.63982938396838,-8642826.2723,5327702.101400004,X,F,False,36055C_16605,16503,True,False
14815000030050000000,43.10314699740144,-77.63989447499557,-8642833.5182,5327685.073299997,X,F,False,36055C_16605,16503,True,False
14815000030080000000,43.1028055913898,-77.64007712315409,-8642853.8505,5327633.020499995,X,F,False,36055C_16605,16503,True,False
14815000030070000000,43.10292388619637,-77.64001394464015,-8642846.8175,5327651.056400001,X,F,False,36055C_16605,16503,True,False
14815000030060000000,43.10303607581186,-77.63994855177904,-8642839.538,5327668.1614999985,X,F,False,36055C_16605,16503,True,False
14815000030020000000,43.10362958445378,-77.63950467892579,-8642790.1263,5327758.651899999,X,F,False,36055C_16605,16503,True,False
14811000010100000000,43.10360766503889,-77.636523757996,-8642458.291700002,5327755.309900001,X,F,False,36055C_16605,16503,True,False
14811000010090000000,43.10364572230646,-77.63594523396986,-8642393.8907,5327761.112400003,X,F,False,36055C_16605,16503,True,False
14816000010010000000,43.10247229026841,-77.63393523555533,-8642170.1387,5327582.203699997,X,F,False,36055C_16605,16503,True,False
14812000030820000000,43.103399270171344,-77.63449795552069,-8642232.7804,5327723.5365,X,F,False,36055C_16605,16503,True,False
14816000010020000000,43.10113903353043,-77.63472484031705,-8642258.0371,5327378.9313,X,F,False,36055C_16605,16503,True,False
14815000030391000000,43.10011789441008,-77.63896903957301,-8642730.4992,5327223.248300001,X,F,False,36055C_16605,16503,True,False
14819000010231000000,43.09590992996486,-77.63904646806229,-8642739.1185,5326581.7289,X,F,False,36055C_16605,16503,True,False
14819000010150000000,43.09696612493845,-77.63978887623729,-8642821.763,5326742.745499998,X,F,False,36055C_16225,16250,True,False
14819000010160000000,43.09655227386639,-77.64010165973775,-8642856.5819,5326679.653700002,X,F,False,36055C_16605,16503,True,False
14819000010270000000,43.09636977832366,-77.63795048029654,-8642617.1137,5326651.832299998,X,F,False,36055C_16605,16503,True,False
14819000010280000000,43.09611417974646,-77.63808654541766,-8642632.2604,5326612.866499999,X,F,False,36055C_16605,16503,True,False
14819000010300000000,43.09560298135933,-77.63835867476165,-8642662.5537,5326534.935199998,X,F,False,36055C_16605,16503,True,False
14819000010290000000,43.09585858010241,-77.63822261053882,-8642647.4071,5326573.900700002,X,F,False,36055C_16605,16503,True,False
14819000010561000000,43.096507680862366,-77.63664345671097,-8642471.6165,5326672.855499998,X,F,False,36055C_16605,16503,True,False
14819000010260000000,43.09662537714589,-77.63781441248047,-8642601.9667,5326690.798299999,X,F,False,36055C_16605,16503,True,False
14819000010250000000,43.09688097555718,-77.63767834466438,-8642586.8197,5326729.764399998,X,F,False,36055C_16605,16503,True,False
14819000010240000000,43.097136573557535,-77.63754227505166,-8642571.672500001,5326768.7305999985,X,F,False,36055C_16605,16503,True,False
14815000030880000000,43.09818123898796,-77.63617220051293,-8642419.1565,5326927.992700004,X,F,False,36055C_16605,16503,True,False
14819000010640000000,43.09708325819409,-77.63652323697312,-8642458.233699998,5326760.602600001,X,F,False,36055C_16605,16503,True,False
14819000010630000000,43.09711090111383,-77.63579498804366,-8642377.1654,5326764.816799998,X,F,False,36055C_16605,16503,True,False
14819000010620000000,43.0971250111856,-77.63542109484936,-8642335.5438,5326766.9679,X,F,False,36055C_16605,16503,True,False
14820000020051000000,43.097230796935456,-77.63261688511236,-8642023.3806,5326783.0951,X,F,False,36055C_16605,16503,True,False
14820000020011000000,43.09716409444723,-77.634385275343,-8642220.2369,5326772.9262000015,X,F,False,36055C_16605,16503,True,False
14819000010610000000,43.097139119286254,-77.63504719896012,-8642293.9219,5326769.118699997,X,F,False,36055C_16605,16503,True,False
14819000010600000000,43.09632829047907,-77.63565375850794,-8642361.4438,5326645.507499999,X,F,False,36055C_16605,16503,True,False
14820000020130000000,43.09657067137368,-77.63497743579515,-8642286.1559,5326682.458400001,X,F,False,36055C_16605,16503,True,False
14820000020150000000,43.09614234590165,-77.63483452191828,-8642270.2468,5326617.160400003,X,F,False,36055C_16605,16503,True,False
14820000020120000000,43.096584778946095,-77.63460354439748,-8642244.5345,5326684.6091,X,F,False,36055C_16605,16503,True,False
14820000020111000000,43.09660593800281,-77.6340427081993,-8642182.1025,5326687.8347999975,X,F,False,36055C_16605,16503,True,False
14820000020170000000,43.09617055927271,-77.63408674451284,-8642187.0046,5326621.4614999965,X,F,False,36055C_16605,16503,True,False
14820000020160000000,43.09615645357273,-77.63446063321557,-8642228.6257,5326619.311099999,X,F,False,36055C_16605,16503,True,False
14820000020250000000,43.09561916002953,-77.63400744752778,-8642178.1773,5326537.401600003,X,F,False,36055C_16605,16503,True,False
14820000020260000000,43.09560483511084,-77.63438129041641,-8642219.7933,5326535.217799998,X,F,False,36055C_16605,16503,True,False
14820000020270000000,43.09559050822094,-77.63475513330505,-8642261.4093,5326533.033699997,X,F,False,36055C_16605,16503,True,False
14820000020280000000,43.09557617935981,-77.63512897799032,-8642303.0255,5326530.849299997,X,F,False,36055C_16605,16503,True,False
14820000020290000000,43.095561851151295,-77.63550282177727,-8642344.6416,5326528.664999999,X,F,False,36055C_16605,16503,True,False
14820000020140000000,43.09612823757129,-77.63520840972268,-8642311.8678,5326615.009599998,X,F,False,36055C_16605,16503,True,False
14819000010551000000,43.09603308169186,-77.63689366356874,-8642499.4694,5326600.503200003,X,F,False,36055C_16605,16503,True,False
14819000010542000000,43.09528001776327,-77.63758672548855,-8642576.6207,5326485.7003,X,F,False,36055C_16605,16503,True,False
14819000010510000000,43.095107390097375,-77.63683650466554,-8642493.106500002,5326459.3838,X,F,False,36055C_16605,16503,True,False
14819000010520000000,43.09512218414965,-77.63646265638701,-8642451.4899,5326461.6391,X,F,False,36055C_16605,16503,True,False
14819000010530000000,43.09513697688639,-77.6360888090068,-8642409.8734,5326463.894199996,X,F,False,36055C_16605,16503,True,False
14820000020300000000,43.095151768307645,-77.63571496162656,-8642368.2569,5326466.149099997,X,F,False,36055C_16605,16503,True,False
14820000020440000000,43.094585277739945,-77.6360090296264,-8642400.9924,5326379.789999998,X,F,False,36055C_16605,16503,True,False
14819000010390000000,43.0945702474073,-77.63638284107401,-8642442.6049,5326377.498699999,X,F,False,36055C_16605,16503,True,False
14820000020460000000,43.09416752849719,-77.63586069980668,-8642384.4804,5326316.106399996,X,F,False,36055C_16605,16503,True,False
14820000020410000000,43.09463035953216,-77.63488759348695,-8642276.1547,5326386.6625000015,X,F,False,36055C_16605,16503,True,False
14820000020420000000,43.09461533380237,-77.63526140493457,-8642317.7672,5326384.3719,X,F,False,36055C_16605,16503,True,False
14820000020430000000,43.09460030610099,-77.63563521817879,-8642359.3799,5326382.081,X,F,False,36055C_16605,16503,True,False
14820000020310000000,43.09516655972534,-77.63534111244972,-8642326.6402,5326468.403999999,X,F,False,36055C_16605,16503,True,False
14820000020320000000,43.09518134917156,-77.6349672641712,-8642285.0236,5326470.658600002,X,F,False,36055C_16605,16503,True,False
14820000020330000000,43.09519613730227,-77.63459341589267,-8642243.407,5326472.9130000025,X,F,False,36055C_16605,16503,True,False
14820000020340000000,43.09521092411744,-77.63421956761414,-8642201.7904,5326475.1672,X,F,False,36055C_16605,16503,True,False
14820000020350000000,43.095225709617125,-77.63384571843727,-8642160.1737,5326477.421199999,X,F,False,36055C_16605,16503,True,False
14820000020400000000,43.09464538525826,-77.63451378024271,-8642234.541999998,5326388.953100003,X,F,False,36055C_16605,16503,True,False
14820000020481110000,43.0942065139378,-77.63459151775245,-8642243.195699997,5326322.049500003,X,F,False,36055C_16605,16503,True,False
14820000020501110000,43.09426611606927,-77.63365633471078,-8642139.0916,5326331.135499998,X,F,False,36055C_16605,16503,True,False
14820000020470000000,43.09419039458843,-77.6352999112192,-8642322.0537,5326319.592200003,X,F,False,36055C_16605,16503,True,False
14820000020391000000,43.09468294955733,-77.63357935627744,-8642130.5224,5326394.679600001,X,F,False,36055C_16605,16503,True,False
14820000020361000000,43.09544430697538,-77.63336573330962,-8642106.742,5326510.745700001,X,F,False,36055C_16605,16503,True,False
14820000020380000000,43.09516122342777,-77.63296422859844,-8642062.0467,5326467.590499997,X,F,False,36055C_16605,16503,True,False
14820000020530000000,43.09501218540181,-77.63178817488972,-8641931.129,5326444.870199999,X,F,False,36055C_16605,16503,True,False
14820000020520000000,43.09476307396956,-77.63221906259552,-8641979.0952,5326406.894199997,X,F,False,36055C_16605,16503,True,False
14820000020660000000,43.094365437520125,-77.63115621278229,-8641860.7793,5326346.276500002,X,F,False,36055C_16605,16503,True,False
14820000020790000000,43.094459158093095,-77.63127096357668,-8641873.5533,5326360.563699998,X,F,False,36055C_16605,16503,True,False
14820000020670000000,43.094374842251455,-77.63094667625069,-8641837.4538,5326347.710199996,X,F,False,36055C_16605,16503,True,False
14820000020651200000,43.0946634835587,-77.6309284745864,-8641835.4276,5326391.712099998,X,F,False,36055C_16605,16503,True,False
14820000020510000000,43.09435398351702,-77.63209567180475,-8641965.3594,5326344.5304000005,X,F,False,36055C_16605,16503,True,False
14820000020781000000,43.096036580574,-77.63048748712184,-8641786.3371,5326601.036600001,X,F,False,36055C_16605,16503,True,False
14820000020580000000,43.096421457702455,-77.63103923686094,-8641847.757600002,5326659.7108,X,F,False,36055C_16605,16503,True,False
14820000020570000000,43.09610907311665,-77.6315149783472,-8641900.7169,5326612.0879999995,X,F,False,36055C_16605,16503,True,False
14820000020060000000,43.09666234790607,-77.63254714260866,-8642015.6169,5326696.434500002,X,F,False,36055C_16605,16503,True,False
14820000020201000000,43.09633951124879,-77.63253750638059,-8642014.5442,5326647.218099996,X,F,False,36055C_16605,16503,True,False
14820000020550000000,43.09540468538063,-77.63188424072621,-8641941.823,5326504.705499999,X,F,False,36055C_16605,16503,True,False
14820000020561000000,43.095456976932894,-77.63137671864182,-8641885.3259,5326512.677199998,X,F,False,36055C_16605,16503,True,False
14820000020370000000,43.0953644419049,-77.6328579444256,-8642050.2152,5326498.570500001,X,F,False,36055C_16605,16503,True,False
14820000020220000000,43.09566928541109,-77.63269908455412,-8642032.531,5326545.043100001,X,F,False,36055C_16605,16503,True,False
14820000020240000000,43.095633484944806,-77.63363360284251,-8642136.5611,5326539.585399999,X,F,False,36055C_16605,16503,True,False
14820000020211000000,43.09612103647043,-77.63258759284757,-8642020.1198,5326613.911799996,X,F,False,36055C_16605,16503,True,False
14820000020180000000,43.09618466365755,-77.63371285581013,-8642145.3835,5326623.611699998,X,F,False,36055C_16605,16503,True,False
14820000020090000000,43.09662709377249,-77.63348187020449,-8642119.6703,5326691.060000002,X,F,False,36055C_16605,16503,True,False
14820000020191000000,43.09617767246955,-77.63331591993048,-8642101.1968,5326622.5459,X,F,False,36055C_16605,16503,True,False
14816000010221110000,43.09952679175081,-77.63352910901203,-8642124.9289,5327133.1299,X,F,False,36055C_16605,16503,True,False
14816000010192200000,43.09788818930032,-77.6323754071842,-8641996.4994,5326883.316200003,X,F,False,36055C_16605,16503,True,False
14820000020021000000,43.09755005728866,-77.63323464126191,-8642092.1489,5326831.766999997,X,F,False,36055C_16605,16503,True,False
14816000010170000000,43.09760434238335,-77.6318659734849,-8641939.7895,5326840.0429000035,X,F,False,36055C_16605,16503,True,False
14816000010181000000,43.09785790133001,-77.63172292845401,-8641923.8658,5326878.698700002,X,F,False,36055C_16605,16503,True,False
14816000010160000000,43.09785524346558,-77.63001694508445,-8641733.9566,5326878.293499999,X,F,False,36055C_16605,16503,True,False
14820000020641000000,43.09734512814645,-77.63043855499002,-8641780.89,5326800.5251,X,F,False,36055C_16605,16503,True,False
14820000020642000000,43.09708590428493,-77.6306785012906,-8641807.6007,5326761.005999997,X,F,False,36055C_16605,16503,True,False
14820000020591000000,43.09680619990996,-77.63083269351587,-8641824.765300002,5326718.364799999,X,F,False,36055C_16605,16503,True,False
14820000020720000000,43.09598731283136,-77.628731897884,-8641590.9058,5326593.525799997,X,F,False,36055C_16605,16503,True,False
14820000020651100000,43.09657761594417,-77.62972910240956,-8641701.9141,5326683.517099999,X,F,False,36055C_16605,16503,True,False
14816000010150000000,43.09846501435779,-77.62948684025214,-8641674.9456,5326971.255500005,X,F,False,36055C_16605,16503,True,False
14816000010231000000,43.09889972806164,-77.62737577238501,-8641439.9426,5327037.5298999995,X,F,False,36055C_16605,16503,True,False
14816000010121000000,43.10042396769891,-77.62843170876383,-8641557.4889,5327269.9120000005,X,F,False,36055C_16605,16503,True,False
14816000010130000000,43.09970682540323,-77.62958757732811,-8641686.1596,5327160.577399999,X,F,False,36055C_16605,16503,True,False
14816000010140000000,43.09936864177776,-77.62873194639303,-8641590.9112,5327109.018799998,X,F,False,36055C_16605,16503,True,False
14816000010210000000,43.09897997420628,-77.63109465033754,-8641853.9262,5327049.763899997,X,F,False,36055C_16605,16503,True,False
14816000010200000000,43.09865407607854,-77.63117101072996,-8641862.4266,5327000.0789,X,F,False,36055C_16605,16503,True,False
14816000010191000000,43.09844559482074,-77.63191743706922,-8641945.5184,5326968.2949,X,F,False,36055C_16605,16503,True,False
14816000010030000000,43.10162387958376,-77.63278176279792,-8642041.7347,5327452.851899996,X,F,False,36055C_16605,16503,True,False
14816000010051000000,43.10109182812075,-77.63142669820928,-8641890.8896,5327371.734300002,X,F,False,36055C_16605,16503,True,False
14816000010222000000,43.1007225824379,-77.6300136446741,-8641733.5892,5327315.4388,X,F,False,36055C_16605,16503,True,False
14812000030831000000,43.10366106195289,-77.63371823941362,-8642145.9828,5327763.451199999,X,F,False,36055C_16605,16503,True,False
14816000010040000000,43.10252482436704,-77.63164155276735,-8641914.807099998,5327590.213299996,X,F,False,36055C_16605,16503,True,False
14812000030850000000,43.10369666883332,-77.6318541660288,-8641938.4751,5327768.880099998,X,F,False,36055C_16605,16503,True,False
14812000030841000000,43.10372659777472,-77.63294627576748,-8642060.0482,5327773.443299999,X,F,False,36055C_16605,16503,True,False
14812000030860000000,43.10376828786318,-77.63133861120915,-8641881.0838,5327779.799699999,X,F,False,36055C_16605,16503,True,False
14816000010052000000,43.10154429477132,-77.63036541146462,-8641772.7477,5327440.718199998,X,F,False,36055C_16605,16503,True,False
14816000010053000000,43.10264502638135,-77.63001579164762,-8641733.8282,5327608.539899997,X,F,False,36055C_16605,16503,True,False
14816000010072000000,43.10220048251918,-77.62781195565941,-8641488.4983,5327540.7627,X,F,False,36055C_16605,16503,True,False
14812000030870000000,43.10384412277228,-77.6300099364286,-8641733.1764,5327791.362099997,X,F,False,36055C_16605,16503,True,False
14812000030880000000,43.10388866976914,-77.6284987221857,-8641564.9488,5327798.154100001,X,F,False,36055C_16605,16503,True,False
14816000010054000000,43.10338985829954,-77.6288921815852,-8641608.748499999,5327722.101499997,X,F,False,36055C_16605,16503,True,False
14812000020621200000,43.10398037272955,-77.6271168707336,-8641411.1218,5327812.135899997,X,F,False,36055C_16605,16503,True,False
14816000010071000000,43.102604887359085,-77.62727941459605,-8641429.2161,5327602.420100002,X,F,False,36055C_16605,16503,True,False
14816000010081000000,43.10143097427311,-77.62804535952978,-8641514.4807,5327423.4411,X,F,False,36055C_16605,16503,True,False
14816000010100000000,43.10087793081658,-77.62819600879958,-8641531.2509,5327339.123300001,X,F,False,36055C_16605,16503,True,False
14816000010250000000,43.0990817470774,-77.62620895784899,-8641310.0534,5327065.279799998,X,F,False,36055C_16605,16503,True,False
14816000010090000000,43.10104627752228,-77.62605382508762,-8641292.7841,5327364.789599998,X,F,False,36055C_16605,16503,True,False
14913000010011000000,43.1019044401958,-77.62268406479383,-8640917.6641,5327495.626999997,X,F,False,36055C_16605,16503,True,False
14909000010031000000,43.1033375695865,-77.62253713724428,-8640901.3082,5327714.1291999975,X,F,False,36055C_16605,16503,True,False
14909000010070000000,43.10440907099925,-77.61917394004195,-8640526.9188,5327877.4991,X,F,False,36055C_16605,16503,True,False
14909000010060000000,43.10369643599724,-77.61887461869433,-8640493.5985,5327768.8445999995,X,F,False,36055C_16605,16503,True,False
14909000010051020000,43.10337843353144,-77.61812293990562,-8640409.922,5327720.359599999,X,F,False,36055C_16605,16503,True,False
14909000010052300000,43.10298791820962,-77.61848068498438,-8640449.746000001,5327660.8191,X,F,False,36055C_16605,16503,True,False
14909000010052400000,43.10313821054673,-77.61859419161209,-8640462.3815,5327683.733599998,X,F,False,36055C_16605,16503,True,False
14909000010052200000,43.10291853942479,-77.61842579971714,-8640443.6362,5327650.241199999,X,F,False,36055C_16605,16503,True,False
14909000010052100000,43.10283750744417,-77.6182815769949,-8640427.5814,5327637.886600003,X,F,False,36055C_16605,16503,True,False
14909000010054000000,43.10291036382187,-77.61904277792563,-8640512.3179,5327648.994699999,X,F,False,36055C_16605,16503,True,False
14909000010053310000,43.1032283857719,-77.61910860557134,-8640519.6458,5327697.4822999975,X,F,False,36055C_16605,16503,True,False
14909000010053210000,43.10330644872008,-77.61924344269548,-8640534.6558,5327709.384300001,X,F,False,36055C_16605,16503,True,False
14909000010053110000,43.10349547647085,-77.61939046546645,-8640551.0223,5327738.2048,X,F,False,36055C_16605,16503,True,False
14909000010055210000,43.10259764176358,-77.61882893397225,-8640488.5129,5327601.315399996,X,F,False,36055C_16605,16503,True,False
14909000010055310000,43.10247223058249,-77.61878768602934,-8640483.9212,5327582.194600001,X,F,False,36055C_16605,16503,True,False
14909000010056000000,43.10232978434645,-77.61834059002086,-8640434.1507,5327560.476599999,X,F,False,36055C_16605,16503,True,False
14909000010055510000,43.10229627617919,-77.61884090492173,-8640489.8455,5327555.367799996,X,F,False,36055C_16605,16503,True,False
14913000010020000000,43.10049837030645,-77.62292914496626,-8640944.9463,5327281.255400001,X,F,False,36055C_16605,16503,True,False
14909000010040000000,43.10318179981388,-77.62027188164346,-8640649.1411,5327690.379500001,X,F,False,36055C_16605,16503,True,False
14913000010030000000,43.10033559997295,-77.61949853099851,-8640563.052099999,5327256.439499996,X,F,False,36055C_16605,16503,True,False
14913000010182220000,43.0993874116588,-77.61930476798499,-8640541.4825,5327111.880400003,X,F,False,36055C_16605,16503,True,False
14913000010090000000,43.09951667154481,-77.61630325138067,-8640207.3552,5327131.5869999975,X,F,False,36055C_16605,16503,True,False
14913000010182110000,43.09826608942274,-77.619232152669,-8640533.399,5326940.928499996,X,F,False,36055C_16605,16503,True,False
14913000010201200000,43.09866095744346,-77.62011811072806,-8640632.0234,5327001.127999998,X,F,False,36055C_16605,16503,True,False
14913000010202000000,43.09878028219552,-77.62053913044049,-8640678.8911,5327019.319700003,X,F,False,36055C_16605,16503,True,False
14913000010210000000,43.09900937612073,-77.62096648866554,-8640726.4644,5327054.246399998,X,F,False,36055C_16605,16503,True,False
14913000010242060000,43.09894232858444,-77.62163061225678,-8640800.3943,5327044.0246,X,F,False,36055C_16605,16503,True,False
14913000010242050000,43.09898497368064,-77.62225616578297,-8640870.0306,5327050.526100003,X,F,False,36055C_16605,16503,True,False
14816000010270000000,43.097730194488406,-77.62404946629646,-8641069.6599,5326859.229400001,X,F,False,36055C_16605,16503,True,False
14913000010242040000,43.09928804522337,-77.62262589079435,-8640911.1882,5327096.7312999945,X,F,False,36055C_16605,16503,True,False
14913000010242030000,43.09916852402748,-77.62317231082885,-8640972.0154,5327078.509499998,X,F,False,36055C_16605,16503,True,False
14913000010242020000,43.099128888444326,-77.6242859118624,-8641095.9809,5327072.466799997,X,F,False,36055C_16605,16503,True,False
14816000010260000000,43.09908840603547,-77.62548968039425,-8641229.9838,5327066.295000001,X,F,False,36055C_16605,16503,True,False
14913000010230000000,43.09770172929875,-77.62259902667577,-8640908.1977,5326854.889799997,X,F,False,36055C_16605,16503,True,False
14913000010220000000,43.09816471466068,-77.62236410555087,-8640882.0464,5326925.473499998,X,F,False,36055C_16605,16503,True,False
14917000020010000000,43.0972460791541,-77.62284011293846,-8640935.0353,5326785.424900001,X,F,False,36055C_16605,16503,True,False
14917000020020000000,43.09683354252978,-77.62305838468788,-8640959.3332,5326722.533200002,X,F,False,36055C_16605,16503,True,False
14917000020030000000,43.096147985821865,-77.62342110104342,-8640999.7106,5326618.020199998,X,F,False,36055C_16605,16503,True,False
14917000020053000000,43.09543647541188,-77.62228163751286,-8640872.8661,5326509.551799997,X,F,False,36055C_16605,16503,True,False
14917000020060000000,43.09663407179015,-77.62141963033588,-8640776.9079,5326692.123800001,X,F,False,36055C_16605,16503,True,False
14917000020071100000,43.09750450339935,-77.62111729963206,-8640743.2526,5326824.8221999975,X,F,False,36055C_16605,16503,True,False
14917000020071200000,43.09715347139575,-77.620179497103,-8640638.8569,5326771.306699999,X,F,False,36055C_16605,16503,True,False
14917000020232010000,43.09536406210079,-77.61966998435194,-8640582.1382,5326498.512599998,X,F,False,36055C_16605,16503,True,False
14917000020100000000,43.09674639887376,-77.61898582024504,-8640505.9774,5326709.248099998,X,F,False,36055C_16605,16503,True,False
14917000020051100000,43.0955133163945,-77.62103024479619,-8640733.5617,5326521.266000002,X,F,False,36055C_16605,16503,True,False
14917000020234000000,43.095088429985424,-77.62045213219847,-8640669.2065,5326456.493399999,X,F,False,36055C_16605,16503,True,False
14917000020231000000,43.09517266088071,-77.61819330853508,-8640417.7554,5326469.3341,X,F,False,36055C_16605,16503,True,False
14917000020233000000,43.09514772623351,-77.61894908094655,-8640501.8876,5326465.532899997,X,F,False,36055C_16605,16503,True,False
14917000020040000000,43.095070203896654,-77.62402079117427,-8641066.4678,5326453.714900002,X,F,False,36055C_16605,16503,True,False
14820000020761120000,43.095673914537045,-77.62521641288482,-8641199.5638,5326545.748800001,X,F,False,36055C_16605,16503,True,False
14820000020730000000,43.09726319408,-77.62696421462748,-8641394.1282,5326788.034100004,X,F,False,36055C_16605,16503,True,False
14820000020740000000,43.09547079876142,-77.62789433566255,-8641497.6688,5326514.7842999995,X,F,False,36055C_16605,16503,True,False
14820000020710000000,43.09525472959373,-77.62920084181852,-8641643.1084,5326481.8452,X,F,False,36055C_16605,16503,True,False
14820000020751100000,43.09511601083273,-77.62719835062481,-8641420.1921,5326460.697999998,X,F,False,36055C_16605,16503,True,False
14820000020700000000,43.09458690521124,-77.62890308084454,-8641609.9618,5326380.038099996,X,F,False,36055C_16605,16503,True,False
14820000020690000000,43.09455183158769,-77.6299467713894,-8641726.1449,5326374.691299996,X,F,False,36055C_16605,16503,True,False
14820000020680000000,43.09439559667865,-77.63072250885806,-8641812.4996,5326350.874099998,X,F,False,36055C_16605,16503,True,False
14918000020120000000,43.09550817954023,-77.6069643441274,-8639167.7528,5326520.482900001,X,F,False,36055C_16605,16503,True,False
14918000020070000000,43.09521462049271,-77.60972763380657,-8639475.3608,5326475.730700002,X,F,False,36055C_16605,16503,True,False
14918000020080000000,43.09524771140492,-77.60902174753778,-8639396.7819,5326480.775300005,X,F,False,36055C_16605,16503,True,False
14918000020111100000,43.09537565563564,-77.60811089267061,-8639295.386,5326500.280000001,X,F,False,36055C_16605,16503,True,False
14918000020030000000,43.09641916317439,-77.6112842471073,-8639648.6422,5326659.361000001,X,F,False,36055C_16605,16503,True,False
14918000020051000000,43.095557866829004,-77.61082891175104,-8639597.9545,5326528.057599998,X,F,False,36055C_16605,16503,True,False
14918000020040000000,43.096088603299926,-77.61081746990926,-8639596.6808,5326608.967399999,X,F,False,36055C_16605,16503,True,False
14918000020050000000,43.09522691331669,-77.61070815302404,-8639584.5117,5326477.604699997,X,F,False,36055C_16605,16503,True,False
14918000020060000000,43.09536234871866,-77.6102719975974,-8639535.9591,5326498.2514,X,F,False,36055C_16605,16503,True,False
14918000020020000000,43.09514330960142,-77.61285574998388,-8639823.5811,5326464.8596,X,F,False,36055C_16605,16503,True,False
14917000020170000000,43.0958892167204,-77.61458198137993,-8640015.7443,5326578.571199998,X,F,False,36055C_16605,16503,True,False
14917000020180000000,43.09510552386738,-77.61413322079322,-8639965.788499998,5326459.099299995,X,F,False,36055C_16605,16503,True,False
14917000020211000000,43.0953039559439,-77.61663225126864,-8640243.9793,5326489.349600001,X,F,False,36055C_16605,16503,True,False
14917000020201000000,43.09560482527143,-77.61594546048785,-8640167.5261,5326535.216300003,X,F,False,36055C_16605,16503,True,False
14917000020190000000,43.09505887531539,-77.6150733867898,-8640070.4473,5326451.987899995,X,F,False,36055C_16605,16503,True,False
14917000020161000000,43.09709650504594,-77.61470959155761,-8640029.9498,5326762.622100002,X,F,False,36055C_16605,16503,True,False
14917000020121100000,43.09672054784779,-77.6169942049545,-8640284.2718,5326705.307099997,X,F,False,36055C_16605,16503,True,False
14917000020221100000,43.09527144821639,-77.61738325811753,-8640327.581,5326484.3939,X,F,False,36055C_16605,16503,True,False
14917000020235000000,43.09591980543803,-77.6182069970634,-8640419.2792,5326583.234399996,X,F,False,36055C_16605,16503,True,False
14917000020110000000,43.09681469249594,-77.6178051572806,-8640374.5466,5326719.659500002,X,F,False,36055C_16605,16503,True,False
14913000010171000000,43.09791106384126,-77.61812610556868,-8640410.2744,5326886.803499996,X,F,False,36055C_16605,16503,True,False
14913000010160000000,43.0981321067818,-77.61757071675437,-8640348.4488,5326920.502300002,X,F,False,36055C_16605,16503,True,False
14913000010172000000,43.09842748320751,-77.6182147567108,-8640420.142999997,5326965.533699996,X,F,False,36055C_16605,16503,True,False
14913000010150000000,43.09815608517141,-77.61692378512107,-8640276.4327,5326924.157899999,X,F,False,36055C_16605,16503,True,False
14913000010140000000,43.09819833922183,-77.61584750729095,-8640156.622,5326930.599699995,X,F,False,36055C_16605,16503,True,False
14913000010130000000,43.098412444634846,-77.61453787589612,-8640010.8345,5326963.240999997,X,F,False,36055C_16605,16503,True,False
14918000020012000000,43.09617863147852,-77.61326493079916,-8639869.1309,5326622.692100004,X,F,False,36055C_16605,16503,True,False
14913000010080000000,43.10021959323929,-77.61665031728731,-8640245.990399998,5327238.753200001,X,F,False,36055C_16605,16503,True,False
14913000010110000000,43.09915754646839,-77.61482806946212,-8640043.1387,5327076.8359,X,F,False,36055C_16605,16503,True,False
14913000010120000000,43.09889033386412,-77.6146971480943,-8640028.564599998,5327036.0977,X,F,False,36055C_16605,16503,True,False
14913000010100000000,43.098936919808,-77.61713056023147,-8640299.4508,5327043.200000001,X,F,False,36055C_16605,16503,True,False
14913000010070000000,43.1012157860251,-77.61526684617277,-8640091.9831,5327390.633100003,X,F,False,36055C_16605,16503,True,False
14913000010060000000,43.1015331280832,-77.61538996118077,-8640105.6882,5327439.015699997,X,F,False,36055C_16605,16503,True,False
14913000010050000000,43.10183793432057,-77.61550821450645,-8640118.8521,5327485.4873,X,F,False,36055C_16605,16503,True,False
14913000010040000000,43.10215548369557,-77.61563166368774,-8640132.5944,5327533.902000003,X,F,False,36055C_16605,16503,True,False
14909000010058000000,43.10242419190867,-77.61664478636011,-8640245.3747,5327574.870399997,X,F,False,36055C_16605,16503,True,False
14909000010057000000,43.10233460842437,-77.61774633379918,-8640367.9984,5327561.212099997,X,F,False,36055C_16605,16503,True,False
14909000010051350000,43.10274370131134,-77.61751162108342,-8640341.8703,5327623.584399998,X,F,False,36055C_16605,16503,True,False
14909000010141720000,43.10347092431071,-77.61711289036982,-8640297.483799998,5327734.461400003,X,F,False,36055C_16605,16503,True,False
14909000010051030000,43.10332354883435,-77.61803971818108,-8640400.6578,5327711.991499999,X,F,False,36055C_16605,16503,True,False
14909000010141320000,43.10372550442941,-77.6174842548066,-8640338.8239,5327773.276600002,X,F,False,36055C_16605,16503,True,False
14909000010141420000,43.10367112703607,-77.61740498746593,-8640329.9999,5327764.985799999,X,F,False,36055C_16605,16503,True,False
14909000010051040000,43.10327263544689,-77.61795271904074,-8640390.9731,5327704.2289,X,F,False,36055C_16605,16503,True,False
14909000010051050000,43.10317023530409,-77.61782429049785,-8640376.6765,5327688.616300003,X,F,False,36055C_16605,16503,True,False
14909000010141620000,43.10355768979299,-77.61723961301202,-8640311.5905,5327747.690300001,X,F,False,36055C_16605,16503,True,False
14909000010141520000,43.10361675287386,-77.61732571563368,-8640321.1754,5327756.695500001,X,F,False,36055C_16605,16503,True,False
14909000010141220000,43.103794877708594,-77.6175853943278,-8640350.0827,5327783.853799998,X,F,False,36055C_16605,16503,True,False
14909000010141120000,43.10387822300283,-77.61770689596158,-8640363.6082,5327796.561300001,X,F,False,36055C_16605,16503,True,False
14909000010051010000,43.10348270717127,-77.6182734481399,-8640426.6765,5327736.257899999,X,F,False,36055C_16605,16503,True,False
14909000010146000000,43.10436950308382,-77.61662865351593,-8640243.5788,5327871.466200002,X,F,False,36055C_16605,16503,True,False
14909000010152020000,43.10329111226415,-77.6162604241995,-8640202.5877,5327707.045999996,X,F,False,36055C_16605,16503,True,False
14909000010059100000,43.10249749412705,-77.61578221953273,-8640149.3542,5327586.046400003,X,F,False,36055C_16605,16503,True,False
14919000020080000000,43.09584359993525,-77.59983519814996,-8638374.1399,5326571.617,X,F,False,36055C_16605,16503,True,False
14919000020060000000,43.095866921293,-77.60042795418512,-8638440.1252,5326575.172300006,X,F,False,36055C_16605,16503,True,False
14919000020070000000,43.09556308173877,-77.60038362322418,-8638435.1903,5326528.8526,X,F,False,36055C_16605,16503,True,False
14919000020090000000,43.09571906965151,-77.59942340862708,-8638328.2997,5326552.632600001,X,F,False,36055C_16605,16503,True,False
14919000020111000000,43.09623449864357,-77.59923561581694,-8638307.3947,5326631.208999999,X,F,False,36055C_16605,16503,True,False
14919000020100000000,43.09572069709268,-77.59904875366142,-8638286.5933,5326552.880699999,X,F,False,36055C_16605,16503,True,False
14919000020040000000,43.09640944324288,-77.60016174653552,-8638410.4911,5326657.879199996,X,F,False,36055C_16605,16503,True,False
14919000020030000000,43.096655034044296,-77.60013293936098,-8638407.2843,5326695.319499998,X,F,False,36055C_16605,16503,True,False
14919000020020000000,43.09690050054227,-77.6000992516395,-8638403.5342,5326732.740999997,X,F,False,36055C_16605,16503,True,False
14919000020120000000,43.0970196378442,-77.59928144337117,-8638312.4962,5326750.903599999,X,F,False,36055C_16605,16503,True,False
14919000020010000000,43.09714695325578,-77.60006993601853,-8638400.2708,5326770.313,X,F,False,36055C_16605,16503,True,False
14919000020050000000,43.096156271872616,-77.60040993847211,-8638438.119700002,5326619.283399999,X,F,False,36055C_16605,16503,True,False
14915000010450000000,43.098489996849096,-77.59956342903043,-8638343.8867,5326975.064199999,X,F,False,36055C_16605,16503,True,False
14915000010440000000,43.09807879490889,-77.59977964812941,-8638367.9561,5326912.374700002,X,F,False,36055C_16605,16503,True,False
14915000010430000000,43.09785244457422,-77.59981056095496,-8638371.3973,5326877.866800003,X,F,False,36055C_16605,16503,True,False
14915000010420000000,43.097626006162606,-77.59984148545863,-8638374.8398,5326843.3456000015,X,F,False,36055C_16605,16503,True,False
14915000010461000000,43.09849325224009,-77.59795122079338,-8638164.4165,5326975.560500003,X,F,False,36055C_2331,6364,True,False
14919000020112000000,43.09657383175354,-77.5992231184547,-8638306.0035,5326682.940199999,X,F,False,36055C_16605,16503,True,False
14915000010410000000,43.09742310348419,-77.59921818041558,-8638305.453799998,5326812.412600003,X,F,False,36055C_16605,16503,True,False
14919000020130000000,43.09664937973984,-77.597955618945,-8638164.9061,5326694.457500001,X,F,False,36055C_16605,16503,True,False
14915000010281000000,43.10126152867684,-77.59780025082505,-8638147.6106,5327397.607100002,X,F,False,36055C_2331,6364,True,False
14915000010271000000,43.10127093169319,-77.59809455238684,-8638180.3721,5327399.0407000035,X,F,False,36055C_2331,6364,True,False
14915000010251000000,43.10127754581176,-77.59835101062069,-8638208.9209,5327400.049099996,X,F,False,36055C_16605,16503,True,False
14915000010241000000,43.10128210761172,-77.59860179150192,-8638236.8377,5327400.744599996,X,F,False,36055C_16605,16503,True,False
14915000010401000000,43.09949096730296,-77.59929597811245,-8638314.1142,5327127.668200002,X,F,False,36055C_2331,6364,True,False
14915000010470000000,43.098985972001216,-77.59950215404658,-8638337.0656,5327050.6783,X,F,False,36055C_16605,16503,True,False
14915000010480000000,43.099954354987005,-77.59819468399832,-8638191.5187,5327198.315300002,X,F,False,36055C_2331,6364,True,False
1491400001001000SPTS,43.09797115366452,-77.60271251907298,-8638694.4418,5326895.964400001,X,F,False,36055C_16605,16503,True,False
14915000010221000000,43.101286668099576,-77.59885257058653,-8638264.7543,5327401.439900003,X,F,False,36055C_16605,16503,True,False
14915000010211000000,43.10128839574578,-77.59917292957978,-8638300.4165,5327401.703299999,X,F,False,36055C_16605,16503,True,False
14915000010061000000,43.10187855658499,-77.5989850056156,-8638279.4969,5327491.680699996,X,F,False,36055C_16605,16503,True,False
14915000010070000000,43.10169656228109,-77.59900299797243,-8638281.4998,5327463.933300004,X,F,False,36055C_16605,16503,True,False
14915000010051000000,43.10204288318846,-77.59896768340198,-8638277.5686,5327516.734499998,X,F,False,36055C_16605,16503,True,False
14914000010010000BRC,43.10212777615208,-77.60300530787184,-8638727.034899998,5327529.677599997,X,F,False,36055C_16605,16503,True,False
14911000010230000000,43.10398305262778,-77.59847601748066,-8638222.8366,5327812.544500001,X,F,False,36055C_16605,16503,True,False
14911000010240000000,43.10376052360781,-77.59862876521494,-8638239.8404,5327778.615900004,X,F,False,36055C_16605,16503,True,False
14911000010250000000,43.10355473703095,-77.5986690330959,-8638244.323000003,5327747.240099995,X,F,False,36055C_16605,16503,True,False
14911000010261000000,43.1033919918759,-77.59872342339138,-8638250.3777,5327722.426799997,X,F,False,36055C_16605,16503,True,False
14911000010271000000,43.103226189881134,-77.59877374791192,-8638255.9798,5327697.1475,X,F,False,36055C_16605,16503,True,False
14911000010301000000,43.10289153074416,-77.59885723374116,-8638265.2734,5327646.123300001,X,F,False,36055C_16605,16503,True,False
14911000010281000000,43.10306097773213,-77.59881806988972,-8638260.9137,5327671.9582,X,F,False,36055C_16605,16503,True,False
14911000010311000000,43.10271728285173,-77.59889086936035,-8638269.0177,5327619.556500001,X,F,False,36055C_16605,16503,True,False
14915000010011000000,43.10254236020977,-77.5989178430734,-8638272.0204,5327592.8869,X,F,False,36055C_16605,16503,True,False
14915000010021000000,43.1023719948514,-77.59893343243682,-8638273.7558,5327566.9121999955,X,F,False,36055C_16605,16503,True,False
14915000010031000000,43.102207206727286,-77.59895036118836,-8638275.6403,5327541.7879,X,F,False,36055C_16605,16503,True,False
14915000010091000000,43.1018934119674,-77.59826139468794,-8638198.9449,5327493.945600003,X,F,False,36055C_16605,16503,True,False
14915000010101000000,43.10205797596453,-77.59825582064161,-8638198.3244,5327519.035599998,X,F,False,36055C_16605,16503,True,False
14915000010111000000,43.102222540831136,-77.59825024659527,-8638197.7039,5327544.125799999,X,F,False,36055C_16605,16503,True,False
14915000010121000000,43.10238582364562,-77.5982457056115,-8638197.1984,5327569.020599998,X,F,False,36055C_16605,16503,True,False
14915000010171000000,43.10221045929704,-77.59781994189608,-8638149.8026,5327542.283799998,X,F,False,36055C_16605,16503,True,False
14915000010161000000,43.102376623470654,-77.59781548355731,-8638149.3063,5327567.617899998,X,F,False,36055C_16605,16503,True,False
14915000010141000000,43.10254978880471,-77.59780625246945,-8638148.2787,5327594.019500002,X,F,False,36055C_16605,16503,True,False
14911000010421000000,43.10272700047009,-77.59777370291346,-8638144.6553,5327621.038099997,X,F,False,36055C_16605,16503,True,False
14915000010131000000,43.10254713770284,-77.59823815167827,-8638196.3575,5327593.6153,X,F,False,36055C_16605,16503,True,False
14911000010321000000,43.10270685884159,-77.59821411815116,-8638193.6821,5327617.967200005,X,F,False,36055C_16605,16503,True,False
14911000010331000000,43.102864891970896,-77.59817497136773,-8638189.3243,5327642.061800003,X,F,False,36055C_16605,16503,True,False
14911000010351000000,43.10316220271704,-77.59805784093614,-8638176.2854,5327687.391599997,X,F,False,36055C_16605,16503,True,False
14911000010341000000,43.103016809233736,-77.59812241183876,-8638183.4734,5327665.223999999,X,F,False,36055C_16605,16503,True,False
14911000010401000000,43.103071188520005,-77.59764499768944,-8638130.327900002,5327673.515,X,F,False,36055C_16605,16503,True,False
14911000010380000000,43.10337904809076,-77.59747309517836,-8638111.1918,5327720.4533,X,F,False,36055C_16605,16503,True,False
14911000010390000000,43.103218854503446,-77.59755961821158,-8638120.8235,5327696.029100001,X,F,False,36055C_16605,16503,True,False
14911000010411000000,43.1029013952531,-77.59771981926777,-8638138.657,5327647.6273,X,F,False,36055C_16605,16503,True,False
14911000010450000000,43.10283314514932,-77.59697819622035,-8638056.0999,5327637.221500002,X,F,False,36055C_16605,16503,True,False
14911000010460000000,43.10297943894166,-77.59699593255732,-8638058.0743,5327659.526299998,X,F,False,36055C_16605,16503,True,False
14911000010470000000,43.103164424845446,-77.59688421267869,-8638045.6377,5327687.730400004,X,F,False,36055C_16605,16503,True,False
14911000010480000000,43.10301840040737,-77.59663374980106,-8638017.7563,5327665.466600001,X,F,False,36055C_16605,16503,True,False
14911000010170000000,43.1037073320698,-77.5971058351441,-8638070.3086,5327770.505900003,X,F,False,36055C_16605,16503,True,False
14911000010180000000,43.1037602107551,-77.59727858117324,-8638089.5386,5327778.5682,X,F,False,36055C_2331,6364,True,False
14911000010371000000,43.10346945251878,-77.59785354787086,-8638153.5436,5327734.2370000025,X,F,False,36055C_16605,16503,True,False
14911000010361000000,43.103307130835816,-77.59797694045828,-8638167.2796,5327709.488300002,X,F,False,36055C_16605,16503,True,False
14911000010200000000,43.103878666373895,-77.59763474162384,-8638129.186199998,5327796.628899999,X,F,False,36055C_2331,6364,True,False
14911000010190000000,43.10381308742711,-77.59745132810069,-8638108.7687,5327786.6302,X,F,False,36055C_2331,6364,True,False
14911000010210000000,43.103934879373625,-77.5978572956422,-8638153.960799998,5327805.199600003,X,F,False,36055C_2331,6364,True,False
14911000010220000000,43.10400062609342,-77.59816157658852,-8638187.8332,5327815.223899998,X,F,False,36055C_2331,6364,True,False
14911000010160000000,43.10365445399468,-77.59693308821667,-8638051.0785,5327762.443700001,X,F,False,36055C_16605,16503,True,False
14911000010150000000,43.10360157652976,-77.59676034218752,-8638031.8485,5327754.381600001,X,F,False,36055C_16605,16503,True,False
14911000010140000000,43.10354869770744,-77.5965875970567,-8638012.6186,5327746.319300002,X,F,False,36055C_16605,16503,True,False
14911000010130000000,43.10349582015118,-77.59641485102757,-8637993.388600001,5327738.257200002,X,F,False,36055C_16605,16503,True,False
14911000010120000000,43.10344294058158,-77.59624210589675,-8637974.1587,5327730.194799996,X,F,False,36055C_2331,6364,True,False
14911000010110000000,43.10339006162224,-77.59606936166423,-8637954.928899998,5327722.132499999,X,F,False,36055C_2331,6364,True,False
14911000010080000000,43.10323142250246,-77.59555112896672,-8637897.2395,5327697.945299997,X,F,False,36055C_16605,16503,True,False
14911000010090000000,43.10328430291061,-77.59572387230091,-8637916.4692,5327706.007799997,X,F,False,36055C_16605,16503,True,False
14911000010100000000,43.10333718261724,-77.59589661653341,-8637935.699,5327714.070200005,X,F,False,36055C_2331,6364,True,False
14911000010071000000,43.10317325432871,-77.59536111102962,-8637876.0868,5327689.0766,X,F,False,36055C_16605,16503,True,False
14911000010051000000,43.10310949076528,-77.595098006161,-8637846.7981,5327679.3548,X,F,False,36055C_16605,16503,True,False
14911000010040000000,43.10298695996321,-77.59479106081157,-8637812.6291,5327660.673,X,F,False,36055C_16605,16503,True,False
14911000010520000000,43.10280965001152,-77.5957957932192,-8637924.4754,5327633.639300004,X,F,False,36055C_16605,16503,True,False
14911000010510000000,43.10284864569128,-77.5960641747918,-8637954.351500003,5327639.584799998,X,F,False,36055C_16605,16503,True,False
14911000010500000000,43.10287354178481,-77.5962726297518,-8637977.5566,5327643.380599997,X,F,False,36055C_16605,16503,True,False
14911000010490000000,43.10289845295359,-77.59648121945906,-8638000.776699997,5327647.1787,X,F,False,36055C_16605,16503,True,False
14911000010440000000,43.102718567078114,-77.59704529677879,-8638063.5695,5327619.752300002,X,F,False,36055C_16605,16503,True,False
14911000010431000000,43.10258320763237,-77.59715969453528,-8638076.3042,5327599.114699997,X,F,False,36055C_16605,16503,True,False
14915000010371000000,43.102424935032005,-77.59716375671701,-8638076.7564,5327574.983699999,X,F,False,36055C_16605,16503,True,False
14915000010321000000,43.101768497825375,-77.59713182071035,-8638073.2013,5327474.900799997,X,F,False,36055C_16605,16503,True,False
14915000010331000000,43.10193547716446,-77.59715355095706,-8638075.6203,5327500.358999996,X,F,False,36055C_16605,16503,True,False
14915000010341000000,43.10210017288314,-77.59715582549137,-8638075.8735,5327525.469099998,X,F,False,36055C_16605,16503,True,False
14915000010361000000,43.10226486881467,-77.59715809912733,-8638076.1266,5327550.5793,X,F,False,36055C_16605,16503,True,False
14915000010181000000,43.10204589505386,-77.59782551773904,-8638150.4233,5327517.1937,X,F,False,36055C_16605,16503,True,False
14915000010191000000,43.10188152451347,-77.59783134780524,-8638151.0723,5327492.133199998,X,F,False,36055C_16605,16503,True,False
14915000010201000000,43.10170102566512,-77.59787522332033,-8638155.9565,5327464.613799997,X,F,False,36055C_16605,16503,True,False
14915000010080000000,43.101696498659,-77.59826417497375,-8638199.2544,5327463.923600003,X,F,False,36055C_16605,16503,True,False
14915000010300000000,43.10136980692001,-77.59716443314842,-8638076.8317,5327414.1154000005,X,F,False,36055C_2331,6364,True,False
14915000010310000000,43.10158496576714,-77.59713585055272,-8638073.6499,5327446.918999999,X,F,False,36055C_2331,6364,True,False
14915000010490000000,43.100661471441136,-77.59815608518718,-8638187.2219,5327306.121799997,X,F,False,36055C_2331,6364,True,False
14915000010290000000,43.10128526315712,-77.59740180308077,-8638103.2556,5327401.225699998,X,F,False,36055C_2331,6364,True,False
14911000010030000000,43.10285237899095,-77.59434751045352,-8637763.2533,5327640.153999998,X,F,False,36055C_16605,16503,True,False
14911000040090000000,43.10442576875817,-77.59355388034103,-8637674.9068,5327880.045000001,X,F,False,36055C_16609,16505,True,False
14911000040010000003,43.10478360564102,-77.59309153273566,-8637623.4385,5327934.604400001,X,F,False,36055C_16609,16505,True,False
14911000040010000006,43.10462438050845,-77.59257362971985,-8637565.7858,5327910.327299997,X,F,False,36055C_16609,16505,True,False
14911000040010000004,43.10468674287661,-77.59277647919248,-8637588.366900003,5327919.835699998,X,F,False,36055C_16609,16505,True,False
14911000040010000005,43.104657072160016,-77.59266804265621,-8637576.2958,5327915.311800003,X,F,False,36055C_16609,16505,True,False
1491100004001000COM*,43.104738975344624,-77.59293175748091,-8637605.6524,5327927.799599996,X,F,False,36055C_16609,16505,True,False
14911000040080000000,43.1041852462148,-77.59275106585308,-8637585.537899999,5327843.372699996,X,F,False,36055C_16609,16505,True,False
14911000020101000000,43.1046674728828,-77.59106662498235,-8637398.0268,5327916.897600003,X,F,False,36055C_16609,16505,True,False
14911000020111000000,43.10453486976558,-77.59071725130374,-8637359.1347,5327896.679599999,X,F,False,36055C_16609,16505,True,False
14911000040040000000,43.104332068686354,-77.59151069366834,-8637447.4603,5327865.7585999975,X,F,False,36055C_16609,16505,True,False
14911000040060000000,43.10372331380343,-77.59103495487702,-8637394.5013,5327772.942599996,X,F,False,36055C_16609,16505,True,False
14911000040070000000,43.10394396060127,-77.59191776613766,-8637492.7754,5327806.584200001,X,F,False,36055C_16609,16505,True,False
149110000400300000RH,43.10291115809832,-77.58908389672492,-8637177.3105,5327649.115800002,X,F,False,36055C_16609,16505,True,False
14911000040050000000,43.103769381863614,-77.59019466626867,-8637300.9608,5327779.966499998,X,F,False,36055C_16609,16505,True,False
14911000020121000000,43.104416019271845,-77.59019621945579,-8637301.133699998,5327878.558499998,X,F,False,36055C_16609,16505,True,False
14911000020130000000,43.10469337958151,-77.58985116847033,-8637262.7228,5327920.8476,X,F,False,36055C_16609,16505,True,False
14916000010055100000,43.09973134168554,-77.58733338656167,-8636982.4446,5327164.315099998,X,F,False,36055C_16605,16503,True,False
14916000010053100000,43.098956517601344,-77.58525966255922,-8636751.5987,5327046.187799999,X,F,False,36055C_16605,16503,True,False
14916000010059000000,43.09682131037565,-77.58667948849333,-8636909.653,5326720.668399996,X,F,False,36055C_16261,16278,True,False
14920000010030000000,43.09609189161645,-77.58703090673754,-8636948.7727,5326609.468699999,X,F,False,36055C_16605,16503,True,False
14916000010051100000,43.09797724338953,-77.5870949754819,-8636955.9048,5326896.892800003,X,F,False,36055C_16605,16503,True,False
14920000010020000000,43.09599206722145,-77.58867442126223,-8637131.7279,5326594.250600002,X,F,False,36055C_16605,16503,True,False
14919000020280000000,43.09594875161829,-77.590028400686,-8637282.4522,5326587.647200003,X,F,False,36055C_16605,16503,True,False
14920000010010000000,43.09596972722619,-77.58937269880055,-8637209.4598,5326590.844899996,X,F,False,36055C_16605,16503,True,False
14919000020270000000,43.09593463799566,-77.59051641495567,-8637336.7777,5326585.495599999,X,F,False,36055C_16605,16503,True,False
14919000020240000000,43.09607177535538,-77.59411460245316,-8637737.3261,5326606.402000002,X,F,False,36055C_16605,16503,True,False
14919000020260000000,43.09611110396141,-77.59317661576948,-8637632.9099,5326612.397600003,X,F,False,36055C_16605,16503,True,False
14919000020250000000,43.09719759951977,-77.59402122437601,-8637726.9313,5326778.034100004,X,F,False,36055C_16605,16503,True,False
14915000010380000000,43.09928911569065,-77.59147673106239,-8637443.679599999,5327096.894500001,X,F,False,36055C_2331,6364,True,False
14915000010390000000,43.099198454526565,-77.59514980751186,-8637852.5646,5327083.072599999,X,F,False,36055C_16605,16503,True,False
