property_id,nearest_water_distance_m,nearest_water_feature_id,nearest_water_feature_class,nearest_water_feature_type,nearest_water_source_id,nearest_water_source_object_id,nearest_water_name,nearest_water_tie_count,distance_crs
14817000020150000000,116.827694512316,flowline:5EBDG,flowline,Channel Line,5EBDG,9118227,,1,EPSG:26918
14817000020140000000,139.502726432935,flowline:5EBDG,flowline,Channel Line,5EBDG,9118227,,1,EPSG:26918
14720000010071000000,23.868487096028,flowline:9ZMPY,flowline,Channel Line,9ZMPY,16859031,,1,EPSG:26918
14720000010081110000,153.890689060971,waterbody:OHBHA,waterbody,River,OHBHA,6808470,,1,EPSG:26918
14720000010082100000,152.988140548389,waterbody:M4M8X,waterbody,Lake,M4M8X,5659922,,1,EPSG:26918
14720000010081200000,120.220337911582,waterbody:OHBHA,waterbody,River,OHBHA,6808470,,1,EPSG:26918
14720000010010000000,128.236584409185,waterbody:OHBHA,waterbody,River,OHBHA,6808470,,1,EPSG:26918
14716000030550000000,197.671336380584,waterbody:OHBHA,waterbody,River,OHBHA,6808470,,1,EPSG:26918
14720000010020000000,118.490711378073,waterbody:OHBHA,waterbody,River,OHBHA,6808470,,1,EPSG:26918
14716000030070000000,135.176453764861,waterbody:OHBHA,waterbody,River,OHBHA,6808470,,1,EPSG:26918
14716000030060000000,120.945827225095,waterbody:OHBHA,waterbody,River,OHBHA,6808470,,1,EPSG:26918
14716000030590000000,117.414964962646,waterbody:OHBHA,waterbody,River,OHBHA,6808470,,1,EPSG:26918
14716000030050000000,106.546813114926,waterbody:OHBHA,waterbody,River,OHBHA,6808470,,1,EPSG:26918
14716000030600000000,94.880220893245,waterbody:OHBHA,waterbody,River,OHBHA,6808470,,1,EPSG:26918
14716000030040000000,92.374578356487,waterbody:OHBHA,waterbody,River,OHBHA,6808470,,1,EPSG:26918
14716000030630000000,44.724408082336,waterbody:OHBHA,waterbody,River,OHBHA,6808470,,1,EPSG:26918
14716000030620000000,51.538086284580,waterbody:OHBHA,waterbody,River,OHBHA,6808470,,1,EPSG:26918
14716000030610000000,76.813689797625,waterbody:OHBHA,waterbody,River,OHBHA,6808470,,1,EPSG:26918
14716000030020000000,47.913126977588,waterbody:OHBHA,waterbody,River,OHBHA,6808470,,1,EPSG:26918
14716000030010000000,44.580593505587,waterbody:OHBHA,waterbody,River,OHBHA,6808470,,1,EPSG:26918
14716000030030000000,78.407356802902,waterbody:OHBHA,waterbody,River,OHBHA,6808470,,1,EPSG:26918
14716000020570000000,49.853197305452,waterbody:OHBHA,waterbody,River,OHBHA,6808470,,1,EPSG:26918
14716000020560000000,47.430235325419,waterbody:OHBHA,waterbody,River,OHBHA,6808470,,1,EPSG:26918
14716000010020000000,44.687670170364,waterbody:OHBHA,waterbody,River,OHBHA,6808470,,1,EPSG:26918
14716000010050000000,116.765948028987,waterbody:OHBHA,waterbody,River,OHBHA,6808470,,1,EPSG:26918
14716000010040000000,90.337876854392,waterbody:OHBHA,waterbody,River,OHBHA,6808470,,1,EPSG:26918
14716000010060000000,142.943223316067,waterbody:OHBHA,waterbody,River,OHBHA,6808470,,1,EPSG:26918
14716000010130000000,141.395878943931,waterbody:OHBHA,waterbody,River,OHBHA,6808470,,1,EPSG:26918
14716000010140000000,163.600746136100,waterbody:OHBHA,waterbody,River,OHBHA,6808470,,1,EPSG:26918
14716000010150000000,178.670252383727,waterbody:OHBHA,waterbody,River,OHBHA,6808470,,1,EPSG:26918
14716000010650000000,172.644204302704,waterbody:OHBHA,waterbody,River,OHBHA,6808470,,1,EPSG:26918
14716000010470000000,190.849884605081,waterbody:OHBHA,waterbody,River,OHBHA,6808470,,1,EPSG:26918
14716000010480000000,176.255164845104,waterbody:OHBHA,waterbody,River,OHBHA,6808470,,1,EPSG:26918
14716000010500000000,146.932830784827,waterbody:OHBHA,waterbody,River,OHBHA,6808470,,1,EPSG:26918
14716000010490000000,161.679020264830,waterbody:OHBHA,waterbody,River,OHBHA,6808470,,1,EPSG:26918
14716000010510000000,132.216445670786,waterbody:OHBHA,waterbody,River,OHBHA,6808470,,1,EPSG:26918
14716000010521000000,110.213706217220,waterbody:OHBHA,waterbody,River,OHBHA,6808470,,1,EPSG:26918
14716000010540000000,87.936069028065,waterbody:OHBHA,waterbody,River,OHBHA,6808470,,1,EPSG:26918
14716000010550000000,73.063908946885,waterbody:OHBHA,waterbody,River,OHBHA,6808470,,1,EPSG:26918
14716000010110000000,74.086709843541,waterbody:OHBHA,waterbody,River,OHBHA,6808470,,1,EPSG:26918
14716000010120000000,104.530210241595,waterbody:OHBHA,waterbody,River,OHBHA,6808470,,1,EPSG:26918
14716000010090000000,41.746255192293,waterbody:OHBHA,waterbody,River,OHBHA,6808470,,1,EPSG:26918
14716000010100000000,43.365038620832,waterbody:OHBHA,waterbody,River,OHBHA,6808470,,1,EPSG:26918
14716000010560000000,42.292154385470,waterbody:OHBHA,waterbody,River,OHBHA,6808470,,1,EPSG:26918
14716000010570000000,45.485831792755,waterbody:OHBHA,waterbody,River,OHBHA,6808470,,1,EPSG:26918
14716000010580000000,48.381493461864,waterbody:OHBHA,waterbody,River,OHBHA,6808470,,1,EPSG:26918
14716000020020000000,50.187699895015,waterbody:OHBHA,waterbody,River,OHBHA,6808470,,1,EPSG:26918
14716000020580000000,52.937829339920,waterbody:OHBHA,waterbody,River,OHBHA,6808470,,1,EPSG:26918
14716000020030000000,84.105530934732,waterbody:OHBHA,waterbody,River,OHBHA,6808470,,1,EPSG:26918
14716000020550000000,85.239802249741,waterbody:OHBHA,waterbody,River,OHBHA,6808470,,1,EPSG:26918
14716000020040000000,105.939945214373,waterbody:OHBHA,waterbody,River,OHBHA,6808470,,1,EPSG:26918
14716000020050000000,127.563725399511,waterbody:OHBHA,waterbody,River,OHBHA,6808470,,1,EPSG:26918
14716000020010000000,49.070487441584,waterbody:OHBHA,waterbody,River,OHBHA,6808470,,1,EPSG:26918
14716000010590000000,50.470800674383,waterbody:OHBHA,waterbody,River,OHBHA,6808470,,1,EPSG:26918
14716000010600000000,83.315877055641,waterbody:OHBHA,waterbody,River,OHBHA,6808470,,1,EPSG:26918
14716000010620000000,113.238529962313,waterbody:OHBHA,waterbody,River,OHBHA,6808470,,1,EPSG:26918
14716000010610000000,98.284354438986,waterbody:OHBHA,waterbody,River,OHBHA,6808470,,1,EPSG:26918
14716000010640000000,143.096262263049,waterbody:OHBHA,waterbody,River,OHBHA,6808470,,1,EPSG:26918
14716000010630000000,128.219739561519,waterbody:OHBHA,waterbody,River,OHBHA,6808470,,1,EPSG:26918
14716000020131100000,215.661054422443,waterbody:OHBHA,waterbody,River,OHBHA,6808470,,1,EPSG:26918
14716000020500000000,192.550996518917,waterbody:OHBHA,waterbody,River,OHBHA,6808470,,1,EPSG:26918
14716000020490000000,214.325107161975,waterbody:OHBHA,waterbody,River,OHBHA,6808470,,1,EPSG:26918
14716000020521000000,163.775953779109,waterbody:OHBHA,waterbody,River,OHBHA,6808470,,1,EPSG:26918
14716000020060000000,141.954371316723,waterbody:OHBHA,waterbody,River,OHBHA,6808470,,1,EPSG:26918
14716000020530000000,135.105268795470,waterbody:OHBHA,waterbody,River,OHBHA,6808470,,1,EPSG:26918
14716000020540000000,106.607253751035,waterbody:OHBHA,waterbody,River,OHBHA,6808470,,1,EPSG:26918
14716000030580000000,142.938512026534,waterbody:OHBHA,waterbody,River,OHBHA,6808470,,1,EPSG:26918
14716000030100000000,177.380064419599,waterbody:OHBHA,waterbody,River,OHBHA,6808470,,1,EPSG:26918
14716000030560000000,183.363876454094,waterbody:OHBHA,waterbody,River,OHBHA,6808470,,1,EPSG:26918
14716000030090000000,163.119088139930,waterbody:OHBHA,waterbody,River,OHBHA,6808470,,1,EPSG:26918
14716000030570000000,165.219760168862,waterbody:OHBHA,waterbody,River,OHBHA,6808470,,1,EPSG:26918
14716000030080000000,149.081021046654,waterbody:OHBHA,waterbody,River,OHBHA,6808470,,1,EPSG:26918
14716000030540000000,211.927348427191,waterbody:OHBHA,waterbody,River,OHBHA,6808470,,1,EPSG:26918
14716000030110000000,191.752626736473,waterbody:OHBHA,waterbody,River,OHBHA,6808470,,1,EPSG:26918
14716000030120000000,205.891165975474,waterbody:OHBHA,waterbody,River,OHBHA,6808470,,1,EPSG:26918
14716000030530000000,226.066388803009,waterbody:OHBHA,waterbody,River,OHBHA,6808470,,1,EPSG:26918
14716000030140000000,248.691018745132,waterbody:OHBHA,waterbody,River,OHBHA,6808470,,1,EPSG:26918
14716000030130000000,227.040845441274,waterbody:OHBHA,waterbody,River,OHBHA,6808470,,1,EPSG:26918
14716000030520000000,240.253144085175,waterbody:OHBHA,waterbody,River,OHBHA,6808470,,1,EPSG:26918
14716000030510000000,254.285823228838,waterbody:OHBHA,waterbody,River,OHBHA,6808470,,1,EPSG:26918
14716000030500000000,268.494658181383,waterbody:OHBHA,waterbody,River,OHBHA,6808470,,1,EPSG:26918
14716000030490000000,270.005429199913,flowline:9ZMPY,flowline,Channel Line,9ZMPY,16859031,,1,EPSG:26918
14716000030480000000,260.691422472138,flowline:9ZMPY,flowline,Channel Line,9ZMPY,16859031,,1,EPSG:26918
14716000030470000000,251.297778149050,flowline:9ZMPY,flowline,Channel Line,9ZMPY,16859031,,1,EPSG:26918
14716000030460000000,242.265038463508,flowline:9ZMPY,flowline,Channel Line,9ZMPY,16859031,,1,EPSG:26918
14716000030160000000,277.845638769183,waterbody:OHBHA,waterbody,River,OHBHA,6808470,,1,EPSG:26918
14716000030150000000,263.364021013823,waterbody:OHBHA,waterbody,River,OHBHA,6808470,,1,EPSG:26918
14716000030170000000,292.358877430626,waterbody:OHBHA,waterbody,River,OHBHA,6808470,,1,EPSG:26918
14716000030190000000,276.855179146202,flowline:9ZMPY,flowline,Channel Line,9ZMPY,16859031,,1,EPSG:26918
14716000030180000000,285.680090682294,flowline:9ZMPY,flowline,Channel Line,9ZMPY,16859031,,1,EPSG:26918
14716000030210000000,259.080168104279,flowline:9ZMPY,flowline,Channel Line,9ZMPY,16859031,,1,EPSG:26918
14716000030200000000,268.215439486445,flowline:9ZMPY,flowline,Channel Line,9ZMPY,16859031,,1,EPSG:26918
14716000030220000000,250.077673307679,flowline:9ZMPY,flowline,Channel Line,9ZMPY,16859031,,1,EPSG:26918
14716000030230000000,241.354602572324,flowline:9ZMPY,flowline,Channel Line,9ZMPY,16859031,,1,EPSG:26918
14716000020400000000,298.763799383492,flowline:9ZMPY,flowline,Channel Line,9ZMPY,16859031,,1,EPSG:26918
14716000020410000000,308.041001383812,flowline:9ZMPY,flowline,Channel Line,9ZMPY,16859031,,1,EPSG:26918
14716000020430000000,301.647189597914,waterbody:OHBHA,waterbody,River,OHBHA,6808470,,1,EPSG:26918
14716000020420000000,316.464310004722,waterbody:OHBHA,waterbody,River,OHBHA,6808470,,1,EPSG:26918
14716000020170000000,305.278171966349,waterbody:OHBHA,waterbody,River,OHBHA,6808470,,1,EPSG:26918
14716000020450000000,272.812608310907,waterbody:OHBHA,waterbody,River,OHBHA,6808470,,1,EPSG:26918
14716000020440000000,287.086319288364,waterbody:OHBHA,waterbody,River,OHBHA,6808470,,1,EPSG:26918
14716000020460000000,258.286248593695,waterbody:OHBHA,waterbody,River,OHBHA,6808470,,1,EPSG:26918
14716000020470000000,243.763618851987,waterbody:OHBHA,waterbody,River,OHBHA,6808470,,1,EPSG:26918
14716000020480000000,229.082738226408,waterbody:OHBHA,waterbody,River,OHBHA,6808470,,1,EPSG:26918
14716000020160000000,290.297011929548,waterbody:OHBHA,waterbody,River,OHBHA,6808470,,1,EPSG:26918
14716000010660000000,209.942847394139,waterbody:OHBHA,waterbody,River,OHBHA,6808470,,1,EPSG:26918
14716000010670000000,232.095511530507,waterbody:OHBHA,waterbody,River,OHBHA,6808470,,1,EPSG:26918
14716000010680000000,246.801661698741,waterbody:OHBHA,waterbody,River,OHBHA,6808470,,1,EPSG:26918
14716000010700000000,283.758904103375,waterbody:OHBHA,waterbody,River,OHBHA,6808470,,1,EPSG:26918
14716000010710000000,305.862018048094,waterbody:OHBHA,waterbody,River,OHBHA,6808470,,1,EPSG:26918
14716000010720000000,320.753502434937,waterbody:OHBHA,waterbody,River,OHBHA,6808470,,1,EPSG:26918
14716000010730000000,335.835331299212,waterbody:OHBHA,waterbody,River,OHBHA,6808470,,1,EPSG:26918
14716000020180000000,320.156048457631,waterbody:OHBHA,waterbody,River,OHBHA,6808470,,1,EPSG:26918
14716000020190000000,335.288207203728,waterbody:OHBHA,waterbody,River,OHBHA,6808470,,1,EPSG:26918
14716000020200000000,328.827045043939,flowline:9ZMPY,flowline,Channel Line,9ZMPY,16859031,,1,EPSG:26918
14716000020390000000,289.822130738952,flowline:9ZMPY,flowline,Channel Line,9ZMPY,16859031,,1,EPSG:26918
14813000010421000000,217.470937542683,flowline:9ZMPY,flowline,Channel Line,9ZMPY,16859031,,1,EPSG:26918
14716000010750000000,355.742053267262,flowline:9ZMPY,flowline,Channel Line,9ZMPY,16859031,,1,EPSG:26918
14716000010381000000,359.533766641661,waterbody:OHBHA,waterbody,River,OHBHA,6808470,,1,EPSG:26918
14716000010370000000,384.884707009149,waterbody:OHBHA,waterbody,River,OHBHA,6808470,,1,EPSG:26918
14716000010290000000,423.172319804698,flowline:9ZMPY,flowline,Channel Line,9ZMPY,16859031,,1,EPSG:26918
14716000010280000000,396.110492485900,waterbody:OHBHA,waterbody,River,OHBHA,6808470,,1,EPSG:26918
14716000010270000000,373.912776366261,waterbody:OHBHA,waterbody,River,OHBHA,6808470,,1,EPSG:26918
14716000010260000000,358.815935889608,waterbody:OHBHA,waterbody,River,OHBHA,6808470,,1,EPSG:26918
14716000010200000000,260.976120917841,waterbody:OHBHA,waterbody,River,OHBHA,6808470,,1,EPSG:26918
14716000010390000000,325.440177539500,waterbody:OHBHA,waterbody,River,OHBHA,6808470,,1,EPSG:26918
14716000010411100000,302.683588014074,waterbody:OHBHA,waterbody,River,OHBHA,6808470,,1,EPSG:26918
14716000010431100000,272.753551969498,waterbody:OHBHA,waterbody,River,OHBHA,6808470,,1,EPSG:26918
14716000010690000000,261.860001572734,waterbody:OHBHA,waterbody,River,OHBHA,6808470,,1,EPSG:26918
14716000010440000000,242.853531410959,waterbody:OHBHA,waterbody,River,OHBHA,6808470,,1,EPSG:26918
14716000010450000000,220.487046980396,waterbody:OHBHA,waterbody,River,OHBHA,6808470,,1,EPSG:26918
14716000010460000000,205.641959695427,waterbody:OHBHA,waterbody,River,OHBHA,6808470,,1,EPSG:26918
14716000010180000000,223.439404827981,waterbody:OHBHA,waterbody,River,OHBHA,6808470,,1,EPSG:26918
14716000010310000000,411.525897603267,flowline:9ZMPY,flowline,Channel Line,9ZMPY,16859031,,1,EPSG:26918
14716000010300000000,416.046747592470,flowline:9ZMPY,flowline,Channel Line,9ZMPY,16859031,,1,EPSG:26918
14813000010060000000,395.762593527753,flowline:9ZMPY,flowline,Channel Line,9ZMPY,16859031,,1,EPSG:26918
14813000010241000000,333.510277494637,flowline:9ZMPY,flowline,Channel Line,9ZMPY,16859031,,1,EPSG:26918
14813000010330000000,288.415953350011,flowline:9ZMPY,flowline,Channel Line,9ZMPY,16859031,,1,EPSG:26918
14813000010340000000,286.393688719821,flowline:9ZMPY,flowline,Channel Line,9ZMPY,16859031,,1,EPSG:26918
14817000010020000000,33.067176326555,flowline:13FQR,flowline,Channel Line,13FQR,1701015,,1,EPSG:26918
14813000010800000000,66.598565149048,flowline:9ZMPY,flowline,Channel Line,9ZMPY,16859031,,1,EPSG:26918
14813000010760000000,95.202433841895,flowline:9ZMPY,flowline,Channel Line,9ZMPY,16859031,,1,EPSG:26918
14813000010711000000,103.029729211757,flowline:9ZMPY,flowline,Channel Line,9ZMPY,16859031,,1,EPSG:26918
14813000010790000000,72.491490984064,flowline:9ZMPY,flowline,Channel Line,9ZMPY,16859031,,1,EPSG:26918
14813000010680000000,118.024315214672,flowline:9ZMPY,flowline,Channel Line,9ZMPY,16859031,,1,EPSG:26918
14813000010670000000,116.423616251569,flowline:9ZMPY,flowline,Channel Line,9ZMPY,16859031,,1,EPSG:26918
14813000010660000000,114.618412525809,flowline:9ZMPY,flowline,Channel Line,9ZMPY,16859031,,1,EPSG:26918
14813000010810000000,65.647718830013,flowline:9ZMPY,flowline,Channel Line,9ZMPY,16859031,,1,EPSG:26918
14813000010650000000,117.808873531409,flowline:9ZMPY,flowline,Channel Line,9ZMPY,16859031,,1,EPSG:26918
14716000030290000000,182.006785211136,flowline:9ZMPY,flowline,Channel Line,9ZMPY,16859031,,1,EPSG:26918
14716000030280000000,191.071548740618,flowline:9ZMPY,flowline,Channel Line,9ZMPY,16859031,,1,EPSG:26918
14716000030310000000,164.635013714810,flowline:9ZMPY,flowline,Channel Line,9ZMPY,16859031,,1,EPSG:26918
14716000030300000000,172.812309048227,flowline:9ZMPY,flowline,Channel Line,9ZMPY,16859031,,1,EPSG:26918
14716000030350000000,129.294660322783,flowline:9ZMPY,flowline,Channel Line,9ZMPY,16859031,,1,EPSG:26918
14716000030320000000,156.473894472768,flowline:9ZMPY,flowline,Channel Line,9ZMPY,16859031,,1,EPSG:26918
14813000010730000000,140.537642026478,flowline:9ZMPY,flowline,Channel Line,9ZMPY,16859031,,1,EPSG:26918
14813000010740000000,148.070117358002,flowline:9ZMPY,flowline,Channel Line,9ZMPY,16859031,,1,EPSG:26918
14813000010751000000,107.260566337923,flowline:9ZMPY,flowline,Channel Line,9ZMPY,16859031,,1,EPSG:26918
14720000010060000000,40.655615768412,flowline:9ZMPY,flowline,Channel Line,9ZMPY,16859031,,1,EPSG:26918
14720000010040000000,128.193296578769,flowline:9ZMPY,flowline,Channel Line,9ZMPY,16859031,,1,EPSG:26918
14716000030400000000,180.300100127299,flowline:9ZMPY,flowline,Channel Line,9ZMPY,16859031,,1,EPSG:26918
14716000030390000000,166.643661284369,flowline:9ZMPY,flowline,Channel Line,9ZMPY,16859031,,1,EPSG:26918
14716000030380000000,152.976792729868,flowline:9ZMPY,flowline,Channel Line,9ZMPY,16859031,,1,EPSG:26918
14716000030370000000,145.059798925766,flowline:9ZMPY,flowline,Channel Line,9ZMPY,16859031,,1,EPSG:26918
14716000030241000000,210.500023236734,flowline:9ZMPY,flowline,Channel Line,9ZMPY,16859031,,1,EPSG:26918
14716000030430000000,215.372250001661,flowline:9ZMPY,flowline,Channel Line,9ZMPY,16859031,,1,EPSG:26918
14716000030420000000,206.704193283886,flowline:9ZMPY,flowline,Channel Line,9ZMPY,16859031,,1,EPSG:26918
14720000010030000000,162.036073833318,flowline:9ZMPY,flowline,Channel Line,9ZMPY,16859031,,1,EPSG:26918
14716000030410000000,197.856644388423,flowline:9ZMPY,flowline,Channel Line,9ZMPY,16859031,,1,EPSG:26918
14716000030401200000,190.549156735291,flowline:9ZMPY,flowline,Channel Line,9ZMPY,16859031,,1,EPSG:26918
14716000030401100000,186.503540760828,flowline:9ZMPY,flowline,Channel Line,9ZMPY,16859031,,1,EPSG:26918
14716000030440000000,224.056423518611,flowline:9ZMPY,flowline,Channel Line,9ZMPY,16859031,,1,EPSG:26918
14716000030450000000,233.159307727262,flowline:9ZMPY,flowline,Channel Line,9ZMPY,16859031,,1,EPSG:26918
14720000010050000000,72.231600461634,flowline:9ZMPY,flowline,Channel Line,9ZMPY,16859031,,1,EPSG:26918
14817000020030000000,17.061473101929,flowline:5EBDG,flowline,Channel Line,5EBDG,9118227,,1,EPSG:26918
14817000010010000000,36.843481926648,flowline:9ZMPY,flowline,Channel Line,9ZMPY,16859031,,1,EPSG:26918
14817000020021000000,7.002612332479,flowline:5EBDG,flowline,Channel Line,5EBDG,9118227,,1,EPSG:26918
14817000020130000000,61.931094187501,flowline:5EBDG,flowline,Channel Line,5EBDG,9118227,,1,EPSG:26918
14817000020120000000,344.286440901605,flowline:5EBDG,flowline,Channel Line,5EBDG,9118227,,1,EPSG:26918
14817000020110000000,397.137012646726,flowline:5EBDG,flowline,Channel Line,5EBDG,9118227,,1,EPSG:26918
14817000020100000000,445.975734266889,waterbody:OHBHI,waterbody,River,OHBHI,6808474,,1,EPSG:26918
148170000200110000WC,44.922551321560,flowline:9ZMPY,flowline,Channel Line,9ZMPY,16859031,,1,EPSG:26918
14817000010901000000,224.674581829833,flowline:13FQR,flowline,Channel Line,13FQR,1701015,,1,EPSG:26918
14817000010661000000,377.642776920750,flowline:13FQR,flowline,Channel Line,13FQR,1701015,,1,EPSG:26918
148170000201600000WC,51.428532205361,flowline:9ZMPY,flowline,Channel Line,9ZMPY,16859031,,1,EPSG:26918
14817000020040000000,246.442393181462,flowline:13FQR,flowline,Channel Line,13FQR,1701015,,1,EPSG:26918
14817000020090000000,466.902161077793,waterbody:OHBHI,waterbody,River,OHBHI,6808474,,1,EPSG:26918
14817000020070000000,499.368938519421,waterbody:OHBHI,waterbody,River,OHBHI,6808474,,1,EPSG:26918
14817000020060000000,553.172397198426,waterbody:OHBHI,waterbody,River,OHBHI,6808474,,1,EPSG:26918
14817000020080000000,487.346044805444,waterbody:OHBHI,waterbody,River,OHBHI,6808474,,1,EPSG:26918
14817000010291000000,236.116531666218,flowline:13FQR,flowline,Channel Line,13FQR,1701015,,1,EPSG:26918
14817000010651000000,258.823716089603,flowline:13FQR,flowline,Channel Line,13FQR,1701015,,1,EPSG:26918
14814000040621000000,250.576902722796,flowline:13FQR,flowline,Channel Line,13FQR,1701015,,1,EPSG:26918
14813000030011000000,7.529316133043,flowline:13FQR,flowline,Channel Line,13FQR,1701015,,1,EPSG:26918
14817000010101000000,180.894302826751,flowline:13FQR,flowline,Channel Line,13FQR,1701015,,1,EPSG:26918
14817000010121000000,133.933683663610,flowline:13FQR,flowline,Channel Line,13FQR,1701015,,1,EPSG:26918
14817000010080000000,68.824330906910,flowline:13FQR,flowline,Channel Line,13FQR,1701015,,1,EPSG:26918
14817000010070000000,55.881636150167,flowline:13FQR,flowline,Channel Line,13FQR,1701015,,1,EPSG:26918
14813000020260000000,54.556268423838,flowline:13FQR,flowline,Channel Line,13FQR,1701015,,1,EPSG:26918
14817000010031000000,90.010078949312,flowline:13FQR,flowline,Channel Line,13FQR,1701015,,1,EPSG:26918
14813000020271000000,105.890933296871,flowline:13FQR,flowline,Channel Line,13FQR,1701015,,1,EPSG:26918
148140000106000000WC,326.496031073204,waterbody:OHBHA,waterbody,River,OHBHA,6808470,,1,EPSG:26918
14813000030651000000,48.918594139553,flowline:13FQR,flowline,Channel Line,13FQR,1701015,,1,EPSG:26918
14813000030620000000,18.985519758106,flowline:13FQR,flowline,Channel Line,13FQR,1701015,,1,EPSG:26918
14813000030630000000,27.541826814223,flowline:13FQR,flowline,Channel Line,13FQR,1701015,,1,EPSG:26918
14813000030401000000,70.416389148713,flowline:13FQR,flowline,Channel Line,13FQR,1701015,,1,EPSG:26918
14814000040580000000,294.313410715839,waterbody:INMO0,waterbody,Lake,INMO0,618216,,1,EPSG:26918
14814000040590000000,303.338738352247,flowline:13FQR,flowline,Channel Line,13FQR,1701015,,1,EPSG:26918
14814000040600000000,296.456029057311,flowline:13FQR,flowline,Channel Line,13FQR,1701015,,1,EPSG:26918
14814000040610000000,289.453440680925,flowline:13FQR,flowline,Channel Line,13FQR,1701015,,1,EPSG:26918
14814000040540000000,237.567876041014,waterbody:INMO0,waterbody,Lake,INMO0,618216,,1,EPSG:26918
14814000040550000000,251.761770090208,waterbody:INMO0,waterbody,Lake,INMO0,618216,,1,EPSG:26918
14814000040570000000,279.998554663005,waterbody:INMO0,waterbody,Lake,INMO0,618216,,1,EPSG:26918
14814000040560000000,265.774097034734,waterbody:INMO0,waterbody,Lake,INMO0,618216,,1,EPSG:26918
14814000040530000000,224.059969461554,waterbody:INMO0,waterbody,Lake,INMO0,618216,,1,EPSG:26918
14814000020301000000,246.634298769118,flowline:13FQR,flowline,Channel Line,13FQR,1701015,,1,EPSG:26918
14814000020270000000,268.808074167869,flowline:13FQR,flowline,Channel Line,13FQR,1701015,,1,EPSG:26918
14814000020280000000,264.440738282595,waterbody:MIFJR,waterbody,Lake,MIFJR,6219318,,1,EPSG:26918
14814000020290000000,258.793624378499,waterbody:MIFJR,waterbody,Lake,MIFJR,6219318,,1,EPSG:26918
14814000030471000000,196.377187068503,waterbody:MIFJR,waterbody,Lake,MIFJR,6219318,,1,EPSG:26918
14814000040510000000,152.302961464954,waterbody:INMO0,waterbody,Lake,INMO0,618216,,1,EPSG:26918
14814000030450000000,166.762488677650,waterbody:MIFJR,waterbody,Lake,MIFJR,6219318,,1,EPSG:26918
14814000030490000000,231.720557824470,waterbody:MIFJR,waterbody,Lake,MIFJR,6219318,,1,EPSG:26918
14814000020260000000,259.125446777187,flowline:13FQR,flowline,Channel Line,13FQR,1701015,,1,EPSG:26918
14814000020250000000,246.937376736243,flowline:13FQR,flowline,Channel Line,13FQR,1701015,,1,EPSG:26918
14814000030440000000,192.678582121973,waterbody:MIFJR,waterbody,Lake,MIFJR,6219318,,1,EPSG:26918
14814000030430000000,227.097120803847,waterbody:MIFJR,waterbody,Lake,MIFJR,6219318,,1,EPSG:26918
14814000030511000000,249.797694583974,flowline:13FQR,flowline,Channel Line,13FQR,1701015,,1,EPSG:26918
14814000020220000000,210.520364362632,flowline:13FQR,flowline,Channel Line,13FQR,1701015,,1,EPSG:26918
14814000020230000000,222.633956052775,flowline:13FQR,flowline,Channel Line,13FQR,1701015,,1,EPSG:26918
14814000020240000000,234.646857606017,flowline:13FQR,flowline,Channel Line,13FQR,1701015,,1,EPSG:26918
14814000020210000000,198.178990369323,flowline:13FQR,flowline,Channel Line,13FQR,1701015,,1,EPSG:26918
14814000020191000000,180.741105439292,flowline:13FQR,flowline,Channel Line,13FQR,1701015,,1,EPSG:26918
14814000020500000000,138.203324507677,flowline:13FQR,flowline,Channel Line,13FQR,1701015,,1,EPSG:26918
14814000020490000000,150.784900005615,flowline:13FQR,flowline,Channel Line,13FQR,1701015,,1,EPSG:26918
14814000010210000000,124.816151970530,flowline:13FQR,flowline,Channel Line,13FQR,1701015,,1,EPSG:26918
14814000010200000000,115.972774931644,flowline:13FQR,flowline,Channel Line,13FQR,1701015,,1,EPSG:26918
14814000010151000000,134.534069310074,flowline:13FQR,flowline,Channel Line,13FQR,1701015,,1,EPSG:26918
14814000010011000000,98.095613190236,flowline:13FQR,flowline,Channel Line,13FQR,1701015,,1,EPSG:26918
14814000010040000000,86.288140112726,flowline:13FQR,flowline,Channel Line,13FQR,1701015,,1,EPSG:26918
14814000010060000000,78.312035307699,flowline:13FQR,flowline,Channel Line,13FQR,1701015,,1,EPSG:26918
14814000010050000000,81.973708963271,flowline:13FQR,flowline,Channel Line,13FQR,1701015,,1,EPSG:26918
14814000010081000000,19.749541063683,flowline:13FQR,flowline,Channel Line,13FQR,1701015,,1,EPSG:26918
14814000020060000000,12.472023309373,flowline:13FQR,flowline,Channel Line,13FQR,1701015,,1,EPSG:26918
14814000020070000000,3.402618157281,flowline:13FQR,flowline,Channel Line,13FQR,1701015,,1,EPSG:26918
14814000020080000000,5.623911200835,flowline:13FQR,flowline,Channel Line,13FQR,1701015,,1,EPSG:26918
14814000020090000000,14.498102016132,flowline:13FQR,flowline,Channel Line,13FQR,1701015,,1,EPSG:26918
14814000020011000000,28.433413956586,flowline:13FQR,flowline,Channel Line,13FQR,1701015,,1,EPSG:26918
14814000030600000000,99.063824938130,flowline:13FQR,flowline,Channel Line,13FQR,1701015,,1,EPSG:26918
14814000020151000000,90.895260593215,flowline:13FQR,flowline,Channel Line,13FQR,1701015,,1,EPSG:26918
14814000030540000000,168.726218731387,flowline:13FQR,flowline,Channel Line,13FQR,1701015,,1,EPSG:26918
14814000030620000000,78.326718611160,flowline:13FQR,flowline,Channel Line,13FQR,1701015,,1,EPSG:26918
14814000030010000000,49.736415910104,flowline:13FQR,flowline,Channel Line,13FQR,1701015,,1,EPSG:26918
14814000030020000000,73.686108428281,flowline:13FQR,flowline,Channel Line,13FQR,1701015,,1,EPSG:26918
14814000030040000000,118.586600103046,flowline:13FQR,flowline,Channel Line,13FQR,1701015,,1,EPSG:26918
14814000030050000000,135.219287618322,flowline:13FQR,flowline,Channel Line,13FQR,1701015,,1,EPSG:26918
14814000030310000000,172.423040849377,flowline:13FQR,flowline,Channel Line,13FQR,1701015,,1,EPSG:26918
14814000030320000000,152.746884689745,flowline:13FQR,flowline,Channel Line,13FQR,1701015,,1,EPSG:26918
14814000030331000000,161.708493094062,flowline:13FQR,flowline,Channel Line,13FQR,1701015,,1,EPSG:26918
14814000030280000000,210.701411614682,flowline:88EEP,flowline,Channel Line,88EEP,13898192,Red Creek,1,EPSG:26918
14814000030290000000,205.273304058187,flowline:13FQR,flowline,Channel Line,13FQR,1701015,,1,EPSG:26918
14814000030300000000,187.475928879190,flowline:13FQR,flowline,Channel Line,13FQR,1701015,,1,EPSG:26918
14814000030090000000,157.385314637506,flowline:88EEP,flowline,Channel Line,88EEP,13898192,Red Creek,1,EPSG:26918
14814000030060000000,152.406961149899,flowline:13FQR,flowline,Channel Line,13FQR,1701015,,1,EPSG:26918
14814000030070000000,160.583361058082,flowline:88EEP,flowline,Channel Line,88EEP,13898192,Red Creek,1,EPSG:26918
14814000030100000000,146.469438985414,flowline:88EEP,flowline,Channel Line,88EEP,13898192,Red Creek,1,EPSG:26918
14814000040011000000,50.331619347270,flowline:88EEP,flowline,Channel Line,88EEP,13898192,Red Creek,1,EPSG:26918
14814000030111000000,149.200021574676,flowline:88EEP,flowline,Channel Line,88EEP,13898192,Red Creek,1,EPSG:26918
14814000040020000000,51.860587168696,flowline:88EEP,flowline,Channel Line,88EEP,13898192,Red Creek,1,EPSG:26918
14814000040120000000,27.135724473896,flowline:88EEP,flowline,Channel Line,88EEP,13898192,Red Creek,1,EPSG:26918
14814000040040000000,42.531872383289,flowline:88EEP,flowline,Channel Line,88EEP,13898192,Red Creek,1,EPSG:26918
14814000040110000000,29.700382648276,flowline:88EEP,flowline,Channel Line,88EEP,13898192,Red Creek,1,EPSG:26918
14814000040100000000,32.041948568289,flowline:88EEP,flowline,Channel Line,88EEP,13898192,Red Creek,1,EPSG:26918
14814000040050000000,37.674000116872,flowline:88EEP,flowline,Channel Line,88EEP,13898192,Red Creek,1,EPSG:26918
14814000030180000000,137.543121537393,flowline:88EEP,flowline,Channel Line,88EEP,13898192,Red Creek,1,EPSG:26918
14814000040032000000,48.671952970998,flowline:88EEP,flowline,Channel Line,88EEP,13898192,Red Creek,1,EPSG:26918
14814000030170000000,143.131976855333,flowline:88EEP,flowline,Channel Line,88EEP,13898192,Red Creek,1,EPSG:26918
14814000040031200000,50.359162842577,flowline:88EEP,flowline,Channel Line,88EEP,13898192,Red Creek,1,EPSG:26918
14814000040031100000,52.836489150240,flowline:88EEP,flowline,Channel Line,88EEP,13898192,Red Creek,1,EPSG:26918
14814000030160000000,146.207103174203,flowline:88EEP,flowline,Channel Line,88EEP,13898192,Red Creek,1,EPSG:26918
14814000030131000000,149.974593768630,flowline:88EEP,flowline,Channel Line,88EEP,13898192,Red Creek,1,EPSG:26918
14814000030270000000,208.654306008453,flowline:88EEP,flowline,Channel Line,88EEP,13898192,Red Creek,1,EPSG:26918
14814000030260000000,207.136431265682,flowline:88EEP,flowline,Channel Line,88EEP,13898192,Red Creek,1,EPSG:26918
14814000030250000000,203.199709480865,flowline:88EEP,flowline,Channel Line,88EEP,13898192,Red Creek,1,EPSG:26918
14814000030240000000,189.861891107391,flowline:88EEP,flowline,Channel Line,88EEP,13898192,Red Creek,1,EPSG:26918
14814000030190000000,117.643501971962,flowline:88EEP,flowline,Channel Line,88EEP,13898192,Red Creek,1,EPSG:26918
14814000030230000000,175.198196651215,flowline:88EEP,flowline,Channel Line,88EEP,13898192,Red Creek,1,EPSG:26918
14814000040080000000,36.603618142145,flowline:88EEP,flowline,Channel Line,88EEP,13898192,Red Creek,1,EPSG:26918
14814000040061000000,29.196280106453,flowline:88EEP,flowline,Channel Line,88EEP,13898192,Red Creek,1,EPSG:26918
14814000040090000000,33.010651361347,flowline:88EEP,flowline,Channel Line,88EEP,13898192,Red Creek,1,EPSG:26918
14814000040440000000,91.215763746922,waterbody:MIFJR,waterbody,Lake,MIFJR,6219318,,1,EPSG:26918
14814000040450000000,81.406833787431,waterbody:MIFJR,waterbody,Lake,MIFJR,6219318,,1,EPSG:26918
14814000040430000000,46.482548615558,flowline:88EEP,flowline,Channel Line,88EEP,13898192,Red Creek,1,EPSG:26918
14814000030210000000,154.476318325902,flowline:88EEP,flowline,Channel Line,88EEP,13898192,Red Creek,1,EPSG:26918
14814000030200000000,116.339088759725,flowline:88EEP,flowline,Channel Line,88EEP,13898192,Red Creek,1,EPSG:26918
14814000030220000000,177.146149787262,waterbody:MIFJR,waterbody,Lake,MIFJR,6219318,,1,EPSG:26918
14814000040480000000,96.749470044335,waterbody:MIFJR,waterbody,Lake,MIFJR,6219318,,1,EPSG:26918
14814000040470000000,82.594830343546,waterbody:MIFJR,waterbody,Lake,MIFJR,6219318,,1,EPSG:26918
14814000040460000000,76.682396723591,waterbody:MIFJR,waterbody,Lake,MIFJR,6219318,,1,EPSG:26918
14814000040490000000,114.430361734783,waterbody:MIFJR,waterbody,Lake,MIFJR,6219318,,1,EPSG:26918
14814000040500000000,131.908577259831,waterbody:INMO0,waterbody,Lake,INMO0,618216,,1,EPSG:26918
14814000040520000000,190.410982307970,waterbody:INMO0,waterbody,Lake,INMO0,618216,,1,EPSG:26918
14818000020012000000,201.969219596512,waterbody:INMO0,waterbody,Lake,INMO0,618216,,1,EPSG:26918
14818000020042000000,13.729993506184,flowline:88EEP,flowline,Channel Line,88EEP,13898192,Red Creek,1,EPSG:26918
14818000020041000000,84.676063724824,flowline:C5G20,flowline,Channel Line,C5G20,20501605,Red Creek,1,EPSG:26918
148170000201800000RH,456.140553981208,waterbody:INMO0,waterbody,Lake,INMO0,618216,,1,EPSG:26918
148170000201700000RH,436.698302479980,waterbody:INMO0,waterbody,Lake,INMO0,618216,,1,EPSG:26918
14818000020050000000,214.064729593741,flowline:C5G20,flowline,Channel Line,C5G20,20501605,Red Creek,1,EPSG:26918
14818000020060000000,262.662477443662,flowline:C5G20,flowline,Channel Line,C5G20,20501605,Red Creek,1,EPSG:26918
14818000020011000000,473.590292155840,flowline:C5G20,flowline,Channel Line,C5G20,20501605,Red Creek,1,EPSG:26918
14817000010710000000,459.950316556737,waterbody:INMO0,waterbody,Lake,INMO0,618216,,1,EPSG:26918
14818000020080000000,587.629841797663,waterbody:INMO0,waterbody,Lake,INMO0,618216,,1,EPSG:26918
14818000020070000000,539.347951133465,flowline:C5G20,flowline,Channel Line,C5G20,20501605,Red Creek,1,EPSG:26918
14817000020050000000,586.567855728526,waterbody:OHBHI,waterbody,River,OHBHI,6808474,,1,EPSG:26918
14819000010380000000,270.390147792446,waterbody:MAALD,waterbody,Lake,MAALD,5889983,,1,EPSG:26918
14820000020450000000,289.267903774761,waterbody:MAALD,waterbody,Lake,MAALD,5889983,,1,EPSG:26918
14819000010370000000,253.782895474607,waterbody:MAALD,waterbody,Lake,MAALD,5889983,,1,EPSG:26918
14819000010360000000,234.717024058900,waterbody:KEIOH,waterbody,Lake,KEIOH,3145011,,1,EPSG:26918
14819000010351100000,184.141417306154,waterbody:KEIOH,waterbody,Lake,KEIOH,3145011,,1,EPSG:26918
14819000010411000000,217.879639778413,waterbody:MAALD,waterbody,Lake,MAALD,5889983,,1,EPSG:26918
14819000010650000000,153.117861020275,waterbody:KEIOH,waterbody,Lake,KEIOH,3145011,,1,EPSG:26918
14819000010200000000,123.885523526235,waterbody:KEIOH,waterbody,Lake,KEIOH,3145011,,1,EPSG:26918
14819000010340000000,155.930762910976,waterbody:KEIOH,waterbody,Lake,KEIOH,3145011,,1,EPSG:26918
14819000010232000000,128.043976530026,waterbody:KEIOH,waterbody,Lake,KEIOH,3145011,,1,EPSG:26918
14819000010330000000,116.440329665599,waterbody:KEIOH,waterbody,Lake,KEIOH,3145011,,1,EPSG:26918
14819000010320000000,97.536808904405,waterbody:KEIOH,waterbody,Lake,KEIOH,3145011,,1,EPSG:26918
14819000010310000000,80.155066508714,waterbody:KEIOH,waterbody,Lake,KEIOH,3145011,,1,EPSG:26918
14819000010170000000,69.599565863911,waterbody:KEIOH,waterbody,Lake,KEIOH,3145011,,1,EPSG:26918
14819000010180000000,82.675192753949,waterbody:KEIOH,waterbody,Lake,KEIOH,3145011,,1,EPSG:26918
14819000010220000000,14.948944161494,waterbody:KEIOH,waterbody,Lake,KEIOH,3145011,,1,EPSG:26918
14819000010190000000,126.937288659257,waterbody:KEIOH,waterbody,Lake,KEIOH,3145011,,1,EPSG:26918
14819000010210000000,103.615723564562,waterbody:KEIOH,waterbody,Lake,KEIOH,3145011,,1,EPSG:26918
14819000010142000000,116.593647713403,waterbody:KC462,waterbody,Lake,KC462,3047635,,1,EPSG:26918
14819000010101000000,90.115856644222,flowline:DD867,flowline,Channel Line,DD867,22550904,,1,EPSG:26918
14819000010120000000,25.559452855694,waterbody:KC462,waterbody,Lake,KC462,3047635,,1,EPSG:26918
14819000010130000000,101.221096303459,waterbody:KC462,waterbody,Lake,KC462,3047635,,1,EPSG:26918
14819000010143000000,46.291803676865,waterbody:KC462,waterbody,Lake,KC462,3047635,,1,EPSG:26918
14819000010144000000,34.191277011163,waterbody:KC462,waterbody,Lake,KC462,3047635,,1,EPSG:26918
14819000010110000000,66.046991732207,waterbody:KC462,waterbody,Lake,KC462,3047635,,1,EPSG:26918
14819000010040000000,65.140396515631,flowline:DD867,flowline,Channel Line,DD867,22550904,,1,EPSG:26918
14819000010030000000,70.179874416162,flowline:DD867,flowline,Channel Line,DD867,22550904,,1,EPSG:26918
14819000010021000000,31.630138080438,flowline:DD867,flowline,Channel Line,DD867,22550904,,1,EPSG:26918
14818000020090000000,35.507995087084,flowline:88EEP,flowline,Channel Line,88EEP,13898192,Red Creek,1,EPSG:26918
14818000020030000000,15.313643288646,flowline:DD867,flowline,Channel Line,DD867,22550904,,1,EPSG:26918
14819000010011000000,108.460881272162,flowline:DD867,flowline,Channel Line,DD867,22550904,,1,EPSG:26918
14819000010051000000,18.336995061972,flowline:DD867,flowline,Channel Line,DD867,22550904,,1,EPSG:26918
14815000030460000000,241.334133308383,flowline:DD867,flowline,Channel Line,DD867,22550904,,1,EPSG:26918
14815000030470000000,243.559973119953,flowline:DD867,flowline,Channel Line,DD867,22550904,,1,EPSG:26918
14815000030490000000,246.806406980893,flowline:DD867,flowline,Channel Line,DD867,22550904,,1,EPSG:26918
14815000030480000000,244.889309044298,flowline:DD867,flowline,Channel Line,DD867,22550904,,1,EPSG:26918
14815000030510000000,249.805114456438,flowline:DD867,flowline,Channel Line,DD867,22550904,,1,EPSG:26918
14815000030500000000,247.605766026525,flowline:DD867,flowline,Channel Line,DD867,22550904,,1,EPSG:26918
14815000030520000000,251.409922967462,flowline:DD867,flowline,Channel Line,DD867,22550904,,1,EPSG:26918
14815000030530000000,254.363857989988,flowline:DD867,flowline,Channel Line,DD867,22550904,,1,EPSG:26918
14815000030580000000,274.711542778558,flowline:DD867,flowline,Channel Line,DD867,22550904,,1,EPSG:26918
14815000010390000000,122.122580732596,flowline:DD867,flowline,Channel Line,DD867,22550904,,1,EPSG:26918
14815000030590000000,280.234770768777,flowline:DD867,flowline,Channel Line,DD867,22550904,,1,EPSG:26918
14815000030570000000,269.661428364744,flowline:DD867,flowline,Channel Line,DD867,22550904,,1,EPSG:26918
14815000030560000000,265.291697919631,flowline:DD867,flowline,Channel Line,DD867,22550904,,1,EPSG:26918
14815000030550000000,261.658401776571,flowline:DD867,flowline,Channel Line,DD867,22550904,,1,EPSG:26918
14815000030540000000,258.115492215600,flowline:DD867,flowline,Channel Line,DD867,22550904,,1,EPSG:26918
14815000030660000000,304.176337705388,flowline:DD867,flowline,Channel Line,DD867,22550904,,1,EPSG:26918
14815000030650000000,305.491815313013,flowline:DD867,flowline,Channel Line,DD867,22550904,,1,EPSG:26918
14815000030640000000,307.471529608432,flowline:DD867,flowline,Channel Line,DD867,22550904,,1,EPSG:26918
14815000030630000000,309.861448373619,flowline:DD867,flowline,Channel Line,DD867,22550904,,1,EPSG:26918
14815000030620000000,312.882164856941,flowline:DD867,flowline,Channel Line,DD867,22550904,,1,EPSG:26918
14815000030860000000,346.242065906146,flowline:DD867,flowline,Channel Line,DD867,22550904,,1,EPSG:26918
14815000030610000000,328.498660462442,flowline:DD867,flowline,Channel Line,DD867,22550904,,1,EPSG:26918
14815000030600000000,311.001049666148,flowline:DD867,flowline,Channel Line,DD867,22550904,,1,EPSG:26918
14815000010460000000,337.715199601342,flowline:DD867,flowline,Channel Line,DD867,22550904,,1,EPSG:26918
14815000010470000000,348.667195356739,flowline:DD867,flowline,Channel Line,DD867,22550904,,1,EPSG:26918
14815000010480000000,357.992286987508,flowline:DD867,flowline,Channel Line,DD867,22550904,,1,EPSG:26918
14815000010490000000,367.411942161975,flowline:DD867,flowline,Channel Line,DD867,22550904,,1,EPSG:26918
14815000010500000000,377.358419066830,flowline:DD867,flowline,Channel Line,DD867,22550904,,1,EPSG:26918
14815000010510000000,387.149484899832,flowline:DD867,flowline,Channel Line,DD867,22550904,,1,EPSG:26918
14815000010530000000,407.439451601500,flowline:DD867,flowline,Channel Line,DD867,22550904,,1,EPSG:26918
14815000010540000000,408.206711400376,waterbody:JYNZJ,waterbody,Lake,JYNZJ,2502763,,1,EPSG:26918
14815000010371000000,277.772477480189,flowline:DD867,flowline,Channel Line,DD867,22550904,,1,EPSG:26918
14815000010520000000,397.056722812730,flowline:DD867,flowline,Channel Line,DD867,22550904,,1,EPSG:26918
14815000010360000000,318.144102840373,flowline:88EEP,flowline,Channel Line,88EEP,13898192,Red Creek,1,EPSG:26918
14815000010450000000,329.193220464844,flowline:DD867,flowline,Channel Line,DD867,22550904,,1,EPSG:26918
14815000010440000000,322.898644528735,flowline:DD867,flowline,Channel Line,DD867,22550904,,1,EPSG:26918
14815000010430000000,313.938139647992,flowline:DD867,flowline,Channel Line,DD867,22550904,,1,EPSG:26918
14815000010420000000,305.089489953593,flowline:DD867,flowline,Channel Line,DD867,22550904,,1,EPSG:26918
14815000010410000000,296.866754660415,flowline:DD867,flowline,Channel Line,DD867,22550904,,1,EPSG:26918
14815000010400000000,289.201103604039,flowline:DD867,flowline,Channel Line,DD867,22550904,,1,EPSG:26918
14815000010380000000,228.623779682517,flowline:DD867,flowline,Channel Line,DD867,22550904,,1,EPSG:26918
14811000010360000000,320.405152159140,waterbody:JYNZJ,waterbody,Lake,JYNZJ,2502763,,1,EPSG:26918
148140000404200000RH,192.851793424138,flowline:88EEP,flowline,Channel Line,88EEP,13898192,Red Creek,1,EPSG:26918
148180000200200000RH,88.846892271695,flowline:88EEP,flowline,Channel Line,88EEP,13898192,Red Creek,1,EPSG:26918
14814000040360000000,97.154365499550,flowline:88EEP,flowline,Channel Line,88EEP,13898192,Red Creek,1,EPSG:26918
14814000040410000000,144.184238300525,flowline:88EEP,flowline,Channel Line,88EEP,13898192,Red Creek,1,EPSG:26918
14814000040400000000,142.794176440095,flowline:88EEP,flowline,Channel Line,88EEP,13898192,Red Creek,1,EPSG:26918
14814000040370000000,97.759769259879,flowline:88EEP,flowline,Channel Line,88EEP,13898192,Red Creek,1,EPSG:26918
14815000010110000000,206.560730975841,flowline:88EEP,flowline,Channel Line,88EEP,13898192,Red Creek,1,EPSG:26918
14815000010120000000,208.779568936461,flowline:88EEP,flowline,Channel Line,88EEP,13898192,Red Creek,1,EPSG:26918
14815000010130000000,254.339285753653,flowline:88EEP,flowline,Channel Line,88EEP,13898192,Red Creek,1,EPSG:26918
14815000010140000000,252.247593653057,flowline:88EEP,flowline,Channel Line,88EEP,13898192,Red Creek,1,EPSG:26918
14815000010350000000,317.416809655114,flowline:88EEP,flowline,Channel Line,88EEP,13898192,Red Creek,1,EPSG:26918
14815000010340000000,319.240085345710,flowline:88EEP,flowline,Channel Line,88EEP,13898192,Red Creek,1,EPSG:26918
14815000010160000000,254.034638808099,flowline:88EEP,flowline,Channel Line,88EEP,13898192,Red Creek,1,EPSG:26918
14815000010090000000,205.620558196324,flowline:88EEP,flowline,Channel Line,88EEP,13898192,Red Creek,1,EPSG:26918
14815000010150000000,252.467588556015,flowline:88EEP,flowline,Channel Line,88EEP,13898192,Red Creek,1,EPSG:26918
14815000010080000000,205.987558535205,flowline:88EEP,flowline,Channel Line,88EEP,13898192,Red Creek,1,EPSG:26918
14815000010170000000,250.648834905621,flowline:88EEP,flowline,Channel Line,88EEP,13898192,Red Creek,1,EPSG:26918
14815000010070000000,202.826569664645,flowline:88EEP,flowline,Channel Line,88EEP,13898192,Red Creek,1,EPSG:26918
14814000040270000000,137.536221326519,flowline:88EEP,flowline,Channel Line,88EEP,13898192,Red Creek,1,EPSG:26918
14814000040280000000,140.793072267550,flowline:88EEP,flowline,Channel Line,88EEP,13898192,Red Creek,1,EPSG:26918
14814000040290000000,141.227828556144,flowline:88EEP,flowline,Channel Line,88EEP,13898192,Red Creek,1,EPSG:26918
14814000040330000000,93.136548831652,flowline:88EEP,flowline,Channel Line,88EEP,13898192,Red Creek,1,EPSG:26918
14814000040380000000,139.019150993532,flowline:88EEP,flowline,Channel Line,88EEP,13898192,Red Creek,1,EPSG:26918
14815000010100000000,204.771994055796,flowline:88EEP,flowline,Channel Line,88EEP,13898192,Red Creek,1,EPSG:26918
14814000040390000000,140.928763126068,flowline:88EEP,flowline,Channel Line,88EEP,13898192,Red Creek,1,EPSG:26918
14814000040340000000,93.416243856329,flowline:88EEP,flowline,Channel Line,88EEP,13898192,Red Creek,1,EPSG:26918
14814000040350000000,95.388643702593,flowline:88EEP,flowline,Channel Line,88EEP,13898192,Red Creek,1,EPSG:26918
14814000040130000000,27.594456792473,flowline:88EEP,flowline,Channel Line,88EEP,13898192,Red Creek,1,EPSG:26918
14814000040140000000,29.234282019152,flowline:88EEP,flowline,Channel Line,88EEP,13898192,Red Creek,1,EPSG:26918
14814000040320000000,94.811871204184,flowline:88EEP,flowline,Channel Line,88EEP,13898192,Red Creek,1,EPSG:26918
14814000040310000000,92.935360863212,flowline:88EEP,flowline,Channel Line,88EEP,13898192,Red Creek,1,EPSG:26918
14814000040300000000,90.530174468373,flowline:88EEP,flowline,Channel Line,88EEP,13898192,Red Creek,1,EPSG:26918
14814000040160000000,24.933268792013,flowline:88EEP,flowline,Channel Line,88EEP,13898192,Red Creek,1,EPSG:26918
14814000040012000000,55.567491449984,flowline:88EEP,flowline,Channel Line,88EEP,13898192,Red Creek,1,EPSG:26918
14814000040150000000,26.401233204136,flowline:88EEP,flowline,Channel Line,88EEP,13898192,Red Creek,1,EPSG:26918
14814000040170000000,26.157992602039,flowline:88EEP,flowline,Channel Line,88EEP,13898192,Red Creek,1,EPSG:26918
14814000040180000000,28.369892835416,flowline:88EEP,flowline,Channel Line,88EEP,13898192,Red Creek,1,EPSG:26918
14814000040191000000,29.940319069170,flowline:88EEP,flowline,Channel Line,88EEP,13898192,Red Creek,1,EPSG:26918
14814000040193000000,58.746863658002,flowline:88EEP,flowline,Channel Line,88EEP,13898192,Red Creek,1,EPSG:26918
14814000040192000000,29.332233488107,flowline:88EEP,flowline,Channel Line,88EEP,13898192,Red Creek,1,EPSG:26918
14814000040202000000,61.807231063562,flowline:88EEP,flowline,Channel Line,88EEP,13898192,Red Creek,1,EPSG:26918
14814000040230000000,94.506985415057,flowline:88EEP,flowline,Channel Line,88EEP,13898192,Red Creek,1,EPSG:26918
14814000040260000000,138.394357878041,flowline:88EEP,flowline,Channel Line,88EEP,13898192,Red Creek,1,EPSG:26918
14814000040240000000,92.220976569527,flowline:88EEP,flowline,Channel Line,88EEP,13898192,Red Creek,1,EPSG:26918
14814000040220000000,143.297369519247,flowline:88EEP,flowline,Channel Line,88EEP,13898192,Red Creek,1,EPSG:26918
14814000040250000000,140.863221219147,flowline:88EEP,flowline,Channel Line,88EEP,13898192,Red Creek,1,EPSG:26918
14814000040200000000,102.785146352488,flowline:88EEP,flowline,Channel Line,88EEP,13898192,Red Creek,1,EPSG:26918
14814000040210000000,137.692372618305,flowline:88EEP,flowline,Channel Line,88EEP,13898192,Red Creek,1,EPSG:26918
14815000010230000000,204.597217133553,flowline:88EEP,flowline,Channel Line,88EEP,13898192,Red Creek,1,EPSG:26918
14815000010020000000,186.987621169523,flowline:88EEP,flowline,Channel Line,88EEP,13898192,Red Creek,1,EPSG:26918
14815000010030000000,196.401488856304,flowline:88EEP,flowline,Channel Line,88EEP,13898192,Red Creek,1,EPSG:26918
14815000010220000000,231.817401026202,flowline:88EEP,flowline,Channel Line,88EEP,13898192,Red Creek,1,EPSG:26918
14815000010210000000,243.788149832726,flowline:88EEP,flowline,Channel Line,88EEP,13898192,Red Creek,1,EPSG:26918
14815000010050000000,204.791813149388,flowline:88EEP,flowline,Channel Line,88EEP,13898192,Red Creek,1,EPSG:26918
14815000010200000000,253.484437947991,flowline:88EEP,flowline,Channel Line,88EEP,13898192,Red Creek,1,EPSG:26918
14815000010040000000,208.467430733433,flowline:88EEP,flowline,Channel Line,88EEP,13898192,Red Creek,1,EPSG:26918
14815000010060000000,203.682389809726,flowline:88EEP,flowline,Channel Line,88EEP,13898192,Red Creek,1,EPSG:26918
14815000010180000000,250.468085035758,flowline:88EEP,flowline,Channel Line,88EEP,13898192,Red Creek,1,EPSG:26918
14815000010190000000,251.881798082597,flowline:88EEP,flowline,Channel Line,88EEP,13898192,Red Creek,1,EPSG:26918
14815000010310000000,314.311110667340,waterbody:JYNZJ,waterbody,Lake,JYNZJ,2502763,,1,EPSG:26918
14815000010320000000,315.985192537992,flowline:88EEP,flowline,Channel Line,88EEP,13898192,Red Creek,1,EPSG:26918
14815000010330000000,317.141037569051,flowline:88EEP,flowline,Channel Line,88EEP,13898192,Red Creek,1,EPSG:26918
14815000010300000000,283.786621883574,waterbody:JYNZJ,waterbody,Lake,JYNZJ,2502763,,1,EPSG:26918
14815000010660000000,223.788858070767,waterbody:JYNZJ,waterbody,Lake,JYNZJ,2502763,,1,EPSG:26918
14815000010670000000,211.338902236568,waterbody:JYNZJ,waterbody,Lake,JYNZJ,2502763,,1,EPSG:26918
14815000010680000000,198.194742158453,waterbody:JYNZJ,waterbody,Lake,JYNZJ,2502763,,1,EPSG:26918
14815000010690000000,185.696018697083,waterbody:JYNZJ,waterbody,Lake,JYNZJ,2502763,,1,EPSG:26918
14815000010700000000,173.404773632667,waterbody:JYNZJ,waterbody,Lake,JYNZJ,2502763,,1,EPSG:26918
14815000010290000000,255.083921917608,waterbody:JYNZJ,waterbody,Lake,JYNZJ,2502763,,1,EPSG:26918
14815000010280000000,227.751790356694,waterbody:JYNZJ,waterbody,Lake,JYNZJ,2502763,,1,EPSG:26918
14815000010270000000,202.707815097716,waterbody:JYNZJ,waterbody,Lake,JYNZJ,2502763,,1,EPSG:26918
14815000010240000000,222.049390412402,flowline:88EEP,flowline,Channel Line,88EEP,13898192,Red Creek,1,EPSG:26918
14815000010260000000,160.198683787524,waterbody:JYNZJ,waterbody,Lake,JYNZJ,2502763,,1,EPSG:26918
14815000010730000000,135.712916564972,waterbody:JYNZJ,waterbody,Lake,JYNZJ,2502763,,1,EPSG:26918
14815000010720000000,147.959321824601,waterbody:JYNZJ,waterbody,Lake,JYNZJ,2502763,,1,EPSG:26918
14815000010710000000,160.536487439021,waterbody:JYNZJ,waterbody,Lake,JYNZJ,2502763,,1,EPSG:26918
14815000010740000000,123.884471588870,waterbody:JYNZJ,waterbody,Lake,JYNZJ,2502763,,1,EPSG:26918
14815000010750000000,111.432224930195,waterbody:JYNZJ,waterbody,Lake,JYNZJ,2502763,,1,EPSG:26918
14815000020120000000,64.248094417086,waterbody:JYNZJ,waterbody,Lake,JYNZJ,2502763,,1,EPSG:26918
14815000010760000000,100.207179740071,waterbody:JYNZJ,waterbody,Lake,JYNZJ,2502763,,1,EPSG:26918
14815000010770000000,88.972246188425,waterbody:JYNZJ,waterbody,Lake,JYNZJ,2502763,,1,EPSG:26918
14815000010780000000,73.683853775323,waterbody:JYNZJ,waterbody,Lake,JYNZJ,2502763,,1,EPSG:26918
14815000010790000000,66.306777562188,waterbody:JYNZJ,waterbody,Lake,JYNZJ,2502763,,1,EPSG:26918
14815000010800000000,44.120375027638,waterbody:JYNZJ,waterbody,Lake,JYNZJ,2502763,,1,EPSG:26918
14815000020110000000,41.775637890001,waterbody:JYNZJ,waterbody,Lake,JYNZJ,2502763,,1,EPSG:26918
14815000020130000000,104.409037284650,waterbody:JYNZJ,waterbody,Lake,JYNZJ,2502763,,1,EPSG:26918
14815000020041000000,29.327833478354,waterbody:JYNZJ,waterbody,Lake,JYNZJ,2502763,,1,EPSG:26918
14815000020190000000,109.817508689019,waterbody:JYNZJ,waterbody,Lake,JYNZJ,2502763,,1,EPSG:26918
14815000020180000000,104.881435118420,waterbody:JYNZJ,waterbody,Lake,JYNZJ,2502763,,1,EPSG:26918
14815000020170000000,103.596736057138,waterbody:JYNZJ,waterbody,Lake,JYNZJ,2502763,,1,EPSG:26918
14815000020150000000,106.617848399981,waterbody:JYNZJ,waterbody,Lake,JYNZJ,2502763,,1,EPSG:26918
14815000020160000000,104.305596485736,waterbody:JYNZJ,waterbody,Lake,JYNZJ,2502763,,1,EPSG:26918
14815000020370000000,151.861992034611,waterbody:JYNZJ,waterbody,Lake,JYNZJ,2502763,,1,EPSG:26918
14815000020140000000,127.567568757574,waterbody:JYNZJ,waterbody,Lake,JYNZJ,2502763,,1,EPSG:26918
14815000020380000000,150.202996125660,waterbody:JYNZJ,waterbody,Lake,JYNZJ,2502763,,1,EPSG:26918
14815000020390000000,173.057177990926,waterbody:JYNZJ,waterbody,Lake,JYNZJ,2502763,,1,EPSG:26918
14815000020360000000,148.545495642945,waterbody:JYNZJ,waterbody,Lake,JYNZJ,2502763,,1,EPSG:26918
14815000020400000000,212.614299718593,waterbody:JYNZJ,waterbody,Lake,JYNZJ,2502763,,1,EPSG:26918
14815000020450000000,204.403461382770,waterbody:JYNZJ,waterbody,Lake,JYNZJ,2502763,,1,EPSG:26918
14815000020350000000,146.421904449199,waterbody:JYNZJ,waterbody,Lake,JYNZJ,2502763,,1,EPSG:26918
14815000020340000000,145.526339116242,waterbody:JYNZJ,waterbody,Lake,JYNZJ,2502763,,1,EPSG:26918
14815000020330000000,145.685934126546,waterbody:JYNZJ,waterbody,Lake,JYNZJ,2502763,,1,EPSG:26918
14815000020320000000,146.853000710483,waterbody:JYNZJ,waterbody,Lake,JYNZJ,2502763,,1,EPSG:26918
14815000020310000000,149.315131062976,waterbody:JYNZJ,waterbody,Lake,JYNZJ,2502763,,1,EPSG:26918
14815000020300000000,153.034590213687,waterbody:JYNZJ,waterbody,Lake,JYNZJ,2502763,,1,EPSG:26918
14815000020500000000,205.258225570522,waterbody:JYNZJ,waterbody,Lake,JYNZJ,2502763,,1,EPSG:26918
14815000020490000000,203.393042099179,waterbody:JYNZJ,waterbody,Lake,JYNZJ,2502763,,1,EPSG:26918
14815000020480000000,202.364689671584,waterbody:JYNZJ,waterbody,Lake,JYNZJ,2502763,,1,EPSG:26918
14815000020470000000,202.292870235628,waterbody:JYNZJ,waterbody,Lake,JYNZJ,2502763,,1,EPSG:26918
14815000020460000000,202.990425406871,waterbody:JYNZJ,waterbody,Lake,JYNZJ,2502763,,1,EPSG:26918
14815000020560000000,245.693284228820,waterbody:JYNZJ,waterbody,Lake,JYNZJ,2502763,,1,EPSG:26918
14815000020570000000,244.395711490754,waterbody:JYNZJ,waterbody,Lake,JYNZJ,2502763,,1,EPSG:26918
14815000020800000000,292.388126796379,waterbody:JYNZJ,waterbody,Lake,JYNZJ,2502763,,1,EPSG:26918
14815000020580000000,243.932833605133,waterbody:JYNZJ,waterbody,Lake,JYNZJ,2502763,,1,EPSG:26918
14815000020590000000,244.157688069505,waterbody:JYNZJ,waterbody,Lake,JYNZJ,2502763,,1,EPSG:26918
14815000020600000000,244.996143621229,waterbody:JYNZJ,waterbody,Lake,JYNZJ,2502763,,1,EPSG:26918
14815000020610000000,246.539652754366,waterbody:JYNZJ,waterbody,Lake,JYNZJ,2502763,,1,EPSG:26918
14815000020620000000,248.695751342759,waterbody:JYNZJ,waterbody,Lake,JYNZJ,2502763,,1,EPSG:26918
14815000020630000000,251.585064845123,waterbody:JYNZJ,waterbody,Lake,JYNZJ,2502763,,1,EPSG:26918
14815000020680000000,320.702397526423,waterbody:JYNZJ,waterbody,Lake,JYNZJ,2502763,,1,EPSG:26918
14815000020640000000,255.279349302706,waterbody:JYNZJ,waterbody,Lake,JYNZJ,2502763,,1,EPSG:26918
14815000020650000000,259.447568729729,waterbody:JYNZJ,waterbody,Lake,JYNZJ,2502763,,1,EPSG:26918
14815000020440000000,206.731846920003,waterbody:JYNZJ,waterbody,Lake,JYNZJ,2502763,,1,EPSG:26918
14815000020430000000,210.028912942344,waterbody:JYNZJ,waterbody,Lake,JYNZJ,2502763,,1,EPSG:26918
14815000020420000000,213.912669663384,waterbody:JYNZJ,waterbody,Lake,JYNZJ,2502763,,1,EPSG:26918
14815000020410000000,235.545439589071,waterbody:JYNZJ,waterbody,Lake,JYNZJ,2502763,,1,EPSG:26918
14815000010650000000,236.652208679036,waterbody:JYNZJ,waterbody,Lake,JYNZJ,2502763,,1,EPSG:26918
14815000010640000000,249.780211875387,waterbody:JYNZJ,waterbody,Lake,JYNZJ,2502763,,1,EPSG:26918
14815000010630000000,262.655841376362,waterbody:JYNZJ,waterbody,Lake,JYNZJ,2502763,,1,EPSG:26918
14815000010620000000,275.622683488061,waterbody:JYNZJ,waterbody,Lake,JYNZJ,2502763,,1,EPSG:26918
14815000020660000000,258.393486836131,waterbody:JYNZJ,waterbody,Lake,JYNZJ,2502763,,1,EPSG:26918
14815000020670000000,281.122824798706,waterbody:JYNZJ,waterbody,Lake,JYNZJ,2502763,,1,EPSG:26918
14815000010590000000,315.603097392876,waterbody:JYNZJ,waterbody,Lake,JYNZJ,2502763,,1,EPSG:26918
14815000010600000000,302.152623840842,waterbody:JYNZJ,waterbody,Lake,JYNZJ,2502763,,1,EPSG:26918
14815000010610000000,289.100502949024,waterbody:JYNZJ,waterbody,Lake,JYNZJ,2502763,,1,EPSG:26918
14815000010580000000,329.027759005762,waterbody:JYNZJ,waterbody,Lake,JYNZJ,2502763,,1,EPSG:26918
14815000010560000000,381.852360871110,waterbody:JYNZJ,waterbody,Lake,JYNZJ,2502763,,1,EPSG:26918
14815000010570000000,355.439012287783,waterbody:JYNZJ,waterbody,Lake,JYNZJ,2502763,,1,EPSG:26918
14815000010550000000,395.136949304594,waterbody:JYNZJ,waterbody,Lake,JYNZJ,2502763,,1,EPSG:26918
14815000020950000000,389.311184698773,waterbody:JYNZJ,waterbody,Lake,JYNZJ,2502763,,1,EPSG:26918
14815000020940000000,366.360880991437,waterbody:JYNZJ,waterbody,Lake,JYNZJ,2502763,,1,EPSG:26918
14815000020690000000,343.467835195991,waterbody:JYNZJ,waterbody,Lake,JYNZJ,2502763,,1,EPSG:26918
14815000020930000000,367.107517718855,waterbody:JYNZJ,waterbody,Lake,JYNZJ,2502763,,1,EPSG:26918
14815000020920000000,362.630303122559,waterbody:JYNZJ,waterbody,Lake,JYNZJ,2502763,,1,EPSG:26918
14815000030870000000,364.257248104108,flowline:DD867,flowline,Channel Line,DD867,22550904,,1,EPSG:26918
14815000030850000000,349.835311830146,flowline:DD867,flowline,Channel Line,DD867,22550904,,1,EPSG:26918
14815000030820000000,345.284036086359,flowline:DD867,flowline,Channel Line,DD867,22550904,,1,EPSG:26918
14815000030830000000,346.534869354808,flowline:DD867,flowline,Channel Line,DD867,22550904,,1,EPSG:26918
14815000030840000000,347.891479937689,flowline:DD867,flowline,Channel Line,DD867,22550904,,1,EPSG:26918
14815000030800000000,341.724780007556,flowline:DD867,flowline,Channel Line,DD867,22550904,,1,EPSG:26918
14815000030810000000,343.483531002908,flowline:DD867,flowline,Channel Line,DD867,22550904,,1,EPSG:26918
14815000030790000000,338.885975842732,flowline:DD867,flowline,Channel Line,DD867,22550904,,1,EPSG:26918
14815000020880000000,348.599916787583,waterbody:JYNZJ,waterbody,Lake,JYNZJ,2502763,,1,EPSG:26918
14815000020890000000,351.438489567254,waterbody:JYNZJ,waterbody,Lake,JYNZJ,2502763,,1,EPSG:26918
14815000020910000000,358.384506437792,waterbody:JYNZJ,waterbody,Lake,JYNZJ,2502763,,1,EPSG:26918
14815000020900000000,354.727876026844,waterbody:JYNZJ,waterbody,Lake,JYNZJ,2502763,,1,EPSG:26918
14815000020710000000,317.195792120415,waterbody:JYNZJ,waterbody,Lake,JYNZJ,2502763,,1,EPSG:26918
14815000020700000000,321.517282445035,waterbody:JYNZJ,waterbody,Lake,JYNZJ,2502763,,1,EPSG:26918
14815000020730000000,309.764168588302,waterbody:JYNZJ,waterbody,Lake,JYNZJ,2502763,,1,EPSG:26918
14815000020720000000,313.145371952316,waterbody:JYNZJ,waterbody,Lake,JYNZJ,2502763,,1,EPSG:26918
14815000020740000000,306.884981126751,waterbody:JYNZJ,waterbody,Lake,JYNZJ,2502763,,1,EPSG:26918
14815000020760000000,302.939714137684,waterbody:JYNZJ,waterbody,Lake,JYNZJ,2502763,,1,EPSG:26918
14815000020750000000,304.502667338767,waterbody:JYNZJ,waterbody,Lake,JYNZJ,2502763,,1,EPSG:26918
14815000020870000000,346.562186813814,waterbody:JYNZJ,waterbody,Lake,JYNZJ,2502763,,1,EPSG:26918
14815000020860000000,344.850890060907,waterbody:JYNZJ,waterbody,Lake,JYNZJ,2502763,,1,EPSG:26918
14815000020850000000,343.645039916426,waterbody:JYNZJ,waterbody,Lake,JYNZJ,2502763,,1,EPSG:26918
14815000020840000000,342.956693091328,waterbody:JYNZJ,waterbody,Lake,JYNZJ,2502763,,1,EPSG:26918
14815000020770000000,301.798324243965,waterbody:JYNZJ,waterbody,Lake,JYNZJ,2502763,,1,EPSG:26918
14815000020790000000,301.052966752318,waterbody:JYNZJ,waterbody,Lake,JYNZJ,2502763,,1,EPSG:26918
14815000020780000000,301.178127384624,waterbody:JYNZJ,waterbody,Lake,JYNZJ,2502763,,1,EPSG:26918
14815000020820000000,332.976376381704,waterbody:JYNZJ,waterbody,Lake,JYNZJ,2502763,,1,EPSG:26918
14815000020830000000,353.181323848235,waterbody:JYNZJ,waterbody,Lake,JYNZJ,2502763,,1,EPSG:26918
14815000020810000000,312.480793583532,waterbody:JYNZJ,waterbody,Lake,JYNZJ,2502763,,1,EPSG:26918
14815000030320000000,310.092523796353,flowline:DD867,flowline,Channel Line,DD867,22550904,,1,EPSG:26918
14815000030750000000,336.734998979122,flowline:DD867,flowline,Channel Line,DD867,22550904,,1,EPSG:26918
14815000030330000000,311.002178975874,flowline:DD867,flowline,Channel Line,DD867,22550904,,1,EPSG:26918
14815000030340000000,307.518028561914,flowline:DD867,flowline,Channel Line,DD867,22550904,,1,EPSG:26918
14815000030350000000,296.637342708905,flowline:DD867,flowline,Channel Line,DD867,22550904,,1,EPSG:26918
14815000030360000000,285.619832149768,flowline:DD867,flowline,Channel Line,DD867,22550904,,1,EPSG:26918
14815000030370000000,275.184372738359,flowline:DD867,flowline,Channel Line,DD867,22550904,,1,EPSG:26918
14815000030740000000,319.293131652760,flowline:DD867,flowline,Channel Line,DD867,22550904,,1,EPSG:26918
14815000030760000000,332.937872553519,flowline:DD867,flowline,Channel Line,DD867,22550904,,1,EPSG:26918
14815000030770000000,334.430334604667,flowline:DD867,flowline,Channel Line,DD867,22550904,,1,EPSG:26918
14815000030780000000,336.280756321485,flowline:DD867,flowline,Channel Line,DD867,22550904,,1,EPSG:26918
14815000030720000000,280.462933640950,flowline:DD867,flowline,Channel Line,DD867,22550904,,1,EPSG:26918
14815000030730000000,300.644573096309,flowline:DD867,flowline,Channel Line,DD867,22550904,,1,EPSG:26918
14815000030710000000,293.694089060409,flowline:DD867,flowline,Channel Line,DD867,22550904,,1,EPSG:26918
14815000030700000000,296.142810782837,flowline:DD867,flowline,Channel Line,DD867,22550904,,1,EPSG:26918
14815000030690000000,299.093286425956,flowline:DD867,flowline,Channel Line,DD867,22550904,,1,EPSG:26918
14815000030680000000,300.937755576515,flowline:DD867,flowline,Channel Line,DD867,22550904,,1,EPSG:26918
14815000030670000000,302.617125033994,flowline:DD867,flowline,Channel Line,DD867,22550904,,1,EPSG:26918
14815000030450000000,238.520937108284,flowline:DD867,flowline,Channel Line,DD867,22550904,,1,EPSG:26918
14815000030440000000,236.082178537602,flowline:DD867,flowline,Channel Line,DD867,22550904,,1,EPSG:26918
14815000030430000000,234.696819854385,flowline:DD867,flowline,Channel Line,DD867,22550904,,1,EPSG:26918
14815000030420000000,234.204676797325,flowline:DD867,flowline,Channel Line,DD867,22550904,,1,EPSG:26918
14815000030400000000,226.951653419146,flowline:DD867,flowline,Channel Line,DD867,22550904,,1,EPSG:26918
14815000030410000000,232.226387961725,flowline:DD867,flowline,Channel Line,DD867,22550904,,1,EPSG:26918
14815000030380000000,265.036431637287,flowline:DD867,flowline,Channel Line,DD867,22550904,,1,EPSG:26918
14815000030310000000,310.584891337484,flowline:DD867,flowline,Channel Line,DD867,22550904,,1,EPSG:26918
14815000030300000000,310.902903050436,flowline:DD867,flowline,Channel Line,DD867,22550904,,1,EPSG:26918
14815000030290000000,311.830475446345,flowline:DD867,flowline,Channel Line,DD867,22550904,,1,EPSG:26918
14815000030280000000,312.997968213861,flowline:DD867,flowline,Channel Line,DD867,22550904,,1,EPSG:26918
14815000030260000000,317.202266342916,flowline:DD867,flowline,Channel Line,DD867,22550904,,1,EPSG:26918
14815000030270000000,314.958672349044,flowline:DD867,flowline,Channel Line,DD867,22550904,,1,EPSG:26918
14815000030210000000,272.171564428496,waterbody:JYNZJ,waterbody,Lake,JYNZJ,2502763,,1,EPSG:26918
14815000030220000000,281.417713630752,waterbody:JYNZJ,waterbody,Lake,JYNZJ,2502763,,1,EPSG:26918
14815000030240000000,300.136200136341,waterbody:JYNZJ,waterbody,Lake,JYNZJ,2502763,,1,EPSG:26918
14815000030230000000,290.627494550385,waterbody:JYNZJ,waterbody,Lake,JYNZJ,2502763,,1,EPSG:26918
14815000030250000000,310.011280751351,waterbody:JYNZJ,waterbody,Lake,JYNZJ,2502763,,1,EPSG:26918
14815000020540000000,241.135300062449,waterbody:JYNZJ,waterbody,Lake,JYNZJ,2502763,,1,EPSG:26918
14815000020550000000,259.239078271833,waterbody:JYNZJ,waterbody,Lake,JYNZJ,2502763,,1,EPSG:26918
14815000030200000000,263.274234560156,waterbody:JYNZJ,waterbody,Lake,JYNZJ,2502763,,1,EPSG:26918
14815000030190000000,255.246685192801,waterbody:JYNZJ,waterbody,Lake,JYNZJ,2502763,,1,EPSG:26918
14815000020530000000,223.819568874538,waterbody:JYNZJ,waterbody,Lake,JYNZJ,2502763,,1,EPSG:26918
14815000020510000000,207.986772812117,waterbody:JYNZJ,waterbody,Lake,JYNZJ,2502763,,1,EPSG:26918
14815000020520000000,207.611959407658,waterbody:JYNZJ,waterbody,Lake,JYNZJ,2502763,,1,EPSG:26918
14815000020290000000,157.662756937807,waterbody:JYNZJ,waterbody,Lake,JYNZJ,2502763,,1,EPSG:26918
14815000020280000000,163.250326575403,waterbody:JYNZJ,waterbody,Lake,JYNZJ,2502763,,1,EPSG:26918
14815000030170000000,240.327338676286,waterbody:JYNZJ,waterbody,Lake,JYNZJ,2502763,,1,EPSG:26918
14815000030180000000,247.383581898911,waterbody:JYNZJ,waterbody,Lake,JYNZJ,2502763,,1,EPSG:26918
14815000030160000000,233.413298149571,waterbody:JYNZJ,waterbody,Lake,JYNZJ,2502763,,1,EPSG:26918
14815000030150000000,226.198914147992,waterbody:JYNZJ,waterbody,Lake,JYNZJ,2502763,,1,EPSG:26918
14815000030140000000,219.881546120963,waterbody:JYNZJ,waterbody,Lake,JYNZJ,2502763,,1,EPSG:26918
14815000030130000000,214.198144140660,waterbody:JYNZJ,waterbody,Lake,JYNZJ,2502763,,1,EPSG:26918
14815000030100000000,201.550057521924,waterbody:JYNZJ,waterbody,Lake,JYNZJ,2502763,,1,EPSG:26918
14815000030110000000,204.842972122562,waterbody:JYNZJ,waterbody,Lake,JYNZJ,2502763,,1,EPSG:26918
14815000030120000000,209.024233676089,waterbody:JYNZJ,waterbody,Lake,JYNZJ,2502763,,1,EPSG:26918
14815000030090000000,199.022749485160,waterbody:JYNZJ,waterbody,Lake,JYNZJ,2502763,,1,EPSG:26918
14815000020240000000,150.829506567936,waterbody:JYNZJ,waterbody,Lake,JYNZJ,2502763,,1,EPSG:26918
14815000020270000000,183.205064875482,waterbody:JYNZJ,waterbody,Lake,JYNZJ,2502763,,1,EPSG:26918
14815000020260000000,171.175594181686,waterbody:JYNZJ,waterbody,Lake,JYNZJ,2502763,,1,EPSG:26918
14815000020250000000,159.900635488118,waterbody:JYNZJ,waterbody,Lake,JYNZJ,2502763,,1,EPSG:26918
14815000020230000000,138.012952602028,waterbody:JYNZJ,waterbody,Lake,JYNZJ,2502763,,1,EPSG:26918
14815000020220000000,130.412503063376,waterbody:JYNZJ,waterbody,Lake,JYNZJ,2502763,,1,EPSG:26918
14815000020210000000,122.979477885901,waterbody:JYNZJ,waterbody,Lake,JYNZJ,2502763,,1,EPSG:26918
14815000020200000000,116.223866817441,waterbody:JYNZJ,waterbody,Lake,JYNZJ,2502763,,1,EPSG:26918
14815000020052000000,70.186544466583,waterbody:JYNZJ,waterbody,Lake,JYNZJ,2502763,,1,EPSG:26918
14815000020051000000,104.800277213338,waterbody:JYNZJ,waterbody,Lake,JYNZJ,2502763,,1,EPSG:26918
14815000030010000000,198.783847972432,waterbody:JYNZJ,waterbody,Lake,JYNZJ,2502763,,1,EPSG:26918
14815000030030000000,200.823602293769,waterbody:JYNZJ,waterbody,Lake,JYNZJ,2502763,,1,EPSG:26918
14815000030040000000,198.883995657321,waterbody:JYNZJ,waterbody,Lake,JYNZJ,2502763,,1,EPSG:26918
14815000030050000000,196.970997053969,waterbody:JYNZJ,waterbody,Lake,JYNZJ,2502763,,1,EPSG:26918
14815000030080000000,197.036850883720,waterbody:JYNZJ,waterbody,Lake,JYNZJ,2502763,,1,EPSG:26918
14815000030070000000,196.132536109529,waterbody:JYNZJ,waterbody,Lake,JYNZJ,2502763,,1,EPSG:26918
14815000030060000000,196.632709438296,waterbody:JYNZJ,waterbody,Lake,JYNZJ,2502763,,1,EPSG:26918
14815000030020000000,220.218151598057,waterbody:JYNZJ,waterbody,Lake,JYNZJ,2502763,,1,EPSG:26918
14811000010100000000,329.401850495468,flowline:DD867,flowline,Channel Line,DD867,22550904,,1,EPSG:26918
14811000010090000000,330.059178939371,flowline:DD867,flowline,Channel Line,DD867,22550904,,1,EPSG:26918
14816000010010000000,216.037157000430,waterbody:JX696,waterbody,Lake,JX696,2441794,,1,EPSG:26918
14812000030820000000,304.663682945242,waterbody:JX696,waterbody,Lake,JX696,2441794,,1,EPSG:26918
14816000010020000000,54.645246694740,waterbody:JX696,waterbody,Lake,JX696,2441794,,1,EPSG:26918
14815000030391000000,130.145263553867,flowline:DD867,flowline,Channel Line,DD867,22550904,,1,EPSG:26918
14819000010231000000,19.577986617929,waterbody:KEIOH,waterbody,Lake,KEIOH,3145011,,1,EPSG:26918
14819000010150000000,21.131924343558,flowline:DD867,flowline,Channel Line,DD867,22550904,,1,EPSG:26918
14819000010160000000,66.366857674605,flowline:DD867,flowline,Channel Line,DD867,22550904,,1,EPSG:26918
14819000010270000000,57.937115455939,waterbody:MAALD,waterbody,Lake,MAALD,5889983,,1,EPSG:26918
14819000010280000000,43.491929507453,waterbody:MAALD,waterbody,Lake,MAALD,5889983,,1,EPSG:26918
14819000010300000000,54.779288462070,waterbody:MAALD,waterbody,Lake,MAALD,5889983,,1,EPSG:26918
14819000010290000000,41.759336928950,waterbody:MAALD,waterbody,Lake,MAALD,5889983,,1,EPSG:26918
14819000010561000000,165.308820781964,waterbody:MAALD,waterbody,Lake,MAALD,5889983,,1,EPSG:26918
14819000010260000000,78.198408960750,waterbody:MAALD,waterbody,Lake,MAALD,5889983,,1,EPSG:26918
14819000010250000000,86.288761600927,flowline:DD867,flowline,Channel Line,DD867,22550904,,1,EPSG:26918
14819000010240000000,69.721958660880,flowline:DD867,flowline,Channel Line,DD867,22550904,,1,EPSG:26918
14815000030880000000,134.246936487166,flowline:DD867,flowline,Channel Line,DD867,22550904,,1,EPSG:26918
14819000010640000000,133.274069385616,flowline:DD867,flowline,Channel Line,DD867,22550904,,1,EPSG:26918
14819000010630000000,185.207956345886,flowline:DD867,flowline,Channel Line,DD867,22550904,,1,EPSG:26918
14819000010620000000,213.388236594617,flowline:DD867,flowline,Channel Line,DD867,22550904,,1,EPSG:26918
14820000020051000000,272.309717103001,waterbody:LLUR4,waterbody,Lake,LLUR4,4900233,,1,EPSG:26918
14820000020011000000,234.213257190950,waterbody:LLUR4,waterbody,Lake,LLUR4,4900233,,1,EPSG:26918
14819000010610000000,238.766592564232,waterbody:LLUR4,waterbody,Lake,LLUR4,4900233,,1,EPSG:26918
14819000010600000000,240.041919086972,flowline:DD867,flowline,Channel Line,DD867,22550904,,1,EPSG:26918
14820000020130000000,270.867537953328,flowline:DD867,flowline,Channel Line,DD867,22550904,,1,EPSG:26918
14820000020150000000,305.661811860276,flowline:DD867,flowline,Channel Line,DD867,22550904,,1,EPSG:26918
14820000020120000000,297.434059630364,flowline:DD867,flowline,Channel Line,DD867,22550904,,1,EPSG:26918
14820000020111000000,298.276520071986,waterbody:LLUR4,waterbody,Lake,LLUR4,4900233,,1,EPSG:26918
14820000020170000000,345.992540638845,waterbody:LLUR4,waterbody,Lake,LLUR4,4900233,,1,EPSG:26918
14820000020160000000,330.282109523642,flowline:DD867,flowline,Channel Line,DD867,22550904,,1,EPSG:26918
14820000020250000000,379.418237813388,waterbody:MAALD,waterbody,Lake,MAALD,5889983,,1,EPSG:26918
14820000020260000000,349.555967217765,waterbody:MAALD,waterbody,Lake,MAALD,5889983,,1,EPSG:26918
14820000020270000000,319.810805725136,waterbody:MAALD,waterbody,Lake,MAALD,5889983,,1,EPSG:26918
14820000020280000000,290.218627949936,waterbody:MAALD,waterbody,Lake,MAALD,5889983,,1,EPSG:26918
14820000020290000000,260.831714603526,waterbody:MAALD,waterbody,Lake,MAALD,5889983,,1,EPSG:26918
14820000020140000000,277.842995916976,waterbody:MAALD,waterbody,Lake,MAALD,5889983,,1,EPSG:26918
14819000010551000000,140.804529634918,waterbody:MAALD,waterbody,Lake,MAALD,5889983,,1,EPSG:26918
14819000010542000000,122.747917791555,waterbody:MAALD,waterbody,Lake,MAALD,5889983,,1,EPSG:26918
14819000010510000000,182.035416220247,waterbody:MAALD,waterbody,Lake,MAALD,5889983,,1,EPSG:26918
14819000010520000000,206.645629820533,waterbody:MAALD,waterbody,Lake,MAALD,5889983,,1,EPSG:26918
14819000010530000000,232.317225858658,waterbody:MAALD,waterbody,Lake,MAALD,5889983,,1,EPSG:26918
14820000020300000000,259.034711256568,waterbody:MAALD,waterbody,Lake,MAALD,5889983,,1,EPSG:26918
14820000020440000000,270.694887813983,waterbody:MAALD,waterbody,Lake,MAALD,5889983,,1,EPSG:26918
14819000010390000000,248.234660468814,waterbody:MAALD,waterbody,Lake,MAALD,5889983,,1,EPSG:26918
14820000020460000000,309.791956253701,waterbody:MAALD,waterbody,Lake,MAALD,5889983,,1,EPSG:26918
14820000020410000000,345.102470237393,waterbody:MAALD,waterbody,Lake,MAALD,5889983,,1,EPSG:26918
14820000020420000000,319.478904197985,waterbody:MAALD,waterbody,Lake,MAALD,5889983,,1,EPSG:26918
14820000020430000000,294.600891461580,waterbody:MAALD,waterbody,Lake,MAALD,5889983,,1,EPSG:26918
14820000020310000000,286.505715672897,waterbody:MAALD,waterbody,Lake,MAALD,5889983,,1,EPSG:26918
14820000020320000000,314.532768549288,waterbody:MAALD,waterbody,Lake,MAALD,5889983,,1,EPSG:26918
14820000020330000000,342.979604828056,waterbody:MAALD,waterbody,Lake,MAALD,5889983,,1,EPSG:26918
14820000020340000000,371.749864758867,waterbody:MAALD,waterbody,Lake,MAALD,5889983,,1,EPSG:26918
14820000020350000000,400.773968163961,waterbody:MAALD,waterbody,Lake,MAALD,5889983,,1,EPSG:26918
14820000020400000000,371.461118683113,waterbody:MAALD,waterbody,Lake,MAALD,5889983,,1,EPSG:26918
14820000020481110000,389.779422168728,waterbody:MAALD,waterbody,Lake,MAALD,5889983,,1,EPSG:26918
14820000020501110000,452.728677528114,waterbody:MAALD,waterbody,Lake,MAALD,5889983,,1,EPSG:26918
14820000020470000000,343.216849136689,waterbody:MAALD,waterbody,Lake,MAALD,5889983,,1,EPSG:26918
14820000020391000000,439.689261044806,waterbody:MAALD,waterbody,Lake,MAALD,5889983,,1,EPSG:26918
14820000020361000000,434.053300150809,waterbody:MAALD,waterbody,Lake,MAALD,5889983,,1,EPSG:26918
14820000020380000000,472.260835869981,waterbody:MAALD,waterbody,Lake,MAALD,5889983,,1,EPSG:26918
14820000020530000000,420.068360586669,waterbody:K32TN,waterbody,Lake,K32TN,2681035,,1,EPSG:26918
14820000020520000000,417.081734127747,waterbody:K32TN,waterbody,Lake,K32TN,2681035,,1,EPSG:26918
14820000020660000000,331.984144910092,waterbody:K32TN,waterbody,Lake,K32TN,2681035,,1,EPSG:26918
14820000020790000000,345.699426952101,waterbody:K32TN,waterbody,Lake,K32TN,2681035,,1,EPSG:26918
14820000020670000000,324.645604369898,waterbody:K32TN,waterbody,Lake,K32TN,2681035,,1,EPSG:26918
14820000020651200000,352.759069435200,waterbody:K32TN,waterbody,Lake,K32TN,2681035,,1,EPSG:26918
14820000020510000000,375.418977135067,waterbody:K32TN,waterbody,Lake,K32TN,2681035,,1,EPSG:26918
14820000020781000000,483.733718884161,waterbody:LLUR4,waterbody,Lake,LLUR4,4900233,,1,EPSG:26918
14820000020580000000,421.936777350651,waterbody:LLUR4,waterbody,Lake,LLUR4,4900233,,1,EPSG:26918
14820000020570000000,425.786549318899,waterbody:LLUR4,waterbody,Lake,LLUR4,4900233,,1,EPSG:26918
14820000020060000000,329.625429978009,waterbody:LLUR4,waterbody,Lake,LLUR4,4900233,,1,EPSG:26918
14820000020201000000,362.025547131545,waterbody:LLUR4,waterbody,Lake,LLUR4,4900233,,1,EPSG:26918
14820000020550000000,461.650383937379,waterbody:K32TN,waterbody,Lake,K32TN,2681035,,1,EPSG:26918
14820000020561000000,448.113776440990,waterbody:K32TN,waterbody,Lake,K32TN,2681035,,1,EPSG:26918
14820000020370000000,453.816923477896,waterbody:LLUR4,waterbody,Lake,LLUR4,4900233,,1,EPSG:26918
14820000020220000000,425.780976257177,waterbody:LLUR4,waterbody,Lake,LLUR4,4900233,,1,EPSG:26918
14820000020240000000,409.372102324302,waterbody:MAALD,waterbody,Lake,MAALD,5889983,,1,EPSG:26918
14820000020211000000,382.453834135946,waterbody:LLUR4,waterbody,Lake,LLUR4,4900233,,1,EPSG:26918
14820000020180000000,348.622119518031,waterbody:LLUR4,waterbody,Lake,LLUR4,4900233,,1,EPSG:26918
14820000020090000000,304.894536777642,waterbody:LLUR4,waterbody,Lake,LLUR4,4900233,,1,EPSG:26918
14820000020191000000,356.625942039355,waterbody:LLUR4,waterbody,Lake,LLUR4,4900233,,1,EPSG:26918
14816000010221110000,72.107060504368,waterbody:LLUR4,waterbody,Lake,LLUR4,4900233,,1,EPSG:26918
14816000010192200000,228.856420745564,waterbody:LLUR4,waterbody,Lake,LLUR4,4900233,,1,EPSG:26918
14820000020021000000,216.276069423900,waterbody:LLUR4,waterbody,Lake,LLUR4,4900233,,1,EPSG:26918
14816000010170000000,280.685611165148,waterbody:LLUR4,waterbody,Lake,LLUR4,4900233,,1,EPSG:26918
14816000010181000000,271.696073790333,waterbody:LLUR4,waterbody,Lake,LLUR4,4900233,,1,EPSG:26918
14816000010160000000,392.221195124560,waterbody:LLUR4,waterbody,Lake,LLUR4,4900233,,1,EPSG:26918
14820000020641000000,389.986676920997,waterbody:LLUR4,waterbody,Lake,LLUR4,4900233,,1,EPSG:26918
14820000020642000000,391.526643066965,waterbody:LLUR4,waterbody,Lake,LLUR4,4900233,,1,EPSG:26918
14820000020591000000,402.732691842741,waterbody:LLUR4,waterbody,Lake,LLUR4,4900233,,1,EPSG:26918
14820000020720000000,459.060997707742,waterbody:K32TN,waterbody,Lake,K32TN,2681035,,1,EPSG:26918
14820000020651100000,487.153949997876,waterbody:LLUR4,waterbody,Lake,LLUR4,4900233,,1,EPSG:26918
14816000010150000000,411.276661578694,waterbody:LLUR4,waterbody,Lake,LLUR4,4900233,,1,EPSG:26918
14816000010231000000,574.040158869740,waterbody:LLUR4,waterbody,Lake,LLUR4,4900233,,1,EPSG:26918
14816000010121000000,498.374674184440,waterbody:LLUR4,waterbody,Lake,LLUR4,4900233,,1,EPSG:26918
14816000010130000000,393.619650264259,waterbody:LLUR4,waterbody,Lake,LLUR4,4900233,,1,EPSG:26918
14816000010140000000,461.800796148348,waterbody:LLUR4,waterbody,Lake,LLUR4,4900233,,1,EPSG:26918
14816000010210000000,271.936779500420,waterbody:LLUR4,waterbody,Lake,LLUR4,4900233,,1,EPSG:26918
14816000010200000000,273.207004517734,waterbody:LLUR4,waterbody,Lake,LLUR4,4900233,,1,EPSG:26918
14816000010191000000,224.239900025432,waterbody:LLUR4,waterbody,Lake,LLUR4,4900233,,1,EPSG:26918
14816000010030000000,205.090539210093,waterbody:JX696,waterbody,Lake,JX696,2441794,,1,EPSG:26918
14816000010051000000,289.455865448016,waterbody:JX696,waterbody,Lake,JX696,2441794,,1,EPSG:26918
14816000010222000000,384.387194870121,waterbody:LLUR4,waterbody,Lake,LLUR4,4900233,,1,EPSG:26918
14812000030831000000,346.543794857835,waterbody:JX696,waterbody,Lake,JX696,2441794,,1,EPSG:26918
14816000010040000000,338.491972828096,waterbody:JX696,waterbody,Lake,JX696,2441794,,1,EPSG:26918
14812000030850000000,419.731210890277,waterbody:JX696,waterbody,Lake,JX696,2441794,,1,EPSG:26918
14812000030841000000,376.191104467081,waterbody:JX696,waterbody,Lake,JX696,2441794,,1,EPSG:26918
14812000030860000000,452.209701689932,waterbody:JX696,waterbody,Lake,JX696,2441794,,1,EPSG:26918
14816000010052000000,384.577732029348,waterbody:JX696,waterbody,Lake,JX696,2441794,,1,EPSG:26918
14816000010053000000,456.900132063235,waterbody:JX696,waterbody,Lake,JX696,2441794,,1,EPSG:26918
14816000010072000000,604.441487376562,waterbody:JX696,waterbody,Lake,JX696,2441794,,1,EPSG:26918
14812000030870000000,534.352227981175,waterbody:JX696,waterbody,Lake,JX696,2441794,,1,EPSG:26918
14812000030880000000,634.698617452050,waterbody:JX696,waterbody,Lake,JX696,2441794,,1,EPSG:26918
14816000010054000000,577.634833885370,waterbody:JX696,waterbody,Lake,JX696,2441794,,1,EPSG:26918
14812000020621200000,735.387944302067,waterbody:JX696,waterbody,Lake,JX696,2441794,,1,EPSG:26918
14816000010071000000,659.445604105465,waterbody:JX696,waterbody,Lake,JX696,2441794,,1,EPSG:26918
14816000010081000000,562.504043046460,waterbody:LLUR4,waterbody,Lake,LLUR4,4900233,,1,EPSG:26918
14816000010100000000,529.856133603258,waterbody:LLUR4,waterbody,Lake,LLUR4,4900233,,1,EPSG:26918
14816000010250000000,667.692751707701,waterbody:LLUR4,waterbody,Lake,LLUR4,4900233,,1,EPSG:26918
14816000010090000000,702.786465298732,waterbody:LLUR4,waterbody,Lake,LLUR4,4900233,,1,EPSG:26918
14913000010011000000,719.081460953024,flowline:8D8VJ,flowline,Channel Line,8D8VJ,14125045,,1,EPSG:26918
14909000010031000000,664.563521876938,flowline:8D8VJ,flowline,Channel Line,8D8VJ,14125045,,1,EPSG:26918
14909000010070000000,382.164864141471,flowline:8D8VJ,flowline,Channel Line,8D8VJ,14125045,,1,EPSG:26918
14909000010060000000,363.958198037746,flowline:8D8VJ,flowline,Channel Line,8D8VJ,14125045,,1,EPSG:26918
14909000010051020000,313.792747922500,flowline:8D8VJ,flowline,Channel Line,8D8VJ,14125045,,1,EPSG:26918
14909000010052300000,356.930429025514,flowline:8D8VJ,flowline,Channel Line,8D8VJ,14125045,,1,EPSG:26918
14909000010052400000,359.016469950911,flowline:8D8VJ,flowline,Channel Line,8D8VJ,14125045,,1,EPSG:26918
14909000010052200000,356.125765839108,flowline:8D8VJ,flowline,Channel Line,8D8VJ,14125045,,1,EPSG:26918
14909000010052100000,349.683035273441,flowline:8D8VJ,flowline,Channel Line,8D8VJ,14125045,,1,EPSG:26918
14909000010054000000,402.351978198027,flowline:8D8VJ,flowline,Channel Line,8D8VJ,14125045,,1,EPSG:26918
14909000010053310000,395.212172360669,flowline:8D8VJ,flowline,Channel Line,8D8VJ,14125045,,1,EPSG:26918
14909000010053210000,403.216227641413,flowline:8D8VJ,flowline,Channel Line,8D8VJ,14125045,,1,EPSG:26918
14909000010053110000,409.618325110052,flowline:8D8VJ,flowline,Channel Line,8D8VJ,14125045,,1,EPSG:26918
14909000010055210000,401.543737391010,flowline:8D8VJ,flowline,Channel Line,8D8VJ,14125045,,1,EPSG:26918
14909000010055310000,405.404747541292,flowline:8D8VJ,flowline,Channel Line,8D8VJ,14125045,,1,EPSG:26918
14909000010056000000,383.215656642307,flowline:8D8VJ,flowline,Channel Line,8D8VJ,14125045,,1,EPSG:26918
14909000010055510000,419.231148083237,flowline:8D8VJ,flowline,Channel Line,8D8VJ,14125045,,1,EPSG:26918
14913000010020000000,807.395773798300,flowline:8D8VJ,flowline,Channel Line,8D8VJ,14125045,,1,EPSG:26918
14909000010040000000,487.624404305915,flowline:8D8VJ,flowline,Channel Line,8D8VJ,14125045,,1,EPSG:26918
14913000010030000000,601.112423094924,flowline:8D8VJ,flowline,Channel Line,8D8VJ,14125045,,1,EPSG:26918
14913000010182220000,537.522375448799,flowline:5EC2Z,flowline,Channel Line,5EC2Z,9119170,,1,EPSG:26918
14913000010090000000,346.869825901307,flowline:5EC2Z,flowline,Channel Line,5EC2Z,9119170,,1,EPSG:26918
14913000010182110000,489.195752814335,flowline:5EC2Z,flowline,Channel Line,5EC2Z,9119170,,1,EPSG:26918
14913000010201200000,570.163478459792,flowline:5EC2Z,flowline,Channel Line,5EC2Z,9119170,,1,EPSG:26918
14913000010202000000,606.784369849111,flowline:5EC2Z,flowline,Channel Line,5EC2Z,9119170,,1,EPSG:26918
14913000010210000000,647.514933195552,flowline:5EC2Z,flowline,Channel Line,5EC2Z,9119170,,1,EPSG:26918
14913000010242060000,697.168949276283,flowline:5EC2Z,flowline,Channel Line,5EC2Z,9119170,,1,EPSG:26918
14913000010242050000,747.534838662793,flowline:5EC2Z,flowline,Channel Line,5EC2Z,9119170,,1,EPSG:26918
14816000010270000000,742.438204725786,waterbody:K32TN,waterbody,Lake,K32TN,2681035,,1,EPSG:26918
14913000010242040000,785.734171394644,flowline:5EC2Z,flowline,Channel Line,5EC2Z,9119170,,1,EPSG:26918
14913000010242030000,824.867111342467,flowline:5EC2Z,flowline,Channel Line,5EC2Z,9119170,,1,EPSG:26918
14913000010242020000,824.029348094074,waterbody:LLUR4,waterbody,Lake,LLUR4,4900233,,1,EPSG:26918
14816000010260000000,726.191948535899,waterbody:LLUR4,waterbody,Lake,LLUR4,4900233,,1,EPSG:26918
14913000010230000000,751.607755926956,flowline:5EC2Z,flowline,Channel Line,5EC2Z,9119170,,1,EPSG:26918
14913000010220000000,737.920043370824,flowline:5EC2Z,flowline,Channel Line,5EC2Z,9119170,,1,EPSG:26918
14917000020010000000,749.579725794703,waterbody:K32TN,waterbody,Lake,K32TN,2681035,,1,EPSG:26918
14917000020020000000,702.280291047238,waterbody:K32TN,waterbody,Lake,K32TN,2681035,,1,EPSG:26918
14917000020030000000,624.315081205504,waterbody:K32TN,waterbody,Lake,K32TN,2681035,,1,EPSG:26918
14917000020053000000,634.261592750004,waterbody:K32TN,waterbody,Lake,K32TN,2681035,,1,EPSG:26918
14917000020060000000,647.888240712173,flowline:5EC2Z,flowline,Channel Line,5EC2Z,9119170,,1,EPSG:26918
14917000020071100000,629.889654816482,flowline:5EC2Z,flowline,Channel Line,5EC2Z,9119170,,1,EPSG:26918
14917000020071200000,551.158720909536,flowline:5EC2Z,flowline,Channel Line,5EC2Z,9119170,,1,EPSG:26918
14917000020232010000,521.703791302941,flowline:5EC2Z,flowline,Channel Line,5EC2Z,9119170,,1,EPSG:26918
14917000020100000000,450.246285691003,flowline:5EC2Z,flowline,Channel Line,5EC2Z,9119170,,1,EPSG:26918
14917000020051100000,626.384195746916,flowline:5EC2Z,flowline,Channel Line,5EC2Z,9119170,,1,EPSG:26918
14917000020234000000,591.168979597583,flowline:5EC2Z,flowline,Channel Line,5EC2Z,9119170,,1,EPSG:26918
14917000020231000000,413.618154428154,flowline:5EC2Z,flowline,Channel Line,5EC2Z,9119170,,1,EPSG:26918
14917000020233000000,472.343071377015,flowline:5EC2Z,flowline,Channel Line,5EC2Z,9119170,,1,EPSG:26918
14917000020040000000,502.467715266859,waterbody:K32TN,waterbody,Lake,K32TN,2681035,,1,EPSG:26918
14820000020761120000,496.745349709210,waterbody:K32TN,waterbody,Lake,K32TN,2681035,,1,EPSG:26918
14820000020730000000,613.170164406827,waterbody:K32TN,waterbody,Lake,K32TN,2681035,,1,EPSG:26918
14820000020740000000,405.221009647836,waterbody:K32TN,waterbody,Lake,K32TN,2681035,,1,EPSG:26918
14820000020710000000,380.125433660894,waterbody:K32TN,waterbody,Lake,K32TN,2681035,,1,EPSG:26918
14820000020751100000,376.015705455343,waterbody:K32TN,waterbody,Lake,K32TN,2681035,,1,EPSG:26918
14820000020700000000,304.036037110021,waterbody:K32TN,waterbody,Lake,K32TN,2681035,,1,EPSG:26918
14820000020690000000,314.525761891118,waterbody:K32TN,waterbody,Lake,K32TN,2681035,,1,EPSG:26918
14820000020680000000,318.707700856934,waterbody:K32TN,waterbody,Lake,K32TN,2681035,,1,EPSG:26918
14918000020120000000,129.269623005257,flowline:5EC2Z,flowline,Channel Line,5EC2Z,9119170,,1,EPSG:26918
14918000020070000000,245.203424548432,flowline:5EC2Z,flowline,Channel Line,5EC2Z,9119170,,1,EPSG:26918
14918000020080000000,205.863671018312,flowline:5EC2Z,flowline,Channel Line,5EC2Z,9119170,,1,EPSG:26918
14918000020111100000,159.109619792621,flowline:5EC2Z,flowline,Channel Line,5EC2Z,9119170,,1,EPSG:26918
14918000020030000000,138.477541406588,flowline:5EC2Z,flowline,Channel Line,5EC2Z,9119170,,1,EPSG:26918
14918000020051000000,231.959022065147,flowline:5EC2Z,flowline,Channel Line,5EC2Z,9119170,,1,EPSG:26918
14918000020040000000,190.042316863222,flowline:5EC2Z,flowline,Channel Line,5EC2Z,9119170,,1,EPSG:26918
14918000020050000000,260.198603397528,flowline:5EC2Z,flowline,Channel Line,5EC2Z,9119170,,1,EPSG:26918
14918000020060000000,261.262439549484,flowline:5EC2Z,flowline,Channel Line,5EC2Z,9119170,,1,EPSG:26918
14918000020020000000,161.982206663335,flowline:5EC2Z,flowline,Channel Line,5EC2Z,9119170,,1,EPSG:26918
14917000020170000000,115.652301444407,flowline:5EC2Z,flowline,Channel Line,5EC2Z,9119170,,1,EPSG:26918
14917000020180000000,167.528181403906,flowline:5EC2Z,flowline,Channel Line,5EC2Z,9119170,,1,EPSG:26918
14917000020211000000,291.800418914936,flowline:5EC2Z,flowline,Channel Line,5EC2Z,9119170,,1,EPSG:26918
14917000020201000000,226.761974594449,flowline:5EC2Z,flowline,Channel Line,5EC2Z,9119170,,1,EPSG:26918
14917000020190000000,209.613075715533,flowline:5EC2Z,flowline,Channel Line,5EC2Z,9119170,,1,EPSG:26918
14917000020161000000,107.464287743354,flowline:5EC2Z,flowline,Channel Line,5EC2Z,9119170,,1,EPSG:26918
14917000020121100000,288.210489261141,flowline:5EC2Z,flowline,Channel Line,5EC2Z,9119170,,1,EPSG:26918
14917000020221100000,348.477441683276,flowline:5EC2Z,flowline,Channel Line,5EC2Z,9119170,,1,EPSG:26918
14917000020235000000,392.128854014165,flowline:5EC2Z,flowline,Channel Line,5EC2Z,9119170,,1,EPSG:26918
14917000020110000000,354.874436610333,flowline:5EC2Z,flowline,Channel Line,5EC2Z,9119170,,1,EPSG:26918
14913000010171000000,392.803003199137,flowline:5EC2Z,flowline,Channel Line,5EC2Z,9119170,,1,EPSG:26918
14913000010160000000,354.586146975472,flowline:5EC2Z,flowline,Channel Line,5EC2Z,9119170,,1,EPSG:26918
14913000010172000000,414.457560726270,flowline:5EC2Z,flowline,Channel Line,5EC2Z,9119170,,1,EPSG:26918
14913000010150000000,305.251374357291,flowline:5EC2Z,flowline,Channel Line,5EC2Z,9119170,,1,EPSG:26918
14913000010140000000,226.726417473283,flowline:5EC2Z,flowline,Channel Line,5EC2Z,9119170,,1,EPSG:26918
14913000010130000000,160.116544616294,flowline:5EC2Z,flowline,Channel Line,5EC2Z,9119170,,1,EPSG:26918
14918000020012000000,42.408676453224,flowline:5EC2Z,flowline,Channel Line,5EC2Z,9119170,,1,EPSG:26918
14913000010080000000,424.432372734339,flowline:5EC2Z,flowline,Channel Line,5EC2Z,9119170,,1,EPSG:26918
14913000010110000000,240.124299318145,flowline:5EC2Z,flowline,Channel Line,5EC2Z,9119170,,1,EPSG:26918
14913000010120000000,209.818412826100,flowline:5EC2Z,flowline,Channel Line,5EC2Z,9119170,,1,EPSG:26918
14913000010100000000,358.272803507182,flowline:5EC2Z,flowline,Channel Line,5EC2Z,9119170,,1,EPSG:26918
14913000010070000000,349.141488419534,flowline:8D8VJ,flowline,Channel Line,8D8VJ,14125045,,1,EPSG:26918
14913000010060000000,316.730745000942,flowline:8D8VJ,flowline,Channel Line,8D8VJ,14125045,,1,EPSG:26918
14913000010050000000,286.565681612038,flowline:8D8VJ,flowline,Channel Line,8D8VJ,14125045,,1,EPSG:26918
14913000010040000000,256.518014229014,flowline:8D8VJ,flowline,Channel Line,8D8VJ,14125045,,1,EPSG:26918
14909000010058000000,273.268127241651,flowline:8D8VJ,flowline,Channel Line,8D8VJ,14125045,,1,EPSG:26918
14909000010057000000,344.327716080270,flowline:8D8VJ,flowline,Channel Line,8D8VJ,14125045,,1,EPSG:26918
14909000010051350000,301.549484767519,flowline:8D8VJ,flowline,Channel Line,8D8VJ,14125045,,1,EPSG:26918
14909000010141720000,233.378038561171,flowline:8D8VJ,flowline,Channel Line,8D8VJ,14125045,,1,EPSG:26918
14909000010051030000,309.496028241413,flowline:8D8VJ,flowline,Channel Line,8D8VJ,14125045,,1,EPSG:26918
14909000010141320000,252.762018619717,flowline:8D8VJ,flowline,Channel Line,8D8VJ,14125045,,1,EPSG:26918
14909000010141420000,248.173371599481,flowline:8D8VJ,flowline,Channel Line,8D8VJ,14125045,,1,EPSG:26918
14909000010051040000,304.959929772216,flowline:8D8VJ,flowline,Channel Line,8D8VJ,14125045,,1,EPSG:26918
14909000010051050000,299.900883849334,flowline:8D8VJ,flowline,Channel Line,8D8VJ,14125045,,1,EPSG:26918
14909000010141620000,239.368934852169,flowline:8D8VJ,flowline,Channel Line,8D8VJ,14125045,,1,EPSG:26918
14909000010141520000,243.818554477210,flowline:8D8VJ,flowline,Channel Line,8D8VJ,14125045,,1,EPSG:26918
14909000010141220000,258.937374752389,flowline:8D8VJ,flowline,Channel Line,8D8VJ,14125045,,1,EPSG:26918
14909000010141120000,266.797750870013,flowline:8D8VJ,flowline,Channel Line,8D8VJ,14125045,,1,EPSG:26918
14909000010051010000,321.914956509347,flowline:8D8VJ,flowline,Channel Line,8D8VJ,14125045,,1,EPSG:26918
14909000010146000000,174.910540990836,flowline:8D8VJ,flowline,Channel Line,8D8VJ,14125045,,1,EPSG:26918
14909000010152020000,183.447823265212,flowline:8D8VJ,flowline,Channel Line,8D8VJ,14125045,,1,EPSG:26918
14909000010059100000,227.020355573628,flowline:8D8VJ,flowline,Channel Line,8D8VJ,14125045,,1,EPSG:26918
14919000020080000000,378.172052541774,flowline:5EC2Z,flowline,Channel Line,5EC2Z,9119170,,1,EPSG:26918
14919000020060000000,334.259202632000,flowline:5EC2Z,flowline,Channel Line,5EC2Z,9119170,,1,EPSG:26918
14919000020070000000,354.620301958909,flowline:5EC2Z,flowline,Channel Line,5EC2Z,9119170,,1,EPSG:26918
14919000020090000000,414.372533090814,flowline:5EC2Z,flowline,Channel Line,5EC2Z,9119170,,1,EPSG:26918
14919000020111000000,379.591459661661,flowline:5EC2Z,flowline,Channel Line,5EC2Z,9119170,,1,EPSG:26918
14919000020100000000,437.221214391096,flowline:2UD63,flowline,Channel Line,2UD63,4810449,,1,EPSG:26918
14919000020040000000,328.432412921202,flowline:5EC2Z,flowline,Channel Line,5EC2Z,9119170,,1,EPSG:26918
14919000020030000000,315.233082221786,flowline:5EC2Z,flowline,Channel Line,5EC2Z,9119170,,1,EPSG:26918
14919000020020000000,289.572466441218,flowline:5EC2Z,flowline,Channel Line,5EC2Z,9119170,,1,EPSG:26918
14919000020120000000,292.650248591106,flowline:2UD63,flowline,Channel Line,2UD63,4810449,,1,EPSG:26918
14919000020010000000,263.576093939070,flowline:5EC2Z,flowline,Channel Line,5EC2Z,9119170,,1,EPSG:26918
14919000020050000000,321.009426361929,flowline:5EC2Z,flowline,Channel Line,5EC2Z,9119170,,1,EPSG:26918
14915000010450000000,128.748708301282,flowline:2UD63,flowline,Channel Line,2UD63,4810449,,1,EPSG:26918
14915000010440000000,170.916718728095,flowline:5EC2Z,flowline,Channel Line,5EC2Z,9119170,,1,EPSG:26918
14915000010430000000,194.149172408745,flowline:5EC2Z,flowline,Channel Line,5EC2Z,9119170,,1,EPSG:26918
14915000010420000000,217.312755809388,flowline:5EC2Z,flowline,Channel Line,5EC2Z,9119170,,1,EPSG:26918
14915000010461000000,133.429211423267,flowline:2UD63,flowline,Channel Line,2UD63,4810449,,1,EPSG:26918
14919000020112000000,342.208426499516,flowline:2UD63,flowline,Channel Line,2UD63,4810449,,1,EPSG:26918
14915000010410000000,247.844557678235,flowline:2UD63,flowline,Channel Line,2UD63,4810449,,1,EPSG:26918
14919000020130000000,338.166772369779,flowline:2UD63,flowline,Channel Line,2UD63,4810449,,1,EPSG:26918
14915000010281000000,146.033828445212,flowline:2UD63,flowline,Channel Line,2UD63,4810449,,1,EPSG:26918
14915000010271000000,166.080503644246,flowline:2UD63,flowline,Channel Line,2UD63,4810449,,1,EPSG:26918
14915000010251000000,176.821336126840,flowline:2UD63,flowline,Channel Line,2UD63,4810449,,1,EPSG:26918
14915000010241000000,177.955862197108,flowline:2UD63,flowline,Channel Line,2UD63,4810449,,1,EPSG:26918
14915000010401000000,18.565871463631,flowline:2UD63,flowline,Channel Line,2UD63,4810449,,1,EPSG:26918
14915000010470000000,73.573504422332,flowline:2UD63,flowline,Channel Line,2UD63,4810449,,1,EPSG:26918
14915000010480000000,29.478088184914,flowline:2UD63,flowline,Channel Line,2UD63,4810449,,1,EPSG:26918
1491400001001000SPTS,80.488205499296,flowline:5EC2Z,flowline,Channel Line,5EC2Z,9119170,,1,EPSG:26918
14915000010221000000,179.936688674937,flowline:2UD63,flowline,Channel Line,2UD63,4810449,,1,EPSG:26918
14915000010211000000,166.682241106088,flowline:62LZA,flowline,Channel Line,62LZA,10255780,,1,EPSG:26918
14915000010061000000,223.738786393602,flowline:62LZA,flowline,Channel Line,62LZA,10255780,,1,EPSG:26918
14915000010070000000,209.177934256372,flowline:62LZA,flowline,Channel Line,62LZA,10255780,,1,EPSG:26918
14915000010051000000,234.790587061657,flowline:62LZA,flowline,Channel Line,62LZA,10255780,,1,EPSG:26918
14914000010010000BRC,44.890335314432,flowline:62LZA,flowline,Channel Line,62LZA,10255780,,1,EPSG:26918
14911000010230000000,49.791188860630,flowline:6M12W,flowline,Channel Line,6M12W,11165105,,1,EPSG:26918
14911000010240000000,77.335627108214,flowline:6M12W,flowline,Channel Line,6M12W,11165105,,1,EPSG:26918
14911000010250000000,99.006229640224,flowline:6M12W,flowline,Channel Line,6M12W,11165105,,1,EPSG:26918
14911000010261000000,117.269117961612,flowline:6M12W,flowline,Channel Line,6M12W,11165105,,1,EPSG:26918
14911000010271000000,135.815194845384,flowline:6M12W,flowline,Channel Line,6M12W,11165105,,1,EPSG:26918
14911000010301000000,172.525567152323,flowline:6M12W,flowline,Channel Line,6M12W,11165105,,1,EPSG:26918
14911000010281000000,154.083876104620,flowline:6M12W,flowline,Channel Line,6M12W,11165105,,1,EPSG:26918
14911000010311000000,191.418423932715,flowline:6M12W,flowline,Channel Line,6M12W,11165105,,1,EPSG:26918
14915000010011000000,209.987802444630,flowline:6M12W,flowline,Channel Line,6M12W,11165105,,1,EPSG:26918
14915000010021000000,227.863321033130,flowline:6M12W,flowline,Channel Line,6M12W,11165105,,1,EPSG:26918
14915000010031000000,245.101654425280,flowline:6M12W,flowline,Channel Line,6M12W,11165105,,1,EPSG:26918
14915000010091000000,215.930088356792,flowline:2UD63,flowline,Channel Line,2UD63,4810449,,1,EPSG:26918
14915000010101000000,227.501969676755,flowline:2UD63,flowline,Channel Line,2UD63,4810449,,1,EPSG:26918
14915000010111000000,218.765749010978,flowline:6M12W,flowline,Channel Line,6M12W,11165105,,1,EPSG:26918
14915000010121000000,202.263968011508,flowline:6M12W,flowline,Channel Line,6M12W,11165105,,1,EPSG:26918
14915000010171000000,204.752633056676,flowline:6M12W,flowline,Channel Line,6M12W,11165105,,1,EPSG:26918
14915000010161000000,188.092745586226,flowline:6M12W,flowline,Channel Line,6M12W,11165105,,1,EPSG:26918
14915000010141000000,170.612129814399,flowline:6M12W,flowline,Channel Line,6M12W,11165105,,1,EPSG:26918
14911000010421000000,151.722532076332,flowline:6M12W,flowline,Channel Line,6M12W,11165105,,1,EPSG:26918
14915000010131000000,186.140148407447,flowline:6M12W,flowline,Channel Line,6M12W,11165105,,1,EPSG:26918
14911000010321000000,169.104843131940,flowline:6M12W,flowline,Channel Line,6M12W,11165105,,1,EPSG:26918
14911000010331000000,151.696347247843,flowline:6M12W,flowline,Channel Line,6M12W,11165105,,1,EPSG:26918
14911000010351000000,117.705092960987,flowline:6M12W,flowline,Channel Line,6M12W,11165105,,1,EPSG:26918
14911000010341000000,134.552146240744,flowline:6M12W,flowline,Channel Line,6M12W,11165105,,1,EPSG:26918
14911000010401000000,112.565094061586,flowline:6M12W,flowline,Channel Line,6M12W,11165105,,1,EPSG:26918
14911000010380000000,75.668688634439,flowline:6M12W,flowline,Channel Line,6M12W,11165105,,1,EPSG:26918
14911000010390000000,94.771880060676,flowline:6M12W,flowline,Channel Line,6M12W,11165105,,1,EPSG:26918
14911000010411000000,132.229980086389,flowline:6M12W,flowline,Channel Line,6M12W,11165105,,1,EPSG:26918
14911000010450000000,113.876271651213,flowline:6M12W,flowline,Channel Line,6M12W,11165105,,1,EPSG:26918
14911000010460000000,99.247607754945,flowline:6M12W,flowline,Channel Line,6M12W,11165105,,1,EPSG:26918
14911000010470000000,76.836957881716,flowline:6M12W,flowline,Channel Line,6M12W,11165105,,1,EPSG:26918
14911000010480000000,83.456896496861,flowline:6M12W,flowline,Channel Line,6M12W,11165105,,1,EPSG:26918
14911000010170000000,30.020626992094,flowline:6M12W,flowline,Channel Line,6M12W,11165105,,1,EPSG:26918
14911000010180000000,30.488947609062,flowline:6M12W,flowline,Channel Line,6M12W,11165105,,1,EPSG:26918
14911000010371000000,79.729865420476,flowline:6M12W,flowline,Channel Line,6M12W,11165105,,1,EPSG:26918
14911000010361000000,100.349496654627,flowline:6M12W,flowline,Channel Line,6M12W,11165105,,1,EPSG:26918
14911000010200000000,31.098160581437,flowline:6M12W,flowline,Channel Line,6M12W,11165105,,1,EPSG:26918
14911000010190000000,31.939215793678,flowline:6M12W,flowline,Channel Line,6M12W,11165105,,1,EPSG:26918
14911000010210000000,33.837862611181,flowline:6M12W,flowline,Channel Line,6M12W,11165105,,1,EPSG:26918
14911000010220000000,36.965605093356,flowline:6M12W,flowline,Channel Line,6M12W,11165105,,1,EPSG:26918
14911000010160000000,29.149599648599,flowline:6M12W,flowline,Channel Line,6M12W,11165105,,1,EPSG:26918
14911000010150000000,28.295086547379,flowline:6M12W,flowline,Channel Line,6M12W,11165105,,1,EPSG:26918
14911000010140000000,28.532389081131,flowline:6M12W,flowline,Channel Line,6M12W,11165105,,1,EPSG:26918
14911000010130000000,27.803082527320,flowline:6M12W,flowline,Channel Line,6M12W,11165105,,1,EPSG:26918
14911000010120000000,27.889837264088,flowline:6M12W,flowline,Channel Line,6M12W,11165105,,1,EPSG:26918
14911000010110000000,28.445647535727,flowline:6M12W,flowline,Channel Line,6M12W,11165105,,1,EPSG:26918
14911000010080000000,27.081141460625,flowline:6M12W,flowline,Channel Line,6M12W,11165105,,1,EPSG:26918
14911000010090000000,27.284814180342,flowline:6M12W,flowline,Channel Line,6M12W,11165105,,1,EPSG:26918
14911000010100000000,27.419592551221,flowline:6M12W,flowline,Channel Line,6M12W,11165105,,1,EPSG:26918
14911000010071000000,27.647492200391,flowline:6M12W,flowline,Channel Line,6M12W,11165105,,1,EPSG:26918
14911000010051000000,24.816862211911,flowline:6M12W,flowline,Channel Line,6M12W,11165105,,1,EPSG:26918
14911000010040000000,27.579778654603,flowline:6M12W,flowline,Channel Line,6M12W,11165105,,1,EPSG:26918
14911000010520000000,77.990136661797,flowline:6M12W,flowline,Channel Line,6M12W,11165105,,1,EPSG:26918
14911000010510000000,82.655242241423,flowline:6M12W,flowline,Channel Line,6M12W,11165105,,1,EPSG:26918
14911000010500000000,87.185099012647,flowline:6M12W,flowline,Channel Line,6M12W,11165105,,1,EPSG:26918
14911000010490000000,90.998185878308,flowline:6M12W,flowline,Channel Line,6M12W,11165105,,1,EPSG:26918
14911000010440000000,127.713748194286,flowline:6M12W,flowline,Channel Line,6M12W,11165105,,1,EPSG:26918
14911000010431000000,145.200336099252,flowline:6M12W,flowline,Channel Line,6M12W,11165105,,1,EPSG:26918
14915000010371000000,161.376683117316,flowline:6M12W,flowline,Channel Line,6M12W,11165105,,1,EPSG:26918
14915000010321000000,141.123139714086,flowline:2UD63,flowline,Channel Line,2UD63,4810449,,1,EPSG:26918
14915000010331000000,157.381264654681,flowline:2UD63,flowline,Channel Line,2UD63,4810449,,1,EPSG:26918
14915000010341000000,172.609186290854,flowline:2UD63,flowline,Channel Line,2UD63,4810449,,1,EPSG:26918
14915000010361000000,177.270760106114,flowline:6M12W,flowline,Channel Line,6M12W,11165105,,1,EPSG:26918
14915000010181000000,201.159499283390,flowline:2UD63,flowline,Channel Line,2UD63,4810449,,1,EPSG:26918
14915000010191000000,188.774439500684,flowline:2UD63,flowline,Channel Line,2UD63,4810449,,1,EPSG:26918
14915000010201000000,178.058988791607,flowline:2UD63,flowline,Channel Line,2UD63,4810449,,1,EPSG:26918
14915000010080000000,203.121305310451,flowline:2UD63,flowline,Channel Line,2UD63,4810449,,1,EPSG:26918
14915000010300000000,110.387775942506,flowline:2UD63,flowline,Channel Line,2UD63,4810449,,1,EPSG:26918
14915000010310000000,125.420642229698,flowline:2UD63,flowline,Channel Line,2UD63,4810449,,1,EPSG:26918
14915000010490000000,107.602780822293,flowline:2UD63,flowline,Channel Line,2UD63,4810449,,1,EPSG:26918
14915000010290000000,119.367048180178,flowline:2UD63,flowline,Channel Line,2UD63,4810449,,1,EPSG:26918
14911000010030000000,29.295115414263,flowline:6M12W,flowline,Channel Line,6M12W,11165105,,1,EPSG:26918
14911000040090000000,66.490695231044,waterbody:OJ2HN,waterbody,Canal,OJ2HN,6849348,,1,EPSG:26918
14911000040010000003,117.723309024097,waterbody:OJ2HN,waterbody,Canal,OJ2HN,6849348,,1,EPSG:26918
14911000040010000006,117.736781181660,waterbody:OJ2HN,waterbody,Canal,OJ2HN,6849348,,1,EPSG:26918
14911000040010000004,117.731252433453,waterbody:OJ2HN,waterbody,Canal,OJ2HN,6849348,,1,EPSG:26918
14911000040010000005,118.109776785318,waterbody:OJ2HN,waterbody,Canal,OJ2HN,6849348,,1,EPSG:26918
1491100004001000COM*,118.187544296271,waterbody:OJ2HN,waterbody,Canal,OJ2HN,6849348,,1,EPSG:26918
14911000040080000000,67.156519825153,waterbody:OJ2HN,waterbody,Canal,OJ2HN,6849348,,1,EPSG:26918
14911000020101000000,170.628171796542,waterbody:OJ2HN,waterbody,Canal,OJ2HN,6849348,,1,EPSG:26918
14911000020111000000,168.244947184345,waterbody:OJ2HN,waterbody,Canal,OJ2HN,6849348,,1,EPSG:26918
14911000040040000000,122.085395080975,waterbody:OJ2HN,waterbody,Canal,OJ2HN,6849348,,1,EPSG:26918
14911000040060000000,74.965109687405,waterbody:OJ2HN,waterbody,Canal,OJ2HN,6849348,,1,EPSG:26918
14911000040070000000,69.359578907332,waterbody:OJ2HN,waterbody,Canal,OJ2HN,6849348,,1,EPSG:26918
149110000400300000RH,50.947828820214,waterbody:OJ2HN,waterbody,Canal,OJ2HN,6849348,,1,EPSG:26918
14911000040050000000,105.441823823957,waterbody:OJ2HN,waterbody,Canal,OJ2HN,6849348,,1,EPSG:26918
14911000020121000000,171.965788179042,waterbody:OJ2HN,waterbody,Canal,OJ2HN,6849348,,1,EPSG:26918
14911000020130000000,211.087376777122,waterbody:OJ2HN,waterbody,Canal,OJ2HN,6849348,,1,EPSG:26918
14916000010055100000,125.840474471573,flowline:4ZSD1,flowline,Channel Line,4ZSD1,8437636,,1,EPSG:26918
14916000010053100000,39.602008071943,waterbody:JGNDJ,waterbody,Lake,JGNDJ,1772050,,1,EPSG:26918
14916000010059000000,27.977206685345,flowline:1D4TS,flowline,Channel Line,1D4TS,2155558,Allen Creek,1,EPSG:26918
14920000010030000000,35.935527815727,flowline:1D4TS,flowline,Channel Line,1D4TS,2155558,Allen Creek,1,EPSG:26918
14916000010051100000,86.468024812587,waterbody:JGNDJ,waterbody,Lake,JGNDJ,1772050,,1,EPSG:26918
14920000010020000000,38.528760503917,flowline:1D4TS,flowline,Channel Line,1D4TS,2155558,Allen Creek,1,EPSG:26918
14919000020280000000,134.656684331929,flowline:1D4TS,flowline,Channel Line,1D4TS,2155558,Allen Creek,1,EPSG:26918
14920000010010000000,87.655011556820,flowline:1D4TS,flowline,Channel Line,1D4TS,2155558,Allen Creek,1,EPSG:26918
14919000020270000000,171.840359448259,flowline:1D4TS,flowline,Channel Line,1D4TS,2155558,Allen Creek,1,EPSG:26918
14919000020240000000,426.963001525870,flowline:2Z6IM,flowline,Channel Line,2Z6IM,5036015,Allen Creek,1,EPSG:26918
14919000020260000000,384.094718809132,flowline:1D4TS,flowline,Channel Line,1D4TS,2155558,Allen Creek,1,EPSG:26918
14919000020250000000,331.442595445263,flowline:2UD63,flowline,Channel Line,2UD63,4810449,,1,EPSG:26918
14915000010380000000,113.809608884358,flowline:2UD63,flowline,Channel Line,2UD63,4810449,,1,EPSG:26918
14915000010390000000,150.538481184943,flowline:2UD63,flowline,Channel Line,2UD63,4810449,,1,EPSG:26918
