algorithm,rung,property_count,water_feature_count,vertex_count,segment_count,split_segment_count,verification_mode,region_mode,seed_mode,seed_window_entries_stdout,hilbert_order_bits_per_axis,max_split_segment_length_m,inflation_half_m,index_entries,key_array_bytes,index_construction_seconds,computation_seconds,properties_per_second,average_seed_probes_per_property,n_decomp_per_property,n_true_r_per_property,n_disk_infl_per_property,geometric_inflation_capped,box_versus_disk_inflation,average_segment_checks_per_property,resolve_nodes_per_property,resolve_entries_per_property,mean_d_seed_over_d_best,total_process_seconds,peak_working_set_bytes,peak_commit_bytes,peak_memory_method,output_sha256,output_size_bytes,seed_window_entries,qs_resolve_entries_per_property,qs_resolve_nodes_per_property,tight_entries_per_property,tight_nodes_per_property,fraction_window_missed,max_d_seed_over_d_best,qs_phase2_segment_checks_per_property,cell_key,session_id,workload,verification_mode_requested,seed_window_build,executable,repetition,is_warmup,block,position_in_block,execution_order,started_at_utc,rmi_leaf_count,rmi_model_bytes,rmi_probe_records_asserted
hilbert_binary,4,267362,8572,1072254,1063159,1189589,split,disk,binary,8,32,25.0,12.5,1189589,9516712,0.909455,9.748696,27425.412125,20.23764,47.592623,1.606679,10.278319,6.397244,4.63039,7616.515122,74.983988,167.972087,1.2995785295067468,12.438431599999603,233488384,285179904,psapi:GetProcessMemoryInfo,05c799b1fcef76bee01701d88ae4f2512d0e6b460aa63aa7f17143616ede12ee,45067783,8,167.97208653436167,74.98398800128665,47.59262348426478,60.31990709225694,0.6987978845161242,108.80716516728772,7616.515121819854,hilbert_binary@countywide@split@w8,7bd2071b3c6b,countywide,split,8,cpp/spatial_core/build/water_distance_hilbert_w8.exe,-1,True,0,0,1,2026-07-29T22:34:49.633588+00:00,,,
hilbert_binary,4,267362,8572,1072254,1063159,1189589,split,disk,binary,16,32,25.0,12.5,1189589,9516712,0.913262,9.892385,27027.051889,20.23764,47.592623,1.606679,10.278319,6.397244,4.63039,7616.515122,73.973366,162.071065,1.2595458506267132,12.560434500000156,233541632,285167616,psapi:GetProcessMemoryInfo,05c799b1fcef76bee01701d88ae4f2512d0e6b460aa63aa7f17143616ede12ee,45067783,16,162.0710646987979,73.97336569894001,47.59262348426478,60.31990709225694,0.6075769929907765,108.80716516728772,7616.515121819854,hilbert_binary@countywide@split@w16,7bd2071b3c6b,countywide,split,16,cpp/spatial_core/build/water_distance_hilbert_w16.exe,-1,True,0,1,2,2026-07-29T22:35:02.223606+00:00,,,
hilbert_binary,4,267362,8572,1072254,1063159,1189589,split,disk,binary,32,32,25.0,12.5,1189589,9516712,0.918537,10.06343,26567.681726,20.23764,47.592623,1.606679,10.278319,6.397244,4.63039,7616.515122,72.745742,153.844982,1.2149287631756989,12.750213699999222,233660416,285171712,psapi:GetProcessMemoryInfo,05c799b1fcef76bee01701d88ae4f2512d0e6b460aa63aa7f17143616ede12ee,45067783,32,153.84498171019067,72.74574172844308,47.59262348426478,60.31990709225694,0.4992631712808851,96.38698922438562,7616.515121819854,hilbert_binary@countywide@split@w32,7bd2071b3c6b,countywide,split,32,cpp/spatial_core/build/water_distance_hilbert_w32.exe,-1,True,0,2,3,2026-07-29T22:35:15.002142+00:00,,,
hilbert_binary,4,267362,8572,1072254,1063159,1189589,split,disk,binary,64,32,25.0,12.5,1189589,9516712,0.934191,10.259066,26061.046375,20.23764,47.592623,1.606679,10.278319,6.397244,4.63039,7616.515122,70.913503,141.174168,1.1716919272505513,13.104914699999426,233578496,285163520,psapi:GetProcessMemoryInfo,05c799b1fcef76bee01701d88ae4f2512d0e6b460aa63aa7f17143616ede12ee,45067783,64,141.1741683560117,70.91350304082106,47.59262348426478,60.31990709225694,0.38615061227848385,32.23319399612495,7616.515121819854,hilbert_binary@countywide@split@w64,7bd2071b3c6b,countywide,split,64,cpp/spatial_core/build/water_distance_hilbert_w64.exe,-1,True,0,3,4,2026-07-29T22:35:28.138662+00:00,,,
hilbert_binary,4,267362,8572,1072254,1063159,1189589,split,disk,binary,128,32,25.0,12.5,1189589,9516712,0.919021,9.468533,28236.898839,20.23764,47.592623,1.606679,10.278319,6.397244,4.63039,7616.515122,69.511206,133.036864,1.1379628107584276,12.147574600000553,233668608,285175808,psapi:GetProcessMemoryInfo,05c799b1fcef76bee01701d88ae4f2512d0e6b460aa63aa7f17143616ede12ee,45067783,128,133.03686387743957,69.51120578092623,47.59262348426478,60.31990709225694,0.2851040910825024,32.23319399612495,7616.515121819854,hilbert_binary@countywide@split@w128,7bd2071b3c6b,countywide,split,128,cpp/spatial_core/build/water_distance_hilbert_w128.exe,-1,True,0,4,5,2026-07-29T22:35:40.312504+00:00,,,
hilbert_binary,4,267362,8572,1072254,1063159,1189589,split,disk,binary,256,32,25.0,12.5,1189589,9516712,0.89113,9.510146,28113.34337,20.23764,47.592623,1.606679,10.278319,6.397244,4.63039,7616.515122,67.145582,98.352634,1.1085579986699086,12.146907800000008,233648128,285163520,psapi:GetProcessMemoryInfo,05c799b1fcef76bee01701d88ae4f2512d0e6b460aa63aa7f17143616ede12ee,45067783,256,98.35263425617701,67.14558164585843,47.59262348426478,60.31990709225694,0.23136047755477593,32.23319399612495,7616.515121819854,hilbert_binary@countywide@split@w256,7bd2071b3c6b,countywide,split,256,cpp/spatial_core/build/water_distance_hilbert_w256.exe,-1,True,0,5,6,2026-07-29T22:35:52.486144+00:00,,,
hilbert_binary,4,267362,8572,1072254,1063159,1189589,split,disk,binary,512,32,25.0,12.5,1189589,9516712,0.911702,9.967593,26823.124896,20.23764,47.592623,1.606679,10.278319,6.397244,4.63039,7616.515122,65.929904,87.909441,1.0851163047527554,12.62084589999995,233631744,285171712,psapi:GetProcessMemoryInfo,05c799b1fcef76bee01701d88ae4f2512d0e6b460aa63aa7f17143616ede12ee,45067783,512,87.90944113224766,65.92990402525415,47.59262348426478,60.31990709225694,0.1713332485543944,32.23319399612495,7616.515121819854,hilbert_binary@countywide@split@w512,7bd2071b3c6b,countywide,split,512,cpp/spatial_core/build/water_distance_hilbert_w512.exe,-1,True,0,6,7,2026-07-29T22:36:05.134284+00:00,,,
hilbert_binary,4,267362,8572,1072254,1063159,1189589,split,disk,binary,1024,32,25.0,12.5,1189589,9516712,0.905285,10.939975,24438.995519,20.23764,47.592623,1.606679,10.278319,6.397244,4.63039,7616.515122,65.363791,81.922005,1.0714848157425225,13.600819500000398,233627648,285175808,psapi:GetProcessMemoryInfo,05c799b1fcef76bee01701d88ae4f2512d0e6b460aa63aa7f17143616ede12ee,45067783,1024,81.92200462294566,65.3637914138883,47.59262348426478,60.31990709225694,0.1427053956807624,27.562416131538136,7616.515121819854,hilbert_binary@countywide@split@w1024,7bd2071b3c6b,countywide,split,1024,cpp/spatial_core/build/water_distance_hilbert_w1024.exe,-1,True,0,7,8,2026-07-29T22:36:18.765247+00:00,,,
hilbert_binary,4,267362,8572,1072254,1063159,1189589,split,disk,binary,2048,32,25.0,12.5,1189589,9516712,0.913179,12.794894,20895.991302,20.23764,47.592623,1.606679,10.278319,6.397244,4.63039,7616.515122,64.662173,77.464161,1.0609392279398582,15.449399899999662,233590784,285159424,psapi:GetProcessMemoryInfo,05c799b1fcef76bee01701d88ae4f2512d0e6b460aa63aa7f17143616ede12ee,45067783,2048,77.46416095032204,64.66217338290407,47.59262348426478,60.31990709225694,0.11835264547691893,23.4322724546416,7616.515121819854,hilbert_binary@countywide@split@w2048,7bd2071b3c6b,countywide,split,2048,cpp/spatial_core/build/water_distance_hilbert_w2048.exe,-1,True,0,8,9,2026-07-29T22:36:34.241533+00:00,,,
hilbert_rmi,5,267362,8572,1072254,1063159,1189589,split,disk,rmi,8,32,25.0,12.5,1189589,9516712,0.907658,11.830384,22599.604353,0.0,47.592623,1.606679,10.278319,6.397244,4.63039,7616.515122,97.81237,523.042818,2.3084423545694475,14.391838200000166,232333312,285163520,psapi:GetProcessMemoryInfo,008945d1a38aff3570c2eafaed7ec1b6276243062b63f1dd5c8fafa78b424620,43998335,8,523.0428183511493,97.81237049393705,47.59262348426478,60.31990709225694,0.7914662517485657,8877.224333006976,7616.515121819854,hilbert_rmi@countywide@split@w8,7bd2071b3c6b,countywide,split,8,cpp/spatial_core/build/water_distance_hilbert_w8.exe,-1,True,0,9,10,2026-07-29T22:36:48.662147+00:00,131072.0,4194400.0,5.0
hilbert_rmi,5,267362,8572,1072254,1063159,1189589,split,disk,rmi,16,32,25.0,12.5,1189589,9516712,0.922876,11.66264,22924.654352,0.0,47.592623,1.606679,10.278319,6.397244,4.63039,7616.515122,93.958554,481.209914,1.9849233826174602,14.251176200000373,232407040,285167616,psapi:GetProcessMemoryInfo,008945d1a38aff3570c2eafaed7ec1b6276243062b63f1dd5c8fafa78b424620,43998335,16,481.20991389950706,93.95855431961161,47.59262348426478,60.31990709225694,0.6895706944143146,2023.760005018199,7616.515121819854,hilbert_rmi@countywide@split@w16,7bd2071b3c6b,countywide,split,16,cpp/spatial_core/build/water_distance_hilbert_w16.exe,-1,True,0,10,11,2026-07-29T22:37:02.940163+00:00,131072.0,4194400.0,5.0
hilbert_rmi,5,267362,8572,1072254,1063159,1189589,split,disk,rmi,32,32,25.0,12.5,1189589,9516712,0.890379,11.400814,23451.131907,0.0,47.592623,1.606679,10.278319,6.397244,4.63039,7616.515122,89.14373,425.239118,1.7367465528732917,13.945786899999803,232394752,285159424,psapi:GetProcessMemoryInfo,008945d1a38aff3570c2eafaed7ec1b6276243062b63f1dd5c8fafa78b424620,43998335,32,425.23911775046565,89.14373022344238,47.59262348426478,60.31990709225694,0.5767498747017152,622.0004652544069,7616.515121819854,hilbert_rmi@countywide@split@w32,7bd2071b3c6b,countywide,split,32,cpp/spatial_core/build/water_distance_hilbert_w32.exe,-1,True,0,11,12,2026-07-29T22:37:16.911604+00:00,131072.0,4194400.0,5.0
hilbert_rmi,5,267362,8572,1072254,1063159,1189589,split,disk,rmi,64,32,25.0,12.5,1189589,9516712,0.898557,10.643159,25120.548321,0.0,47.592623,1.606679,10.278319,6.397244,4.63039,7616.515122,83.16842,352.515432,1.5388433412534919,13.202234100000169,232341504,285171712,psapi:GetProcessMemoryInfo,008945d1a38aff3570c2eafaed7ec1b6276243062b63f1dd5c8fafa78b424620,43998335,64,352.51543226038103,83.16841959590369,47.59262348426478,60.31990709225694,0.4600915612540301,517.3435071130551,7616.515121819854,hilbert_rmi@countywide@split@w64,7bd2071b3c6b,countywide,split,64,cpp/spatial_core/build/water_distance_hilbert_w64.exe,-1,True,0,12,13,2026-07-29T22:37:30.143070+00:00,131072.0,4194400.0,5.0
hilbert_rmi,5,267362,8572,1072254,1063159,1189589,split,disk,rmi,128,32,25.0,12.5,1189589,9516712,0.901637,10.201637,26207.753669,0.0,47.592623,1.606679,10.278319,6.397244,4.63039,7616.515122,77.994345,285.395722,1.3716233479402213,12.7605822000005,232316928,285171712,psapi:GetProcessMemoryInfo,008945d1a38aff3570c2eafaed7ec1b6276243062b63f1dd5c8fafa78b424620,43998335,128,285.39572190513235,77.99434474607462,47.59262348426478,60.31990709225694,0.34191096715314817,101.4538809445732,7616.515121819854,hilbert_rmi@countywide@split@w128,7bd2071b3c6b,countywide,split,128,cpp/spatial_core/build/water_distance_hilbert_w128.exe,-1,True,0,13,14,2026-07-29T22:37:42.930318+00:00,131072.0,4194400.0,5.0
hilbert_rmi,5,267362,8572,1072254,1063159,1189589,split,disk,rmi,256,32,25.0,12.5,1189589,9516712,0.90303,9.890682,27031.704648,0.0,47.592623,1.606679,10.278319,6.397244,4.63039,7616.515122,72.356827,196.291163,1.2434167205239846,12.457982699999775,232427520,285171712,psapi:GetProcessMemoryInfo,008945d1a38aff3570c2eafaed7ec1b6276243062b63f1dd5c8fafa78b424620,43998335,256,196.29116329171686,72.3568270734061,47.59262348426478,60.31990709225694,0.263193722368923,101.38558794252857,7616.515121819854,hilbert_rmi@countywide@split@w256,7bd2071b3c6b,countywide,split,256,cpp/spatial_core/build/water_distance_hilbert_w256.exe,-1,True,0,14,15,2026-07-29T22:37:55.414789+00:00,131072.0,4194400.0,5.0
hilbert_rmi,5,267362,8572,1072254,1063159,1189589,split,disk,rmi,512,32,25.0,12.5,1189589,9516712,0.91774,9.963486,26834.18368,0.0,47.592623,1.606679,10.278319,6.397244,4.63039,7616.515122,68.800836,150.062529,1.1591483187648373,12.590278900000158,232341504,285155328,psapi:GetProcessMemoryInfo,008945d1a38aff3570c2eafaed7ec1b6276243062b63f1dd5c8fafa78b424620,43998335,512,150.0625294544475,68.80083557124797,47.59262348426478,60.31990709225694,0.18595761551753803,61.51572638052632,7616.515121819854,hilbert_rmi@countywide@split@w512,7bd2071b3c6b,countywide,split,512,cpp/spatial_core/build/water_distance_hilbert_w512.exe,-1,True,0,15,16,2026-07-29T22:38:08.031172+00:00,131072.0,4194400.0,5.0
hilbert_rmi,5,267362,8572,1072254,1063159,1189589,split,disk,rmi,1024,32,25.0,12.5,1189589,9516712,0.895194,11.088992,24110.578496,0.0,47.592623,1.606679,10.278319,6.397244,4.63039,7616.515122,66.746045,113.145638,1.1064928565938394,13.631003800000144,232407040,285184000,psapi:GetProcessMemoryInfo,008945d1a38aff3570c2eafaed7ec1b6276243062b63f1dd5c8fafa78b424620,43998335,1024,113.145637749568,66.7460446884748,47.59262348426478,60.31990709225694,0.14846911677800137,61.51572638052632,7616.515121819854,hilbert_rmi@countywide@split@w1024,7bd2071b3c6b,countywide,split,1024,cpp/spatial_core/build/water_distance_hilbert_w1024.exe,-1,True,0,16,17,2026-07-29T22:38:21.688256+00:00,131072.0,4194400.0,5.0
hilbert_rmi,5,267362,8572,1072254,1063159,1189589,split,disk,rmi,2048,32,25.0,12.5,1189589,9516712,0.89061,12.627972,21172.204392,0.0,47.592623,1.606679,10.278319,6.397244,4.63039,7616.515122,65.419865,94.188789,1.0783234430702657,15.18618769999921,232402944,285167616,psapi:GetProcessMemoryInfo,008945d1a38aff3570c2eafaed7ec1b6276243062b63f1dd5c8fafa78b424620,43998335,2048,94.18878898272754,65.41986520148713,47.59262348426478,60.31990709225694,0.12161788137431646,61.51572638052632,7616.515121819854,hilbert_rmi@countywide@split@w2048,7bd2071b3c6b,countywide,split,2048,cpp/spatial_core/build/water_distance_hilbert_w2048.exe,-1,True,0,17,18,2026-07-29T22:38:36.900459+00:00,131072.0,4194400.0,5.0
hilbert_binary,4,267362,8572,1072254,1063159,1189589,split,disk,binary,8,32,25.0,12.5,1189589,9516712,0.88557,9.612589,27813.735834,20.23764,47.592623,1.606679,10.278319,6.397244,4.63039,7616.515122,74.983988,167.972087,1.2995785295067468,12.138655599999765,232353792,285175808,psapi:GetProcessMemoryInfo,05c799b1fcef76bee01701d88ae4f2512d0e6b460aa63aa7f17143616ede12ee,45067783,8,167.97208653436167,74.98398800128665,47.59262348426478,60.31990709225694,0.6987978845161242,108.80716516728772,7616.515121819854,hilbert_binary@countywide@split@w8,7bd2071b3c6b,countywide,split,8,cpp/spatial_core/build/water_distance_hilbert_w8.exe,1,False,1,0,19,2026-07-29T22:38:49.069174+00:00,,,
hilbert_binary,4,267362,8572,1072254,1063159,1189589,split,disk,binary,16,32,25.0,12.5,1189589,9516712,0.907987,9.756376,27403.821771,20.23764,47.592623,1.606679,10.278319,6.397244,4.63039,7616.515122,73.973366,162.071065,1.2595458506267132,12.32644319999963,232374272,285171712,psapi:GetProcessMemoryInfo,05c799b1fcef76bee01701d88ae4f2512d0e6b460aa63aa7f17143616ede12ee,45067783,16,162.0710646987979,73.97336569894001,47.59262348426478,60.31990709225694,0.6075769929907765,108.80716516728772,7616.515121819854,hilbert_binary@countywide@split@w16,7bd2071b3c6b,countywide,split,16,cpp/spatial_core/build/water_distance_hilbert_w16.exe,1,False,1,1,20,2026-07-29T22:39:01.425566+00:00,,,
hilbert_binary,4,267362,8572,1072254,1063159,1189589,split,disk,binary,32,32,25.0,12.5,1189589,9516712,0.893914,9.781887,27332.355015,20.23764,47.592623,1.606679,10.278319,6.397244,4.63039,7616.515122,72.745742,153.844982,1.2149287631756989,12.338757900000019,232235008,285196288,psapi:GetProcessMemoryInfo,05c799b1fcef76bee01701d88ae4f2512d0e6b460aa63aa7f17143616ede12ee,45067783,32,153.84498171019067,72.74574172844308,47.59262348426478,60.31990709225694,0.4992631712808851,96.38698922438562,7616.515121819854,hilbert_binary@countywide@split@w32,7bd2071b3c6b,countywide,split,32,cpp/spatial_core/build/water_distance_hilbert_w32.exe,1,False,1,2,21,2026-07-29T22:39:13.795416+00:00,,,
hilbert_binary,4,267362,8572,1072254,1063159,1189589,split,disk,binary,64,32,25.0,12.5,1189589,9516712,0.889501,9.941267,26894.156914,20.23764,47.592623,1.606679,10.278319,6.397244,4.63039,7616.515122,70.913503,141.174168,1.1716919272505513,12.5012128999997,232239104,285171712,psapi:GetProcessMemoryInfo,05c799b1fcef76bee01701d88ae4f2512d0e6b460aa63aa7f17143616ede12ee,45067783,64,141.1741683560117,70.91350304082106,47.59262348426478,60.31990709225694,0.38615061227848385,32.23319399612495,7616.515121819854,hilbert_binary@countywide@split@w64,7bd2071b3c6b,countywide,split,64,cpp/spatial_core/build/water_distance_hilbert_w64.exe,1,False,1,3,22,2026-07-29T22:39:26.328850+00:00,,,
hilbert_binary,4,267362,8572,1072254,1063159,1189589,split,disk,binary,128,32,25.0,12.5,1189589,9516712,0.919362,9.510811,28111.377378,20.23764,47.592623,1.606679,10.278319,6.397244,4.63039,7616.515122,69.511206,133.036864,1.1379628107584276,12.119269599999825,232333312,285167616,psapi:GetProcessMemoryInfo,05c799b1fcef76bee01701d88ae4f2512d0e6b460aa63aa7f17143616ede12ee,45067783,128,133.03686387743957,69.51120578092623,47.59262348426478,60.31990709225694,0.2851040910825024,32.23319399612495,7616.515121819854,hilbert_binary@countywide@split@w128,7bd2071b3c6b,countywide,split,128,cpp/spatial_core/build/water_distance_hilbert_w128.exe,1,False,1,4,23,2026-07-29T22:39:38.478688+00:00,,,
hilbert_binary,4,267362,8572,1072254,1063159,1189589,split,disk,binary,256,32,25.0,12.5,1189589,9516712,0.890225,9.553632,27985.378586,20.23764,47.592623,1.606679,10.278319,6.397244,4.63039,7616.515122,67.145582,98.352634,1.1085579986699086,12.102896999999757,232345600,285188096,psapi:GetProcessMemoryInfo,05c799b1fcef76bee01701d88ae4f2512d0e6b460aa63aa7f17143616ede12ee,45067783,256,98.35263425617701,67.14558164585843,47.59262348426478,60.31990709225694,0.23136047755477593,32.23319399612495,7616.515121819854,hilbert_binary@countywide@split@w256,7bd2071b3c6b,countywide,split,256,cpp/spatial_core/build/water_distance_hilbert_w256.exe,1,False,1,5,24,2026-07-29T22:39:50.612967+00:00,,,
hilbert_binary,4,267362,8572,1072254,1063159,1189589,split,disk,binary,512,32,25.0,12.5,1189589,9516712,0.904486,10.060417,26575.636647,20.23764,47.592623,1.606679,10.278319,6.397244,4.63039,7616.515122,65.929904,87.909441,1.0851163047527554,12.624595899999804,232325120,285171712,psapi:GetProcessMemoryInfo,05c799b1fcef76bee01701d88ae4f2512d0e6b460aa63aa7f17143616ede12ee,45067783,512,87.90944113224766,65.92990402525415,47.59262348426478,60.31990709225694,0.1713332485543944,32.23319399612495,7616.515121819854,hilbert_binary@countywide@split@w512,7bd2071b3c6b,countywide,split,512,cpp/spatial_core/build/water_distance_hilbert_w512.exe,1,False,1,6,25,2026-07-29T22:40:03.267286+00:00,,,
hilbert_binary,4,267362,8572,1072254,1063159,1189589,split,disk,binary,1024,32,25.0,12.5,1189589,9516712,0.909296,10.957362,24400.216705,20.23764,47.592623,1.606679,10.278319,6.397244,4.63039,7616.515122,65.363791,81.922005,1.0714848157425225,13.514463000000433,232472576,285171712,psapi:GetProcessMemoryInfo,05c799b1fcef76bee01701d88ae4f2512d0e6b460aa63aa7f17143616ede12ee,45067783,1024,81.92200462294566,65.3637914138883,47.59262348426478,60.31990709225694,0.1427053956807624,27.562416131538136,7616.515121819854,hilbert_binary@countywide@split@w1024,7bd2071b3c6b,countywide,split,1024,cpp/spatial_core/build/water_distance_hilbert_w1024.exe,1,False,1,7,26,2026-07-29T22:40:16.812489+00:00,,,
hilbert_binary,4,267362,8572,1072254,1063159,1189589,split,disk,binary,2048,32,25.0,12.5,1189589,9516712,0.885224,12.94039,20661.046058,20.23764,47.592623,1.606679,10.278319,6.397244,4.63039,7616.515122,64.662173,77.464161,1.0609392279398582,15.479182199999741,232304640,285167616,psapi:GetProcessMemoryInfo,05c799b1fcef76bee01701d88ae4f2512d0e6b460aa63aa7f17143616ede12ee,45067783,2048,77.46416095032204,64.66217338290407,47.59262348426478,60.31990709225694,0.11835264547691893,23.4322724546416,7616.515121819854,hilbert_binary@countywide@split@w2048,7bd2071b3c6b,countywide,split,2048,cpp/spatial_core/build/water_distance_hilbert_w2048.exe,1,False,1,8,27,2026-07-29T22:40:32.321646+00:00,,,
hilbert_rmi,5,267362,8572,1072254,1063159,1189589,split,disk,rmi,8,32,25.0,12.5,1189589,9516712,0.882635,11.762635,22729.771008,0.0,47.592623,1.606679,10.278319,6.397244,4.63039,7616.515122,97.81237,523.042818,2.3084423545694475,14.287565300000097,232337408,285167616,psapi:GetProcessMemoryInfo,008945d1a38aff3570c2eafaed7ec1b6276243062b63f1dd5c8fafa78b424620,43998335,8,523.0428183511493,97.81237049393705,47.59262348426478,60.31990709225694,0.7914662517485657,8877.224333006976,7616.515121819854,hilbert_rmi@countywide@split@w8,7bd2071b3c6b,countywide,split,8,cpp/spatial_core/build/water_distance_hilbert_w8.exe,1,False,1,9,28,2026-07-29T22:40:46.637560+00:00,131072.0,4194400.0,5.0
hilbert_rmi,5,267362,8572,1072254,1063159,1189589,split,disk,rmi,16,32,25.0,12.5,1189589,9516712,0.88154,11.631781,22985.473231,0.0,47.592623,1.606679,10.278319,6.397244,4.63039,7616.515122,93.958554,481.209914,1.9849233826174602,14.169022099999893,232292352,285171712,psapi:GetProcessMemoryInfo,008945d1a38aff3570c2eafaed7ec1b6276243062b63f1dd5c8fafa78b424620,43998335,16,481.20991389950706,93.95855431961161,47.59262348426478,60.31990709225694,0.6895706944143146,2023.760005018199,7616.515121819854,hilbert_rmi@countywide@split@w16,7bd2071b3c6b,countywide,split,16,cpp/spatial_core/build/water_distance_hilbert_w16.exe,1,False,1,10,29,2026-07-29T22:41:00.835328+00:00,131072.0,4194400.0,5.0
hilbert_rmi,5,267362,8572,1072254,1063159,1189589,split,disk,rmi,32,32,25.0,12.5,1189589,9516712,0.896604,11.339197,23578.564948,0.0,47.592623,1.606679,10.278319,6.397244,4.63039,7616.515122,89.14373,425.239118,1.7367465528732917,13.900580399999853,232341504,285163520,psapi:GetProcessMemoryInfo,008945d1a38aff3570c2eafaed7ec1b6276243062b63f1dd5c8fafa78b424620,43998335,32,425.23911775046565,89.14373022344238,47.59262348426478,60.31990709225694,0.5767498747017152,622.0004652544069,7616.515121819854,hilbert_rmi@countywide@split@w32,7bd2071b3c6b,countywide,split,32,cpp/spatial_core/build/water_distance_hilbert_w32.exe,1,False,1,11,30,2026-07-29T22:41:14.764562+00:00,131072.0,4194400.0,5.0
hilbert_rmi,5,267362,8572,1072254,1063159,1189589,split,disk,rmi,64,32,25.0,12.5,1189589,9516712,0.918517,11.518809,23210.905606,0.0,47.592623,1.606679,10.278319,6.397244,4.63039,7616.515122,83.16842,352.515432,1.5388433412534919,14.10124580000047,232423424,285171712,psapi:GetProcessMemoryInfo,008945d1a38aff3570c2eafaed7ec1b6276243062b63f1dd5c8fafa78b424620,43998335,64,352.51543226038103,83.16841959590369,47.59262348426478,60.31990709225694,0.4600915612540301,517.3435071130551,7616.515121819854,hilbert_rmi@countywide@split@w64,7bd2071b3c6b,countywide,split,64,cpp/spatial_core/build/water_distance_hilbert_w64.exe,1,False,1,12,31,2026-07-29T22:41:28.896855+00:00,131072.0,4194400.0,5.0
hilbert_rmi,5,267362,8572,1072254,1063159,1189589,split,disk,rmi,128,32,25.0,12.5,1189589,9516712,0.996131,10.815823,24719.524349,0.0,47.592623,1.606679,10.278319,6.397244,4.63039,7616.515122,77.994345,285.395722,1.3716233479402213,13.707418599999983,232407040,285175808,psapi:GetProcessMemoryInfo,008945d1a38aff3570c2eafaed7ec1b6276243062b63f1dd5c8fafa78b424620,43998335,128,285.39572190513235,77.99434474607462,47.59262348426478,60.31990709225694,0.34191096715314817,101.4538809445732,7616.515121819854,hilbert_rmi@countywide@split@w128,7bd2071b3c6b,countywide,split,128,cpp/spatial_core/build/water_distance_hilbert_w128.exe,1,False,1,13,32,2026-07-29T22:41:42.637560+00:00,131072.0,4194400.0,5.0
hilbert_rmi,5,267362,8572,1072254,1063159,1189589,split,disk,rmi,256,32,25.0,12.5,1189589,9516712,0.92187,10.407386,25689.63929,0.0,47.592623,1.606679,10.278319,6.397244,4.63039,7616.515122,72.356827,196.291163,1.2434167205239846,13.038321099999848,232386560,285184000,psapi:GetProcessMemoryInfo,008945d1a38aff3570c2eafaed7ec1b6276243062b63f1dd5c8fafa78b424620,43998335,256,196.29116329171686,72.3568270734061,47.59262348426478,60.31990709225694,0.263193722368923,101.38558794252857,7616.515121819854,hilbert_rmi@countywide@split@w256,7bd2071b3c6b,countywide,split,256,cpp/spatial_core/build/water_distance_hilbert_w256.exe,1,False,1,14,33,2026-07-29T22:41:55.706844+00:00,131072.0,4194400.0,5.0
hilbert_rmi,5,267362,8572,1072254,1063159,1189589,split,disk,rmi,512,32,25.0,12.5,1189589,9516712,0.897359,10.149733,26341.777973,0.0,47.592623,1.606679,10.278319,6.397244,4.63039,7616.515122,68.800836,150.062529,1.1591483187648373,12.794917300000634,232316928,285184000,psapi:GetProcessMemoryInfo,008945d1a38aff3570c2eafaed7ec1b6276243062b63f1dd5c8fafa78b424620,43998335,512,150.0625294544475,68.80083557124797,47.59262348426478,60.31990709225694,0.18595761551753803,61.51572638052632,7616.515121819854,hilbert_rmi@countywide@split@w512,7bd2071b3c6b,countywide,split,512,cpp/spatial_core/build/water_distance_hilbert_w512.exe,1,False,1,15,34,2026-07-29T22:42:08.531262+00:00,131072.0,4194400.0,5.0
hilbert_rmi,5,267362,8572,1072254,1063159,1189589,split,disk,rmi,1024,32,25.0,12.5,1189589,9516712,0.892699,11.210239,23849.803525,0.0,47.592623,1.606679,10.278319,6.397244,4.63039,7616.515122,66.746045,113.145638,1.1064928565938394,13.79358880000018,232263680,285175808,psapi:GetProcessMemoryInfo,008945d1a38aff3570c2eafaed7ec1b6276243062b63f1dd5c8fafa78b424620,43998335,1024,113.145637749568,66.7460446884748,47.59262348426478,60.31990709225694,0.14846911677800137,61.51572638052632,7616.515121819854,hilbert_rmi@countywide@split@w1024,7bd2071b3c6b,countywide,split,1024,cpp/spatial_core/build/water_distance_hilbert_w1024.exe,1,False,1,16,35,2026-07-29T22:42:22.354504+00:00,131072.0,4194400.0,5.0
hilbert_rmi,5,267362,8572,1072254,1063159,1189589,split,disk,rmi,2048,32,25.0,12.5,1189589,9516712,0.898997,12.83064,20837.776636,0.0,47.592623,1.606679,10.278319,6.397244,4.63039,7616.515122,65.419865,94.188789,1.0783234430702657,15.411456800000451,232419328,285171712,psapi:GetProcessMemoryInfo,008945d1a38aff3570c2eafaed7ec1b6276243062b63f1dd5c8fafa78b424620,43998335,2048,94.18878898272754,65.41986520148713,47.59262348426478,60.31990709225694,0.12161788137431646,61.51572638052632,7616.515121819854,hilbert_rmi@countywide@split@w2048,7bd2071b3c6b,countywide,split,2048,cpp/spatial_core/build/water_distance_hilbert_w2048.exe,1,False,1,17,36,2026-07-29T22:42:37.795109+00:00,131072.0,4194400.0,5.0
hilbert_binary,4,267362,8572,1072254,1063159,1189589,split,disk,binary,16,32,25.0,12.5,1189589,9516712,0.891073,9.76052,27392.18756,20.23764,47.592623,1.606679,10.278319,6.397244,4.63039,7616.515122,73.973366,162.071065,1.2595458506267132,12.322367299999314,232382464,285159424,psapi:GetProcessMemoryInfo,05c799b1fcef76bee01701d88ae4f2512d0e6b460aa63aa7f17143616ede12ee,45067783,16,162.0710646987979,73.97336569894001,47.59262348426478,60.31990709225694,0.6075769929907765,108.80716516728772,7616.515121819854,hilbert_binary@countywide@split@w16,7bd2071b3c6b,countywide,split,16,cpp/spatial_core/build/water_distance_hilbert_w16.exe,2,False,2,0,37,2026-07-29T22:42:50.148839+00:00,,,
hilbert_binary,4,267362,8572,1072254,1063159,1189589,split,disk,binary,32,32,25.0,12.5,1189589,9516712,0.886739,9.747368,27429.146927,20.23764,47.592623,1.606679,10.278319,6.397244,4.63039,7616.515122,72.745742,153.844982,1.2149287631756989,12.298951099999613,232357888,285175808,psapi:GetProcessMemoryInfo,05c799b1fcef76bee01701d88ae4f2512d0e6b460aa63aa7f17143616ede12ee,45067783,32,153.84498171019067,72.74574172844308,47.59262348426478,60.31990709225694,0.4992631712808851,96.38698922438562,7616.515121819854,hilbert_binary@countywide@split@w32,7bd2071b3c6b,countywide,split,32,cpp/spatial_core/build/water_distance_hilbert_w32.exe,2,False,2,1,38,2026-07-29T22:43:02.478005+00:00,,,
hilbert_binary,4,267362,8572,1072254,1063159,1189589,split,disk,binary,64,32,25.0,12.5,1189589,9516712,0.892379,9.70905,27537.400389,20.23764,47.592623,1.606679,10.278319,6.397244,4.63039,7616.515122,70.913503,141.174168,1.1716919272505513,12.265643599999748,232337408,285188096,psapi:GetProcessMemoryInfo,05c799b1fcef76bee01701d88ae4f2512d0e6b460aa63aa7f17143616ede12ee,45067783,64,141.1741683560117,70.91350304082106,47.59262348426478,60.31990709225694,0.38615061227848385,32.23319399612495,7616.515121819854,hilbert_binary@countywide@split@w64,7bd2071b3c6b,countywide,split,64,cpp/spatial_core/build/water_distance_hilbert_w64.exe,2,False,2,2,39,2026-07-29T22:43:14.773579+00:00,,,
hilbert_binary,4,267362,8572,1072254,1063159,1189589,split,disk,binary,128,32,25.0,12.5,1189589,9516712,0.902163,9.666504,27658.603359,20.23764,47.592623,1.606679,10.278319,6.397244,4.63039,7616.515122,69.511206,133.036864,1.1379628107584276,12.233211300000221,232288256,285171712,psapi:GetProcessMemoryInfo,05c799b1fcef76bee01701d88ae4f2512d0e6b460aa63aa7f17143616ede12ee,45067783,128,133.03686387743957,69.51120578092623,47.59262348426478,60.31990709225694,0.2851040910825024,32.23319399612495,7616.515121819854,hilbert_binary@countywide@split@w128,7bd2071b3c6b,countywide,split,128,cpp/spatial_core/build/water_distance_hilbert_w128.exe,2,False,2,3,40,2026-07-29T22:43:27.037169+00:00,,,
hilbert_binary,4,267362,8572,1072254,1063159,1189589,split,disk,binary,256,32,25.0,12.5,1189589,9516712,0.900132,9.675407,27633.153368,20.23764,47.592623,1.606679,10.278319,6.397244,4.63039,7616.515122,67.145582,98.352634,1.1085579986699086,12.236227800000052,232304640,285163520,psapi:GetProcessMemoryInfo,05c799b1fcef76bee01701d88ae4f2512d0e6b460aa63aa7f17143616ede12ee,45067783,256,98.35263425617701,67.14558164585843,47.59262348426478,60.31990709225694,0.23136047755477593,32.23319399612495,7616.515121819854,hilbert_binary@countywide@split@w256,7bd2071b3c6b,countywide,split,256,cpp/spatial_core/build/water_distance_hilbert_w256.exe,2,False,2,4,41,2026-07-29T22:43:39.304040+00:00,,,
hilbert_binary,4,267362,8572,1072254,1063159,1189589,split,disk,binary,512,32,25.0,12.5,1189589,9516712,0.910751,10.103534,26462.225989,20.23764,47.592623,1.606679,10.278319,6.397244,4.63039,7616.515122,65.929904,87.909441,1.0851163047527554,12.676416999999674,232361984,285163520,psapi:GetProcessMemoryInfo,05c799b1fcef76bee01701d88ae4f2512d0e6b460aa63aa7f17143616ede12ee,45067783,512,87.90944113224766,65.92990402525415,47.59262348426478,60.31990709225694,0.1713332485543944,32.23319399612495,7616.515121819854,hilbert_binary@countywide@split@w512,7bd2071b3c6b,countywide,split,512,cpp/spatial_core/build/water_distance_hilbert_w512.exe,2,False,2,5,42,2026-07-29T22:43:52.010758+00:00,,,
hilbert_binary,4,267362,8572,1072254,1063159,1189589,split,disk,binary,1024,32,25.0,12.5,1189589,9516712,0.900109,11.126772,24028.712659,20.23764,47.592623,1.606679,10.278319,6.397244,4.63039,7616.515122,65.363791,81.922005,1.0714848157425225,13.702417800000148,232333312,285167616,psapi:GetProcessMemoryInfo,05c799b1fcef76bee01701d88ae4f2512d0e6b460aa63aa7f17143616ede12ee,45067783,1024,81.92200462294566,65.3637914138883,47.59262348426478,60.31990709225694,0.1427053956807624,27.562416131538136,7616.515121819854,hilbert_binary@countywide@split@w1024,7bd2071b3c6b,countywide,split,1024,cpp/spatial_core/build/water_distance_hilbert_w1024.exe,2,False,2,6,43,2026-07-29T22:44:05.745108+00:00,,,
hilbert_binary,4,267362,8572,1072254,1063159,1189589,split,disk,binary,2048,32,25.0,12.5,1189589,9516712,0.894409,13.135216,20354.595164,20.23764,47.592623,1.606679,10.278319,6.397244,4.63039,7616.515122,64.662173,77.464161,1.0609392279398582,15.719568900000013,232407040,285167616,psapi:GetProcessMemoryInfo,05c799b1fcef76bee01701d88ae4f2512d0e6b460aa63aa7f17143616ede12ee,45067783,2048,77.46416095032204,64.66217338290407,47.59262348426478,60.31990709225694,0.11835264547691893,23.4322724546416,7616.515121819854,hilbert_binary@countywide@split@w2048,7bd2071b3c6b,countywide,split,2048,cpp/spatial_core/build/water_distance_hilbert_w2048.exe,2,False,2,7,44,2026-07-29T22:44:21.494745+00:00,,,
hilbert_rmi,5,267362,8572,1072254,1063159,1189589,split,disk,rmi,8,32,25.0,12.5,1189589,9516712,0.888243,12.104384,22088.029889,0.0,47.592623,1.606679,10.278319,6.397244,4.63039,7616.515122,97.81237,523.042818,2.3084423545694475,14.670666299999539,232419328,285159424,psapi:GetProcessMemoryInfo,008945d1a38aff3570c2eafaed7ec1b6276243062b63f1dd5c8fafa78b424620,43998335,8,523.0428183511493,97.81237049393705,47.59262348426478,60.31990709225694,0.7914662517485657,8877.224333006976,7616.515121819854,hilbert_rmi@countywide@split@w8,7bd2071b3c6b,countywide,split,8,cpp/spatial_core/build/water_distance_hilbert_w8.exe,2,False,2,8,45,2026-07-29T22:44:36.195707+00:00,131072.0,4194400.0,5.0
hilbert_rmi,5,267362,8572,1072254,1063159,1189589,split,disk,rmi,16,32,25.0,12.5,1189589,9516712,0.88637,11.609988,23028.61984,0.0,47.592623,1.606679,10.278319,6.397244,4.63039,7616.515122,93.958554,481.209914,1.9849233826174602,14.163644199999908,232456192,285171712,psapi:GetProcessMemoryInfo,008945d1a38aff3570c2eafaed7ec1b6276243062b63f1dd5c8fafa78b424620,43998335,16,481.20991389950706,93.95855431961161,47.59262348426478,60.31990709225694,0.6895706944143146,2023.760005018199,7616.515121819854,hilbert_rmi@countywide@split@w16,7bd2071b3c6b,countywide,split,16,cpp/spatial_core/build/water_distance_hilbert_w16.exe,2,False,2,9,46,2026-07-29T22:44:50.389988+00:00,131072.0,4194400.0,5.0
hilbert_rmi,5,267362,8572,1072254,1063159,1189589,split,disk,rmi,32,32,25.0,12.5,1189589,9516712,0.890491,11.341009,23574.797911,0.0,47.592623,1.606679,10.278319,6.397244,4.63039,7616.515122,89.14373,425.239118,1.7367465528732917,13.897420799999963,232284160,285171712,psapi:GetProcessMemoryInfo,008945d1a38aff3570c2eafaed7ec1b6276243062b63f1dd5c8fafa78b424620,43998335,32,425.23911775046565,89.14373022344238,47.59262348426478,60.31990709225694,0.5767498747017152,622.0004652544069,7616.515121819854,hilbert_rmi@countywide@split@w32,7bd2071b3c6b,countywide,split,32,cpp/spatial_core/build/water_distance_hilbert_w32.exe,2,False,2,10,47,2026-07-29T22:45:04.316675+00:00,131072.0,4194400.0,5.0
hilbert_rmi,5,267362,8572,1072254,1063159,1189589,split,disk,rmi,64,32,25.0,12.5,1189589,9516712,0.891446,10.933007,24454.570702,0.0,47.592623,1.606679,10.278319,6.397244,4.63039,7616.515122,83.16842,352.515432,1.5388433412534919,13.494191200000387,232407040,285171712,psapi:GetProcessMemoryInfo,008945d1a38aff3570c2eafaed7ec1b6276243062b63f1dd5c8fafa78b424620,43998335,64,352.51543226038103,83.16841959590369,47.59262348426478,60.31990709225694,0.4600915612540301,517.3435071130551,7616.515121819854,hilbert_rmi@countywide@split@w64,7bd2071b3c6b,countywide,split,64,cpp/spatial_core/build/water_distance_hilbert_w64.exe,2,False,2,11,48,2026-07-29T22:45:17.839395+00:00,131072.0,4194400.0,5.0
hilbert_rmi,5,267362,8572,1072254,1063159,1189589,split,disk,rmi,128,32,25.0,12.5,1189589,9516712,0.900689,10.615979,25184.86543,0.0,47.592623,1.606679,10.278319,6.397244,4.63039,7616.515122,77.994345,285.395722,1.3716233479402213,13.199235400000362,232402944,285175808,psapi:GetProcessMemoryInfo,008945d1a38aff3570c2eafaed7ec1b6276243062b63f1dd5c8fafa78b424620,43998335,128,285.39572190513235,77.99434474607462,47.59262348426478,60.31990709225694,0.34191096715314817,101.4538809445732,7616.515121819854,hilbert_rmi@countywide@split@w128,7bd2071b3c6b,countywide,split,128,cpp/spatial_core/build/water_distance_hilbert_w128.exe,2,False,2,12,49,2026-07-29T22:45:31.067767+00:00,131072.0,4194400.0,5.0
hilbert_rmi,5,267362,8572,1072254,1063159,1189589,split,disk,rmi,256,32,25.0,12.5,1189589,9516712,0.902073,9.995711,26747.672612,0.0,47.592623,1.606679,10.278319,6.397244,4.63039,7616.515122,72.356827,196.291163,1.2434167205239846,12.568886400000338,232374272,285159424,psapi:GetProcessMemoryInfo,008945d1a38aff3570c2eafaed7ec1b6276243062b63f1dd5c8fafa78b424620,43998335,256,196.29116329171686,72.3568270734061,47.59262348426478,60.31990709225694,0.263193722368923,101.38558794252857,7616.515121819854,hilbert_rmi@countywide@split@w256,7bd2071b3c6b,countywide,split,256,cpp/spatial_core/build/water_distance_hilbert_w256.exe,2,False,2,13,50,2026-07-29T22:45:43.667302+00:00,131072.0,4194400.0,5.0
hilbert_rmi,5,267362,8572,1072254,1063159,1189589,split,disk,rmi,512,32,25.0,12.5,1189589,9516712,0.904801,10.344969,25844.640037,0.0,47.592623,1.606679,10.278319,6.397244,4.63039,7616.515122,68.800836,150.062529,1.1591483187648373,12.951840700000503,232247296,285171712,psapi:GetProcessMemoryInfo,008945d1a38aff3570c2eafaed7ec1b6276243062b63f1dd5c8fafa78b424620,43998335,512,150.0625294544475,68.80083557124797,47.59262348426478,60.31990709225694,0.18595761551753803,61.51572638052632,7616.515121819854,hilbert_rmi@countywide@split@w512,7bd2071b3c6b,countywide,split,512,cpp/spatial_core/build/water_distance_hilbert_w512.exe,2,False,2,14,51,2026-07-29T22:45:56.649464+00:00,131072.0,4194400.0,5.0
hilbert_rmi,5,267362,8572,1072254,1063159,1189589,split,disk,rmi,1024,32,25.0,12.5,1189589,9516712,0.895317,10.841772,24660.359266,0.0,47.592623,1.606679,10.278319,6.397244,4.63039,7616.515122,66.746045,113.145638,1.1064928565938394,13.397272300000623,232439808,285159424,psapi:GetProcessMemoryInfo,008945d1a38aff3570c2eafaed7ec1b6276243062b63f1dd5c8fafa78b424620,43998335,1024,113.145637749568,66.7460446884748,47.59262348426478,60.31990709225694,0.14846911677800137,61.51572638052632,7616.515121819854,hilbert_rmi@countywide@split@w1024,7bd2071b3c6b,countywide,split,1024,cpp/spatial_core/build/water_distance_hilbert_w1024.exe,2,False,2,15,52,2026-07-29T22:46:10.075349+00:00,131072.0,4194400.0,5.0
hilbert_rmi,5,267362,8572,1072254,1063159,1189589,split,disk,rmi,2048,32,25.0,12.5,1189589,9516712,0.899845,12.580968,21251.305434,0.0,47.592623,1.606679,10.278319,6.397244,4.63039,7616.515122,65.419865,94.188789,1.0783234430702657,15.144569399999455,232345600,285163520,psapi:GetProcessMemoryInfo,008945d1a38aff3570c2eafaed7ec1b6276243062b63f1dd5c8fafa78b424620,43998335,2048,94.18878898272754,65.41986520148713,47.59262348426478,60.31990709225694,0.12161788137431646,61.51572638052632,7616.515121819854,hilbert_rmi@countywide@split@w2048,7bd2071b3c6b,countywide,split,2048,cpp/spatial_core/build/water_distance_hilbert_w2048.exe,2,False,2,16,53,2026-07-29T22:46:25.248683+00:00,131072.0,4194400.0,5.0
hilbert_binary,4,267362,8572,1072254,1063159,1189589,split,disk,binary,8,32,25.0,12.5,1189589,9516712,0.888522,9.739274,27451.944389,20.23764,47.592623,1.606679,10.278319,6.397244,4.63039,7616.515122,74.983988,167.972087,1.2995785295067468,12.319978100000299,232419328,285179904,psapi:GetProcessMemoryInfo,05c799b1fcef76bee01701d88ae4f2512d0e6b460aa63aa7f17143616ede12ee,45067783,8,167.97208653436167,74.98398800128665,47.59262348426478,60.31990709225694,0.6987978845161242,108.80716516728772,7616.515121819854,hilbert_binary@countywide@split@w8,7bd2071b3c6b,countywide,split,8,cpp/spatial_core/build/water_distance_hilbert_w8.exe,2,False,2,17,54,2026-07-29T22:46:37.599205+00:00,,,
hilbert_binary,4,267362,8572,1072254,1063159,1189589,split,disk,binary,32,32,25.0,12.5,1189589,9516712,0.917324,9.979248,26791.799414,20.23764,47.592623,1.606679,10.278319,6.397244,4.63039,7616.515122,72.745742,153.844982,1.2149287631756989,12.613741900000605,232341504,285163520,psapi:GetProcessMemoryInfo,05c799b1fcef76bee01701d88ae4f2512d0e6b460aa63aa7f17143616ede12ee,45067783,32,153.84498171019067,72.74574172844308,47.59262348426478,60.31990709225694,0.4992631712808851,96.38698922438562,7616.515121819854,hilbert_binary@countywide@split@w32,7bd2071b3c6b,countywide,split,32,cpp/spatial_core/build/water_distance_hilbert_w32.exe,3,False,3,0,55,2026-07-29T22:46:50.242185+00:00,,,
hilbert_binary,4,267362,8572,1072254,1063159,1189589,split,disk,binary,64,32,25.0,12.5,1189589,9516712,0.89123,9.727646,27484.758671,20.23764,47.592623,1.606679,10.278319,6.397244,4.63039,7616.515122,70.913503,141.174168,1.1716919272505513,12.292574900000545,232402944,285163520,psapi:GetProcessMemoryInfo,05c799b1fcef76bee01701d88ae4f2512d0e6b460aa63aa7f17143616ede12ee,45067783,64,141.1741683560117,70.91350304082106,47.59262348426478,60.31990709225694,0.38615061227848385,32.23319399612495,7616.515121819854,hilbert_binary@countywide@split@w64,7bd2071b3c6b,countywide,split,64,cpp/spatial_core/build/water_distance_hilbert_w64.exe,3,False,3,1,56,2026-07-29T22:47:02.567440+00:00,,,
hilbert_binary,4,267362,8572,1072254,1063159,1189589,split,disk,binary,128,32,25.0,12.5,1189589,9516712,0.89699,9.681948,27614.483337,20.23764,47.592623,1.606679,10.278319,6.397244,4.63039,7616.515122,69.511206,133.036864,1.1379628107584276,12.267334199999823,232341504,285184000,psapi:GetProcessMemoryInfo,05c799b1fcef76bee01701d88ae4f2512d0e6b460aa63aa7f17143616ede12ee,45067783,128,133.03686387743957,69.51120578092623,47.59262348426478,60.31990709225694,0.2851040910825024,32.23319399612495,7616.515121819854,hilbert_binary@countywide@split@w128,7bd2071b3c6b,countywide,split,128,cpp/spatial_core/build/water_distance_hilbert_w128.exe,3,False,3,2,57,2026-07-29T22:47:14.865263+00:00,,,
hilbert_binary,4,267362,8572,1072254,1063159,1189589,split,disk,binary,256,32,25.0,12.5,1189589,9516712,0.89848,9.849113,27145.795029,20.23764,47.592623,1.606679,10.278319,6.397244,4.63039,7616.515122,67.145582,98.352634,1.1085579986699086,12.40601880000031,232312832,285204480,psapi:GetProcessMemoryInfo,05c799b1fcef76bee01701d88ae4f2512d0e6b460aa63aa7f17143616ede12ee,45067783,256,98.35263425617701,67.14558164585843,47.59262348426478,60.31990709225694,0.23136047755477593,32.23319399612495,7616.515121819854,hilbert_binary@countywide@split@w256,7bd2071b3c6b,countywide,split,256,cpp/spatial_core/build/water_distance_hilbert_w256.exe,3,False,3,3,58,2026-07-29T22:47:27.300834+00:00,,,
hilbert_binary,4,267362,8572,1072254,1063159,1189589,split,disk,binary,512,32,25.0,12.5,1189589,9516712,0.890636,10.01593,26693.67644,20.23764,47.592623,1.606679,10.278319,6.397244,4.63039,7616.515122,65.929904,87.909441,1.0851163047527554,12.57440040000074,232366080,285179904,psapi:GetProcessMemoryInfo,05c799b1fcef76bee01701d88ae4f2512d0e6b460aa63aa7f17143616ede12ee,45067783,512,87.90944113224766,65.92990402525415,47.59262348426478,60.31990709225694,0.1713332485543944,32.23319399612495,7616.515121819854,hilbert_binary@countywide@split@w512,7bd2071b3c6b,countywide,split,512,cpp/spatial_core/build/water_distance_hilbert_w512.exe,3,False,3,4,59,2026-07-29T22:47:39.904928+00:00,,,
hilbert_binary,4,267362,8572,1072254,1063159,1189589,split,disk,binary,1024,32,25.0,12.5,1189589,9516712,0.897273,10.98842,24331.249649,20.23764,47.592623,1.606679,10.278319,6.397244,4.63039,7616.515122,65.363791,81.922005,1.0714848157425225,13.5494192999995,232386560,285171712,psapi:GetProcessMemoryInfo,05c799b1fcef76bee01701d88ae4f2512d0e6b460aa63aa7f17143616ede12ee,45067783,1024,81.92200462294566,65.3637914138883,47.59262348426478,60.31990709225694,0.1427053956807624,27.562416131538136,7616.515121819854,hilbert_binary@countywide@split@w1024,7bd2071b3c6b,countywide,split,1024,cpp/spatial_core/build/water_distance_hilbert_w1024.exe,3,False,3,5,60,2026-07-29T22:47:53.485504+00:00,,,
hilbert_binary,4,267362,8572,1072254,1063159,1189589,split,disk,binary,2048,32,25.0,12.5,1189589,9516712,0.900015,12.728966,21004.219659,20.23764,47.592623,1.606679,10.278319,6.397244,4.63039,7616.515122,64.662173,77.464161,1.0609392279398582,15.28666129999965,232382464,285171712,psapi:GetProcessMemoryInfo,05c799b1fcef76bee01701d88ae4f2512d0e6b460aa63aa7f17143616ede12ee,45067783,2048,77.46416095032204,64.66217338290407,47.59262348426478,60.31990709225694,0.11835264547691893,23.4322724546416,7616.515121819854,hilbert_binary@countywide@split@w2048,7bd2071b3c6b,countywide,split,2048,cpp/spatial_core/build/water_distance_hilbert_w2048.exe,3,False,3,6,61,2026-07-29T22:48:08.803697+00:00,,,
hilbert_rmi,5,267362,8572,1072254,1063159,1189589,split,disk,rmi,8,32,25.0,12.5,1189589,9516712,0.882193,12.229083,21862.800521,0.0,47.592623,1.606679,10.278319,6.397244,4.63039,7616.515122,97.81237,523.042818,2.3084423545694475,14.790359999999964,232247296,285175808,psapi:GetProcessMemoryInfo,008945d1a38aff3570c2eafaed7ec1b6276243062b63f1dd5c8fafa78b424620,43998335,8,523.0428183511493,97.81237049393705,47.59262348426478,60.31990709225694,0.7914662517485657,8877.224333006976,7616.515121819854,hilbert_rmi@countywide@split@w8,7bd2071b3c6b,countywide,split,8,cpp/spatial_core/build/water_distance_hilbert_w8.exe,3,False,3,7,62,2026-07-29T22:48:23.621977+00:00,131072.0,4194400.0,5.0
hilbert_rmi,5,267362,8572,1072254,1063159,1189589,split,disk,rmi,16,32,25.0,12.5,1189589,9516712,0.896538,11.506008,23236.730899,0.0,47.592623,1.606679,10.278319,6.397244,4.63039,7616.515122,93.958554,481.209914,1.9849233826174602,14.067034400000011,232353792,285171712,psapi:GetProcessMemoryInfo,008945d1a38aff3570c2eafaed7ec1b6276243062b63f1dd5c8fafa78b424620,43998335,16,481.20991389950706,93.95855431961161,47.59262348426478,60.31990709225694,0.6895706944143146,2023.760005018199,7616.515121819854,hilbert_rmi@countywide@split@w16,7bd2071b3c6b,countywide,split,16,cpp/spatial_core/build/water_distance_hilbert_w16.exe,3,False,3,8,63,2026-07-29T22:48:37.718190+00:00,131072.0,4194400.0,5.0
hilbert_rmi,5,267362,8572,1072254,1063159,1189589,split,disk,rmi,32,32,25.0,12.5,1189589,9516712,0.88344,11.109028,24067.092748,0.0,47.592623,1.606679,10.278319,6.397244,4.63039,7616.515122,89.14373,425.239118,1.7367465528732917,13.655764399999498,232382464,285159424,psapi:GetProcessMemoryInfo,008945d1a38aff3570c2eafaed7ec1b6276243062b63f1dd5c8fafa78b424620,43998335,32,425.23911775046565,89.14373022344238,47.59262348426478,60.31990709225694,0.5767498747017152,622.0004652544069,7616.515121819854,hilbert_rmi@countywide@split@w32,7bd2071b3c6b,countywide,split,32,cpp/spatial_core/build/water_distance_hilbert_w32.exe,3,False,3,9,64,2026-07-29T22:48:51.403637+00:00,131072.0,4194400.0,5.0
hilbert_rmi,5,267362,8572,1072254,1063159,1189589,split,disk,rmi,64,32,25.0,12.5,1189589,9516712,0.894499,10.856829,24626.159712,0.0,47.592623,1.606679,10.278319,6.397244,4.63039,7616.515122,83.16842,352.515432,1.5388433412534919,13.416372600000614,232398848,285175808,psapi:GetProcessMemoryInfo,008945d1a38aff3570c2eafaed7ec1b6276243062b63f1dd5c8fafa78b424620,43998335,64,352.51543226038103,83.16841959590369,47.59262348426478,60.31990709225694,0.4600915612540301,517.3435071130551,7616.515121819854,hilbert_rmi@countywide@split@w64,7bd2071b3c6b,countywide,split,64,cpp/spatial_core/build/water_distance_hilbert_w64.exe,3,False,3,10,65,2026-07-29T22:49:04.848930+00:00,131072.0,4194400.0,5.0
hilbert_rmi,5,267362,8572,1072254,1063159,1189589,split,disk,rmi,128,32,25.0,12.5,1189589,9516712,0.889335,10.480321,25510.86056,0.0,47.592623,1.606679,10.278319,6.397244,4.63039,7616.515122,77.994345,285.395722,1.3716233479402213,13.045401699999275,232316928,285179904,psapi:GetProcessMemoryInfo,008945d1a38aff3570c2eafaed7ec1b6276243062b63f1dd5c8fafa78b424620,43998335,128,285.39572190513235,77.99434474607462,47.59262348426478,60.31990709225694,0.34191096715314817,101.4538809445732,7616.515121819854,hilbert_rmi@countywide@split@w128,7bd2071b3c6b,countywide,split,128,cpp/spatial_core/build/water_distance_hilbert_w128.exe,3,False,3,11,66,2026-07-29T22:49:17.922849+00:00,131072.0,4194400.0,5.0
hilbert_rmi,5,267362,8572,1072254,1063159,1189589,split,disk,rmi,256,32,25.0,12.5,1189589,9516712,0.881987,10.379566,25758.496097,0.0,47.592623,1.606679,10.278319,6.397244,4.63039,7616.515122,72.356827,196.291163,1.2434167205239846,13.063370200001373,232382464,285175808,psapi:GetProcessMemoryInfo,008945d1a38aff3570c2eafaed7ec1b6276243062b63f1dd5c8fafa78b424620,43998335,256,196.29116329171686,72.3568270734061,47.59262348426478,60.31990709225694,0.263193722368923,101.38558794252857,7616.515121819854,hilbert_rmi@countywide@split@w256,7bd2071b3c6b,countywide,split,256,cpp/spatial_core/build/water_distance_hilbert_w256.exe,3,False,3,12,67,2026-07-29T22:49:31.015997+00:00,131072.0,4194400.0,5.0
hilbert_rmi,5,267362,8572,1072254,1063159,1189589,split,disk,rmi,512,32,25.0,12.5,1189589,9516712,0.895676,10.261203,26055.618897,0.0,47.592623,1.606679,10.278319,6.397244,4.63039,7616.515122,68.800836,150.062529,1.1591483187648373,12.825718500000221,232370176,285167616,psapi:GetProcessMemoryInfo,008945d1a38aff3570c2eafaed7ec1b6276243062b63f1dd5c8fafa78b424620,43998335,512,150.0625294544475,68.80083557124797,47.59262348426478,60.31990709225694,0.18595761551753803,61.51572638052632,7616.515121819854,hilbert_rmi@countywide@split@w512,7bd2071b3c6b,countywide,split,512,cpp/spatial_core/build/water_distance_hilbert_w512.exe,3,False,3,13,68,2026-07-29T22:49:43.872229+00:00,131072.0,4194400.0,5.0
hilbert_rmi,5,267362,8572,1072254,1063159,1189589,split,disk,rmi,1024,32,25.0,12.5,1189589,9516712,0.890442,11.233304,23800.833028,0.0,47.592623,1.606679,10.278319,6.397244,4.63039,7616.515122,66.746045,113.145638,1.1064928565938394,13.782444899999973,232419328,285179904,psapi:GetProcessMemoryInfo,008945d1a38aff3570c2eafaed7ec1b6276243062b63f1dd5c8fafa78b424620,43998335,1024,113.145637749568,66.7460446884748,47.59262348426478,60.31990709225694,0.14846911677800137,61.51572638052632,7616.515121819854,hilbert_rmi@countywide@split@w1024,7bd2071b3c6b,countywide,split,1024,cpp/spatial_core/build/water_distance_hilbert_w1024.exe,3,False,3,14,69,2026-07-29T22:49:57.685857+00:00,131072.0,4194400.0,5.0
hilbert_rmi,5,267362,8572,1072254,1063159,1189589,split,disk,rmi,2048,32,25.0,12.5,1189589,9516712,0.894496,12.934401,20670.613676,0.0,47.592623,1.606679,10.278319,6.397244,4.63039,7616.515122,65.419865,94.188789,1.0783234430702657,15.50332890000027,232390656,285163520,psapi:GetProcessMemoryInfo,008945d1a38aff3570c2eafaed7ec1b6276243062b63f1dd5c8fafa78b424620,43998335,2048,94.18878898272754,65.41986520148713,47.59262348426478,60.31990709225694,0.12161788137431646,61.51572638052632,7616.515121819854,hilbert_rmi@countywide@split@w2048,7bd2071b3c6b,countywide,split,2048,cpp/spatial_core/build/water_distance_hilbert_w2048.exe,3,False,3,15,70,2026-07-29T22:50:13.219426+00:00,131072.0,4194400.0,5.0
hilbert_binary,4,267362,8572,1072254,1063159,1189589,split,disk,binary,8,32,25.0,12.5,1189589,9516712,0.895088,9.970493,26815.325321,20.23764,47.592623,1.606679,10.278319,6.397244,4.63039,7616.515122,74.983988,167.972087,1.2995785295067468,12.543879099999685,232435712,285159424,psapi:GetProcessMemoryInfo,05c799b1fcef76bee01701d88ae4f2512d0e6b460aa63aa7f17143616ede12ee,45067783,8,167.97208653436167,74.98398800128665,47.59262348426478,60.31990709225694,0.6987978845161242,108.80716516728772,7616.515121819854,hilbert_binary@countywide@split@w8,7bd2071b3c6b,countywide,split,8,cpp/spatial_core/build/water_distance_hilbert_w8.exe,3,False,3,16,71,2026-07-29T22:50:25.794634+00:00,,,
hilbert_binary,4,267362,8572,1072254,1063159,1189589,split,disk,binary,16,32,25.0,12.5,1189589,9516712,0.896648,9.724844,27492.677518,20.23764,47.592623,1.606679,10.278319,6.397244,4.63039,7616.515122,73.973366,162.071065,1.2595458506267132,12.323272200001156,232415232,285163520,psapi:GetProcessMemoryInfo,05c799b1fcef76bee01701d88ae4f2512d0e6b460aa63aa7f17143616ede12ee,45067783,16,162.0710646987979,73.97336569894001,47.59262348426478,60.31990709225694,0.6075769929907765,108.80716516728772,7616.515121819854,hilbert_binary@countywide@split@w16,7bd2071b3c6b,countywide,split,16,cpp/spatial_core/build/water_distance_hilbert_w16.exe,3,False,3,17,72,2026-07-29T22:50:38.149420+00:00,,,
hilbert_binary,4,267362,8572,1072254,1063159,1189589,split,disk,binary,64,32,25.0,12.5,1189589,9516712,0.889372,9.686275,27602.147261,20.23764,47.592623,1.606679,10.278319,6.397244,4.63039,7616.515122,70.913503,141.174168,1.1716919272505513,12.238702200000262,232366080,285167616,psapi:GetProcessMemoryInfo,05c799b1fcef76bee01701d88ae4f2512d0e6b460aa63aa7f17143616ede12ee,45067783,64,141.1741683560117,70.91350304082106,47.59262348426478,60.31990709225694,0.38615061227848385,32.23319399612495,7616.515121819854,hilbert_binary@countywide@split@w64,7bd2071b3c6b,countywide,split,64,cpp/spatial_core/build/water_distance_hilbert_w64.exe,4,False,4,0,73,2026-07-29T22:50:50.417924+00:00,,,
hilbert_binary,4,267362,8572,1072254,1063159,1189589,split,disk,binary,128,32,25.0,12.5,1189589,9516712,0.891806,9.948025,26875.887425,20.23764,47.592623,1.606679,10.278319,6.397244,4.63039,7616.515122,69.511206,133.036864,1.1379628107584276,12.51831889999994,232300544,285188096,psapi:GetProcessMemoryInfo,05c799b1fcef76bee01701d88ae4f2512d0e6b460aa63aa7f17143616ede12ee,45067783,128,133.03686387743957,69.51120578092623,47.59262348426478,60.31990709225694,0.2851040910825024,32.23319399612495,7616.515121819854,hilbert_binary@countywide@split@w128,7bd2071b3c6b,countywide,split,128,cpp/spatial_core/build/water_distance_hilbert_w128.exe,4,False,4,1,74,2026-07-29T22:51:02.966383+00:00,,,
hilbert_binary,4,267362,8572,1072254,1063159,1189589,split,disk,binary,256,32,25.0,12.5,1189589,9516712,0.893853,9.931204,26921.409335,20.23764,47.592623,1.606679,10.278319,6.397244,4.63039,7616.515122,67.145582,98.352634,1.1085579986699086,12.49549079999997,232407040,285184000,psapi:GetProcessMemoryInfo,05c799b1fcef76bee01701d88ae4f2512d0e6b460aa63aa7f17143616ede12ee,45067783,256,98.35263425617701,67.14558164585843,47.59262348426478,60.31990709225694,0.23136047755477593,32.23319399612495,7616.515121819854,hilbert_binary@countywide@split@w256,7bd2071b3c6b,countywide,split,256,cpp/spatial_core/build/water_distance_hilbert_w256.exe,4,False,4,2,75,2026-07-29T22:51:15.493519+00:00,,,
hilbert_binary,4,267362,8572,1072254,1063159,1189589,split,disk,binary,512,32,25.0,12.5,1189589,9516712,0.896157,10.303887,25947.682871,20.23764,47.592623,1.606679,10.278319,6.397244,4.63039,7616.515122,65.929904,87.909441,1.0851163047527554,12.861788700000034,232366080,285171712,psapi:GetProcessMemoryInfo,05c799b1fcef76bee01701d88ae4f2512d0e6b460aa63aa7f17143616ede12ee,45067783,512,87.90944113224766,65.92990402525415,47.59262348426478,60.31990709225694,0.1713332485543944,32.23319399612495,7616.515121819854,hilbert_binary@countywide@split@w512,7bd2071b3c6b,countywide,split,512,cpp/spatial_core/build/water_distance_hilbert_w512.exe,4,False,4,3,76,2026-07-29T22:51:28.386296+00:00,,,
hilbert_binary,4,267362,8572,1072254,1063159,1189589,split,disk,binary,1024,32,25.0,12.5,1189589,9516712,0.889207,11.08006,24130.013736,20.23764,47.592623,1.606679,10.278319,6.397244,4.63039,7616.515122,65.363791,81.922005,1.0714848157425225,13.64678880000065,232321024,285179904,psapi:GetProcessMemoryInfo,05c799b1fcef76bee01701d88ae4f2512d0e6b460aa63aa7f17143616ede12ee,45067783,1024,81.92200462294566,65.3637914138883,47.59262348426478,60.31990709225694,0.1427053956807624,27.562416131538136,7616.515121819854,hilbert_binary@countywide@split@w1024,7bd2071b3c6b,countywide,split,1024,cpp/spatial_core/build/water_distance_hilbert_w1024.exe,4,False,4,4,77,2026-07-29T22:51:42.063257+00:00,,,
hilbert_binary,4,267362,8572,1072254,1063159,1189589,split,disk,binary,2048,32,25.0,12.5,1189589,9516712,0.884052,12.971435,20611.598032,20.23764,47.592623,1.606679,10.278319,6.397244,4.63039,7616.515122,64.662173,77.464161,1.0609392279398582,15.519993200001409,232402944,285171712,psapi:GetProcessMemoryInfo,05c799b1fcef76bee01701d88ae4f2512d0e6b460aa63aa7f17143616ede12ee,45067783,2048,77.46416095032204,64.66217338290407,47.59262348426478,60.31990709225694,0.11835264547691893,23.4322724546416,7616.515121819854,hilbert_binary@countywide@split@w2048,7bd2071b3c6b,countywide,split,2048,cpp/spatial_core/build/water_distance_hilbert_w2048.exe,4,False,4,5,78,2026-07-29T22:51:57.613842+00:00,,,
hilbert_rmi,5,267362,8572,1072254,1063159,1189589,split,disk,rmi,8,32,25.0,12.5,1189589,9516712,0.888987,12.153949,21997.953274,0.0,47.592623,1.606679,10.278319,6.397244,4.63039,7616.515122,97.81237,523.042818,2.3084423545694475,14.720081499999651,232407040,285179904,psapi:GetProcessMemoryInfo,008945d1a38aff3570c2eafaed7ec1b6276243062b63f1dd5c8fafa78b424620,43998335,8,523.0428183511493,97.81237049393705,47.59262348426478,60.31990709225694,0.7914662517485657,8877.224333006976,7616.515121819854,hilbert_rmi@countywide@split@w8,7bd2071b3c6b,countywide,split,8,cpp/spatial_core/build/water_distance_hilbert_w8.exe,4,False,4,6,79,2026-07-29T22:52:12.366454+00:00,131072.0,4194400.0,5.0
hilbert_rmi,5,267362,8572,1072254,1063159,1189589,split,disk,rmi,16,32,25.0,12.5,1189589,9516712,0.899162,11.951143,22371.248595,0.0,47.592623,1.606679,10.278319,6.397244,4.63039,7616.515122,93.958554,481.209914,1.9849233826174602,14.51777679999941,232345600,285163520,psapi:GetProcessMemoryInfo,008945d1a38aff3570c2eafaed7ec1b6276243062b63f1dd5c8fafa78b424620,43998335,16,481.20991389950706,93.95855431961161,47.59262348426478,60.31990709225694,0.6895706944143146,2023.760005018199,7616.515121819854,hilbert_rmi@countywide@split@w16,7bd2071b3c6b,countywide,split,16,cpp/spatial_core/build/water_distance_hilbert_w16.exe,4,False,4,7,80,2026-07-29T22:52:26.913349+00:00,131072.0,4194400.0,5.0
hilbert_rmi,5,267362,8572,1072254,1063159,1189589,split,disk,rmi,32,32,25.0,12.5,1189589,9516712,0.894055,11.081781,24126.265258,0.0,47.592623,1.606679,10.278319,6.397244,4.63039,7616.515122,89.14373,425.239118,1.7367465528732917,13.649741600000198,232415232,285163520,psapi:GetProcessMemoryInfo,008945d1a38aff3570c2eafaed7ec1b6276243062b63f1dd5c8fafa78b424620,43998335,32,425.23911775046565,89.14373022344238,47.59262348426478,60.31990709225694,0.5767498747017152,622.0004652544069,7616.515121819854,hilbert_rmi@countywide@split@w32,7bd2071b3c6b,countywide,split,32,cpp/spatial_core/build/water_distance_hilbert_w32.exe,4,False,4,8,81,2026-07-29T22:52:40.596182+00:00,131072.0,4194400.0,5.0
hilbert_rmi,5,267362,8572,1072254,1063159,1189589,split,disk,rmi,64,32,25.0,12.5,1189589,9516712,0.896196,10.595424,25233.724492,0.0,47.592623,1.606679,10.278319,6.397244,4.63039,7616.515122,83.16842,352.515432,1.5388433412534919,13.154780999999275,232443904,285171712,psapi:GetProcessMemoryInfo,008945d1a38aff3570c2eafaed7ec1b6276243062b63f1dd5c8fafa78b424620,43998335,64,352.51543226038103,83.16841959590369,47.59262348426478,60.31990709225694,0.4600915612540301,517.3435071130551,7616.515121819854,hilbert_rmi@countywide@split@w64,7bd2071b3c6b,countywide,split,64,cpp/spatial_core/build/water_distance_hilbert_w64.exe,4,False,4,9,82,2026-07-29T22:52:53.779541+00:00,131072.0,4194400.0,5.0
hilbert_rmi,5,267362,8572,1072254,1063159,1189589,split,disk,rmi,128,32,25.0,12.5,1189589,9516712,0.900173,10.377789,25762.905015,0.0,47.592623,1.606679,10.278319,6.397244,4.63039,7616.515122,77.994345,285.395722,1.3716233479402213,12.977942100000291,232390656,285175808,psapi:GetProcessMemoryInfo,008945d1a38aff3570c2eafaed7ec1b6276243062b63f1dd5c8fafa78b424620,43998335,128,285.39572190513235,77.99434474607462,47.59262348426478,60.31990709225694,0.34191096715314817,101.4538809445732,7616.515121819854,hilbert_rmi@countywide@split@w128,7bd2071b3c6b,countywide,split,128,cpp/spatial_core/build/water_distance_hilbert_w128.exe,4,False,4,10,83,2026-07-29T22:53:06.787780+00:00,131072.0,4194400.0,5.0
hilbert_rmi,5,267362,8572,1072254,1063159,1189589,split,disk,rmi,256,32,25.0,12.5,1189589,9516712,0.878763,10.253361,26075.54758,0.0,47.592623,1.606679,10.278319,6.397244,4.63039,7616.515122,72.356827,196.291163,1.2434167205239846,12.778289800000493,232431616,285167616,psapi:GetProcessMemoryInfo,008945d1a38aff3570c2eafaed7ec1b6276243062b63f1dd5c8fafa78b424620,43998335,256,196.29116329171686,72.3568270734061,47.59262348426478,60.31990709225694,0.263193722368923,101.38558794252857,7616.515121819854,hilbert_rmi@countywide@split@w256,7bd2071b3c6b,countywide,split,256,cpp/spatial_core/build/water_distance_hilbert_w256.exe,4,False,4,11,84,2026-07-29T22:53:19.595171+00:00,131072.0,4194400.0,5.0
hilbert_rmi,5,267362,8572,1072254,1063159,1189589,split,disk,rmi,512,32,25.0,12.5,1189589,9516712,0.88932,10.221048,26157.983273,0.0,47.592623,1.606679,10.278319,6.397244,4.63039,7616.515122,68.800836,150.062529,1.1591483187648373,12.781606100001227,232435712,285171712,psapi:GetProcessMemoryInfo,008945d1a38aff3570c2eafaed7ec1b6276243062b63f1dd5c8fafa78b424620,43998335,512,150.0625294544475,68.80083557124797,47.59262348426478,60.31990709225694,0.18595761551753803,61.51572638052632,7616.515121819854,hilbert_rmi@countywide@split@w512,7bd2071b3c6b,countywide,split,512,cpp/spatial_core/build/water_distance_hilbert_w512.exe,4,False,4,12,85,2026-07-29T22:53:32.406444+00:00,131072.0,4194400.0,5.0
hilbert_rmi,5,267362,8572,1072254,1063159,1189589,split,disk,rmi,1024,32,25.0,12.5,1189589,9516712,0.895449,10.807466,24738.638553,0.0,47.592623,1.606679,10.278319,6.397244,4.63039,7616.515122,66.746045,113.145638,1.1064928565938394,13.377421699999104,232325120,285179904,psapi:GetProcessMemoryInfo,008945d1a38aff3570c2eafaed7ec1b6276243062b63f1dd5c8fafa78b424620,43998335,1024,113.145637749568,66.7460446884748,47.59262348426478,60.31990709225694,0.14846911677800137,61.51572638052632,7616.515121819854,hilbert_rmi@countywide@split@w1024,7bd2071b3c6b,countywide,split,1024,cpp/spatial_core/build/water_distance_hilbert_w1024.exe,4,False,4,13,86,2026-07-29T22:53:45.813067+00:00,131072.0,4194400.0,5.0
hilbert_rmi,5,267362,8572,1072254,1063159,1189589,split,disk,rmi,2048,32,25.0,12.5,1189589,9516712,0.880772,12.796215,20893.834296,0.0,47.592623,1.606679,10.278319,6.397244,4.63039,7616.515122,65.419865,94.188789,1.0783234430702657,15.348476800001663,232321024,285179904,psapi:GetProcessMemoryInfo,008945d1a38aff3570c2eafaed7ec1b6276243062b63f1dd5c8fafa78b424620,43998335,2048,94.18878898272754,65.41986520148713,47.59262348426478,60.31990709225694,0.12161788137431646,61.51572638052632,7616.515121819854,hilbert_rmi@countywide@split@w2048,7bd2071b3c6b,countywide,split,2048,cpp/spatial_core/build/water_distance_hilbert_w2048.exe,4,False,4,14,87,2026-07-29T22:54:01.190625+00:00,131072.0,4194400.0,5.0
hilbert_binary,4,267362,8572,1072254,1063159,1189589,split,disk,binary,8,32,25.0,12.5,1189589,9516712,0.887384,9.793452,27300.076807,20.23764,47.592623,1.606679,10.278319,6.397244,4.63039,7616.515122,74.983988,167.972087,1.2995785295067468,12.35099750000154,232349696,285167616,psapi:GetProcessMemoryInfo,05c799b1fcef76bee01701d88ae4f2512d0e6b460aa63aa7f17143616ede12ee,45067783,8,167.97208653436167,74.98398800128665,47.59262348426478,60.31990709225694,0.6987978845161242,108.80716516728772,7616.515121819854,hilbert_binary@countywide@split@w8,7bd2071b3c6b,countywide,split,8,cpp/spatial_core/build/water_distance_hilbert_w8.exe,4,False,4,15,88,2026-07-29T22:54:13.571674+00:00,,,
hilbert_binary,4,267362,8572,1072254,1063159,1189589,split,disk,binary,16,32,25.0,12.5,1189589,9516712,0.889371,9.766943,27374.175135,20.23764,47.592623,1.606679,10.278319,6.397244,4.63039,7616.515122,73.973366,162.071065,1.2595458506267132,12.348333800000546,232402944,285179904,psapi:GetProcessMemoryInfo,05c799b1fcef76bee01701d88ae4f2512d0e6b460aa63aa7f17143616ede12ee,45067783,16,162.0710646987979,73.97336569894001,47.59262348426478,60.31990709225694,0.6075769929907765,108.80716516728772,7616.515121819854,hilbert_binary@countywide@split@w16,7bd2071b3c6b,countywide,split,16,cpp/spatial_core/build/water_distance_hilbert_w16.exe,4,False,4,16,89,2026-07-29T22:54:25.949906+00:00,,,
hilbert_binary,4,267362,8572,1072254,1063159,1189589,split,disk,binary,32,32,25.0,12.5,1189589,9516712,0.896681,9.932578,26917.685225,20.23764,47.592623,1.606679,10.278319,6.397244,4.63039,7616.515122,72.745742,153.844982,1.2149287631756989,12.52970170000117,232374272,285155328,psapi:GetProcessMemoryInfo,05c799b1fcef76bee01701d88ae4f2512d0e6b460aa63aa7f17143616ede12ee,45067783,32,153.84498171019067,72.74574172844308,47.59262348426478,60.31990709225694,0.4992631712808851,96.38698922438562,7616.515121819854,hilbert_binary@countywide@split@w32,7bd2071b3c6b,countywide,split,32,cpp/spatial_core/build/water_distance_hilbert_w32.exe,4,False,4,17,90,2026-07-29T22:54:38.509791+00:00,,,
hilbert_binary,4,267362,8572,1072254,1063159,1189589,split,disk,binary,128,32,25.0,12.5,1189589,9516712,0.895158,9.600915,27847.554983,20.23764,47.592623,1.606679,10.278319,6.397244,4.63039,7616.515122,69.511206,133.036864,1.1379628107584276,12.168887399999221,232390656,285237248,psapi:GetProcessMemoryInfo,05c799b1fcef76bee01701d88ae4f2512d0e6b460aa63aa7f17143616ede12ee,45067783,128,133.03686387743957,69.51120578092623,47.59262348426478,60.31990709225694,0.2851040910825024,32.23319399612495,7616.515121819854,hilbert_binary@countywide@split@w128,7bd2071b3c6b,countywide,split,128,cpp/spatial_core/build/water_distance_hilbert_w128.exe,5,False,5,0,91,2026-07-29T22:54:50.708612+00:00,,,
hilbert_binary,4,267362,8572,1072254,1063159,1189589,split,disk,binary,256,32,25.0,12.5,1189589,9516712,0.889146,9.820365,27225.261807,20.23764,47.592623,1.606679,10.278319,6.397244,4.63039,7616.515122,67.145582,98.352634,1.1085579986699086,12.381407300001229,232411136,285163520,psapi:GetProcessMemoryInfo,05c799b1fcef76bee01701d88ae4f2512d0e6b460aa63aa7f17143616ede12ee,45067783,256,98.35263425617701,67.14558164585843,47.59262348426478,60.31990709225694,0.23136047755477593,32.23319399612495,7616.515121819854,hilbert_binary@countywide@split@w256,7bd2071b3c6b,countywide,split,256,cpp/spatial_core/build/water_distance_hilbert_w256.exe,5,False,5,1,92,2026-07-29T22:55:03.119303+00:00,,,
hilbert_binary,4,267362,8572,1072254,1063159,1189589,split,disk,binary,512,32,25.0,12.5,1189589,9516712,0.892863,10.187437,26244.284738,20.23764,47.592623,1.606679,10.278319,6.397244,4.63039,7616.515122,65.929904,87.909441,1.0851163047527554,12.731454799999483,232374272,285167616,psapi:GetProcessMemoryInfo,05c799b1fcef76bee01701d88ae4f2512d0e6b460aa63aa7f17143616ede12ee,45067783,512,87.90944113224766,65.92990402525415,47.59262348426478,60.31990709225694,0.1713332485543944,32.23319399612495,7616.515121819854,hilbert_binary@countywide@split@w512,7bd2071b3c6b,countywide,split,512,cpp/spatial_core/build/water_distance_hilbert_w512.exe,5,False,5,2,93,2026-07-29T22:55:15.881505+00:00,,,
hilbert_binary,4,267362,8572,1072254,1063159,1189589,split,disk,binary,1024,32,25.0,12.5,1189589,9516712,0.883173,10.864295,24609.236714,20.23764,47.592623,1.606679,10.278319,6.397244,4.63039,7616.515122,65.363791,81.922005,1.0714848157425225,13.427072500000577,232419328,285179904,psapi:GetProcessMemoryInfo,05c799b1fcef76bee01701d88ae4f2512d0e6b460aa63aa7f17143616ede12ee,45067783,1024,81.92200462294566,65.3637914138883,47.59262348426478,60.31990709225694,0.1427053956807624,27.562416131538136,7616.515121819854,hilbert_binary@countywide@split@w1024,7bd2071b3c6b,countywide,split,1024,cpp/spatial_core/build/water_distance_hilbert_w1024.exe,5,False,5,3,94,2026-07-29T22:55:29.340089+00:00,,,
hilbert_binary,4,267362,8572,1072254,1063159,1189589,split,disk,binary,2048,32,25.0,12.5,1189589,9516712,0.895755,12.714072,21028.825218,20.23764,47.592623,1.606679,10.278319,6.397244,4.63039,7616.515122,64.662173,77.464161,1.0609392279398582,15.283685100001094,232308736,285184000,psapi:GetProcessMemoryInfo,05c799b1fcef76bee01701d88ae4f2512d0e6b460aa63aa7f17143616ede12ee,45067783,2048,77.46416095032204,64.66217338290407,47.59262348426478,60.31990709225694,0.11835264547691893,23.4322724546416,7616.515121819854,hilbert_binary@countywide@split@w2048,7bd2071b3c6b,countywide,split,2048,cpp/spatial_core/build/water_distance_hilbert_w2048.exe,5,False,5,4,95,2026-07-29T22:55:44.655332+00:00,,,
hilbert_rmi,5,267362,8572,1072254,1063159,1189589,split,disk,rmi,8,32,25.0,12.5,1189589,9516712,0.892371,12.045166,22196.622464,0.0,47.592623,1.606679,10.278319,6.397244,4.63039,7616.515122,97.81237,523.042818,2.3084423545694475,14.597314799999367,232353792,285163520,psapi:GetProcessMemoryInfo,008945d1a38aff3570c2eafaed7ec1b6276243062b63f1dd5c8fafa78b424620,43998335,8,523.0428183511493,97.81237049393705,47.59262348426478,60.31990709225694,0.7914662517485657,8877.224333006976,7616.515121819854,hilbert_rmi@countywide@split@w8,7bd2071b3c6b,countywide,split,8,cpp/spatial_core/build/water_distance_hilbert_w8.exe,5,False,5,5,96,2026-07-29T22:55:59.281670+00:00,131072.0,4194400.0,5.0
hilbert_rmi,5,267362,8572,1072254,1063159,1189589,split,disk,rmi,16,32,25.0,12.5,1189589,9516712,0.883092,11.940336,22391.497941,0.0,47.592623,1.606679,10.278319,6.397244,4.63039,7616.515122,93.958554,481.209914,1.9849233826174602,14.49692370000048,232390656,285171712,psapi:GetProcessMemoryInfo,008945d1a38aff3570c2eafaed7ec1b6276243062b63f1dd5c8fafa78b424620,43998335,16,481.20991389950706,93.95855431961161,47.59262348426478,60.31990709225694,0.6895706944143146,2023.760005018199,7616.515121819854,hilbert_rmi@countywide@split@w16,7bd2071b3c6b,countywide,split,16,cpp/spatial_core/build/water_distance_hilbert_w16.exe,5,False,5,6,97,2026-07-29T22:56:13.808816+00:00,131072.0,4194400.0,5.0
hilbert_rmi,5,267362,8572,1072254,1063159,1189589,split,disk,rmi,32,32,25.0,12.5,1189589,9516712,0.891538,11.444818,23360.965839,0.0,47.592623,1.606679,10.278319,6.397244,4.63039,7616.515122,89.14373,425.239118,1.7367465528732917,14.017568899998878,232378368,285163520,psapi:GetProcessMemoryInfo,008945d1a38aff3570c2eafaed7ec1b6276243062b63f1dd5c8fafa78b424620,43998335,32,425.23911775046565,89.14373022344238,47.59262348426478,60.31990709225694,0.5767498747017152,622.0004652544069,7616.515121819854,hilbert_rmi@countywide@split@w32,7bd2071b3c6b,countywide,split,32,cpp/spatial_core/build/water_distance_hilbert_w32.exe,5,False,5,7,98,2026-07-29T22:56:27.857162+00:00,131072.0,4194400.0,5.0
hilbert_rmi,5,267362,8572,1072254,1063159,1189589,split,disk,rmi,64,32,25.0,12.5,1189589,9516712,0.891228,11.004442,24295.825488,0.0,47.592623,1.606679,10.278319,6.397244,4.63039,7616.515122,83.16842,352.515432,1.5388433412534919,13.559958600000755,232423424,285163520,psapi:GetProcessMemoryInfo,008945d1a38aff3570c2eafaed7ec1b6276243062b63f1dd5c8fafa78b424620,43998335,64,352.51543226038103,83.16841959590369,47.59262348426478,60.31990709225694,0.4600915612540301,517.3435071130551,7616.515121819854,hilbert_rmi@countywide@split@w64,7bd2071b3c6b,countywide,split,64,cpp/spatial_core/build/water_distance_hilbert_w64.exe,5,False,5,8,99,2026-07-29T22:56:41.446279+00:00,131072.0,4194400.0,5.0
hilbert_rmi,5,267362,8572,1072254,1063159,1189589,split,disk,rmi,128,32,25.0,12.5,1189589,9516712,0.883154,10.494085,25477.399888,0.0,47.592623,1.606679,10.278319,6.397244,4.63039,7616.515122,77.994345,285.395722,1.3716233479402213,13.047615100000257,232427520,285159424,psapi:GetProcessMemoryInfo,008945d1a38aff3570c2eafaed7ec1b6276243062b63f1dd5c8fafa78b424620,43998335,128,285.39572190513235,77.99434474607462,47.59262348426478,60.31990709225694,0.34191096715314817,101.4538809445732,7616.515121819854,hilbert_rmi@countywide@split@w128,7bd2071b3c6b,countywide,split,128,cpp/spatial_core/build/water_distance_hilbert_w128.exe,5,False,5,9,100,2026-07-29T22:56:54.522526+00:00,131072.0,4194400.0,5.0
hilbert_rmi,5,267362,8572,1072254,1063159,1189589,split,disk,rmi,256,32,25.0,12.5,1189589,9516712,0.900978,9.982714,26782.495955,0.0,47.592623,1.606679,10.278319,6.397244,4.63039,7616.515122,72.356827,196.291163,1.2434167205239846,12.612287999998443,232329216,285163520,psapi:GetProcessMemoryInfo,008945d1a38aff3570c2eafaed7ec1b6276243062b63f1dd5c8fafa78b424620,43998335,256,196.29116329171686,72.3568270734061,47.59262348426478,60.31990709225694,0.263193722368923,101.38558794252857,7616.515121819854,hilbert_rmi@countywide@split@w256,7bd2071b3c6b,countywide,split,256,cpp/spatial_core/build/water_distance_hilbert_w256.exe,5,False,5,10,101,2026-07-29T22:57:07.164454+00:00,131072.0,4194400.0,5.0
hilbert_rmi,5,267362,8572,1072254,1063159,1189589,split,disk,rmi,512,32,25.0,12.5,1189589,9516712,0.907397,10.454946,25572.776506,0.0,47.592623,1.606679,10.278319,6.397244,4.63039,7616.515122,68.800836,150.062529,1.1591483187648373,13.045937099999719,232394752,285179904,psapi:GetProcessMemoryInfo,008945d1a38aff3570c2eafaed7ec1b6276243062b63f1dd5c8fafa78b424620,43998335,512,150.0625294544475,68.80083557124797,47.59262348426478,60.31990709225694,0.18595761551753803,61.51572638052632,7616.515121819854,hilbert_rmi@countywide@split@w512,7bd2071b3c6b,countywide,split,512,cpp/spatial_core/build/water_distance_hilbert_w512.exe,5,False,5,11,102,2026-07-29T22:57:20.240245+00:00,131072.0,4194400.0,5.0
hilbert_rmi,5,267362,8572,1072254,1063159,1189589,split,disk,rmi,1024,32,25.0,12.5,1189589,9516712,0.892948,10.923076,24476.804213,0.0,47.592623,1.606679,10.278319,6.397244,4.63039,7616.515122,66.746045,113.145638,1.1064928565938394,13.481831400000374,232468480,285167616,psapi:GetProcessMemoryInfo,008945d1a38aff3570c2eafaed7ec1b6276243062b63f1dd5c8fafa78b424620,43998335,1024,113.145637749568,66.7460446884748,47.59262348426478,60.31990709225694,0.14846911677800137,61.51572638052632,7616.515121819854,hilbert_rmi@countywide@split@w1024,7bd2071b3c6b,countywide,split,1024,cpp/spatial_core/build/water_distance_hilbert_w1024.exe,5,False,5,12,103,2026-07-29T22:57:33.750621+00:00,131072.0,4194400.0,5.0
hilbert_rmi,5,267362,8572,1072254,1063159,1189589,split,disk,rmi,2048,32,25.0,12.5,1189589,9516712,0.897853,12.970576,20612.963391,0.0,47.592623,1.606679,10.278319,6.397244,4.63039,7616.515122,65.419865,94.188789,1.0783234430702657,15.599548900001537,232374272,285179904,psapi:GetProcessMemoryInfo,008945d1a38aff3570c2eafaed7ec1b6276243062b63f1dd5c8fafa78b424620,43998335,2048,94.18878898272754,65.41986520148713,47.59262348426478,60.31990709225694,0.12161788137431646,61.51572638052632,7616.515121819854,hilbert_rmi@countywide@split@w2048,7bd2071b3c6b,countywide,split,2048,cpp/spatial_core/build/water_distance_hilbert_w2048.exe,5,False,5,13,104,2026-07-29T22:57:49.381724+00:00,131072.0,4194400.0,5.0
hilbert_binary,4,267362,8572,1072254,1063159,1189589,split,disk,binary,8,32,25.0,12.5,1189589,9516712,0.912446,10.129555,26394.248521,20.23764,47.592623,1.606679,10.278319,6.397244,4.63039,7616.515122,74.983988,167.972087,1.2995785295067468,12.732361899999887,232378368,285171712,psapi:GetProcessMemoryInfo,05c799b1fcef76bee01701d88ae4f2512d0e6b460aa63aa7f17143616ede12ee,45067783,8,167.97208653436167,74.98398800128665,47.59262348426478,60.31990709225694,0.6987978845161242,108.80716516728772,7616.515121819854,hilbert_binary@countywide@split@w8,7bd2071b3c6b,countywide,split,8,cpp/spatial_core/build/water_distance_hilbert_w8.exe,5,False,5,14,105,2026-07-29T22:58:02.143598+00:00,,,
hilbert_binary,4,267362,8572,1072254,1063159,1189589,split,disk,binary,16,32,25.0,12.5,1189589,9516712,0.899318,9.864759,27102.740168,20.23764,47.592623,1.606679,10.278319,6.397244,4.63039,7616.515122,73.973366,162.071065,1.2595458506267132,12.467387900000176,232259584,285175808,psapi:GetProcessMemoryInfo,05c799b1fcef76bee01701d88ae4f2512d0e6b460aa63aa7f17143616ede12ee,45067783,16,162.0710646987979,73.97336569894001,47.59262348426478,60.31990709225694,0.6075769929907765,108.80716516728772,7616.515121819854,hilbert_binary@countywide@split@w16,7bd2071b3c6b,countywide,split,16,cpp/spatial_core/build/water_distance_hilbert_w16.exe,5,False,5,15,106,2026-07-29T22:58:14.640011+00:00,,,
hilbert_binary,4,267362,8572,1072254,1063159,1189589,split,disk,binary,32,32,25.0,12.5,1189589,9516712,0.895399,9.780303,27336.781434,20.23764,47.592623,1.606679,10.278319,6.397244,4.63039,7616.515122,72.745742,153.844982,1.2149287631756989,12.358796900000016,232321024,285175808,psapi:GetProcessMemoryInfo,05c799b1fcef76bee01701d88ae4f2512d0e6b460aa63aa7f17143616ede12ee,45067783,32,153.84498171019067,72.74574172844308,47.59262348426478,60.31990709225694,0.4992631712808851,96.38698922438562,7616.515121819854,hilbert_binary@countywide@split@w32,7bd2071b3c6b,countywide,split,32,cpp/spatial_core/build/water_distance_hilbert_w32.exe,5,False,5,16,107,2026-07-29T22:58:27.030254+00:00,,,
hilbert_binary,4,267362,8572,1072254,1063159,1189589,split,disk,binary,64,32,25.0,12.5,1189589,9516712,0.899301,9.570088,27937.256167,20.23764,47.592623,1.606679,10.278319,6.397244,4.63039,7616.515122,70.913503,141.174168,1.1716919272505513,12.142702400000417,232263680,285167616,psapi:GetProcessMemoryInfo,05c799b1fcef76bee01701d88ae4f2512d0e6b460aa63aa7f17143616ede12ee,45067783,64,141.1741683560117,70.91350304082106,47.59262348426478,60.31990709225694,0.38615061227848385,32.23319399612495,7616.515121819854,hilbert_binary@countywide@split@w64,7bd2071b3c6b,countywide,split,64,cpp/spatial_core/build/water_distance_hilbert_w64.exe,5,False,5,17,108,2026-07-29T22:58:39.204621+00:00,,,
hilbert_binary,4,267362,8572,1072254,1063159,1189589,split,disk,binary,256,32,25.0,12.5,1189589,9516712,0.889184,9.519836,28084.728395,20.23764,47.592623,1.606679,10.278319,6.397244,4.63039,7616.515122,67.145582,98.352634,1.1085579986699086,12.075744499999928,232439808,285163520,psapi:GetProcessMemoryInfo,05c799b1fcef76bee01701d88ae4f2512d0e6b460aa63aa7f17143616ede12ee,45067783,256,98.35263425617701,67.14558164585843,47.59262348426478,60.31990709225694,0.23136047755477593,32.23319399612495,7616.515121819854,hilbert_binary@countywide@split@w256,7bd2071b3c6b,countywide,split,256,cpp/spatial_core/build/water_distance_hilbert_w256.exe,6,False,6,0,109,2026-07-29T22:58:51.310952+00:00,,,
hilbert_binary,4,267362,8572,1072254,1063159,1189589,split,disk,binary,512,32,25.0,12.5,1189589,9516712,0.885658,10.117247,26426.357825,20.23764,47.592623,1.606679,10.278319,6.397244,4.63039,7616.515122,65.929904,87.909441,1.0851163047527554,12.653447900000174,232374272,285151232,psapi:GetProcessMemoryInfo,05c799b1fcef76bee01701d88ae4f2512d0e6b460aa63aa7f17143616ede12ee,45067783,512,87.90944113224766,65.92990402525415,47.59262348426478,60.31990709225694,0.1713332485543944,32.23319399612495,7616.515121819854,hilbert_binary@countywide@split@w512,7bd2071b3c6b,countywide,split,512,cpp/spatial_core/build/water_distance_hilbert_w512.exe,6,False,6,1,110,2026-07-29T22:59:03.993541+00:00,,,
hilbert_binary,4,267362,8572,1072254,1063159,1189589,split,disk,binary,1024,32,25.0,12.5,1189589,9516712,0.897143,11.115142,24053.853743,20.23764,47.592623,1.606679,10.278319,6.397244,4.63039,7616.515122,65.363791,81.922005,1.0714848157425225,13.677693399999043,232386560,285171712,psapi:GetProcessMemoryInfo,05c799b1fcef76bee01701d88ae4f2512d0e6b460aa63aa7f17143616ede12ee,45067783,1024,81.92200462294566,65.3637914138883,47.59262348426478,60.31990709225694,0.1427053956807624,27.562416131538136,7616.515121819854,hilbert_binary@countywide@split@w1024,7bd2071b3c6b,countywide,split,1024,cpp/spatial_core/build/water_distance_hilbert_w1024.exe,6,False,6,2,111,2026-07-29T22:59:17.700531+00:00,,,
hilbert_binary,4,267362,8572,1072254,1063159,1189589,split,disk,binary,2048,32,25.0,12.5,1189589,9516712,0.886585,12.950638,20644.697036,20.23764,47.592623,1.606679,10.278319,6.397244,4.63039,7616.515122,64.662173,77.464161,1.0609392279398582,15.507349600000452,232361984,285167616,psapi:GetProcessMemoryInfo,05c799b1fcef76bee01701d88ae4f2512d0e6b460aa63aa7f17143616ede12ee,45067783,2048,77.46416095032204,64.66217338290407,47.59262348426478,60.31990709225694,0.11835264547691893,23.4322724546416,7616.515121819854,hilbert_binary@countywide@split@w2048,7bd2071b3c6b,countywide,split,2048,cpp/spatial_core/build/water_distance_hilbert_w2048.exe,6,False,6,3,112,2026-07-29T22:59:33.237480+00:00,,,
hilbert_rmi,5,267362,8572,1072254,1063159,1189589,split,disk,rmi,8,32,25.0,12.5,1189589,9516712,0.894568,11.863462,22536.591764,0.0,47.592623,1.606679,10.278319,6.397244,4.63039,7616.515122,97.81237,523.042818,2.3084423545694475,14.413782800000263,232259584,285175808,psapi:GetProcessMemoryInfo,008945d1a38aff3570c2eafaed7ec1b6276243062b63f1dd5c8fafa78b424620,43998335,8,523.0428183511493,97.81237049393705,47.59262348426478,60.31990709225694,0.7914662517485657,8877.224333006976,7616.515121819854,hilbert_rmi@countywide@split@w8,7bd2071b3c6b,countywide,split,8,cpp/spatial_core/build/water_distance_hilbert_w8.exe,6,False,6,4,113,2026-07-29T22:59:47.680088+00:00,131072.0,4194400.0,5.0
hilbert_rmi,5,267362,8572,1072254,1063159,1189589,split,disk,rmi,16,32,25.0,12.5,1189589,9516712,0.886354,11.571194,23105.826018,0.0,47.592623,1.606679,10.278319,6.397244,4.63039,7616.515122,93.958554,481.209914,1.9849233826174602,14.162830799999938,232435712,285167616,psapi:GetProcessMemoryInfo,008945d1a38aff3570c2eafaed7ec1b6276243062b63f1dd5c8fafa78b424620,43998335,16,481.20991389950706,93.95855431961161,47.59262348426478,60.31990709225694,0.6895706944143146,2023.760005018199,7616.515121819854,hilbert_rmi@countywide@split@w16,7bd2071b3c6b,countywide,split,16,cpp/spatial_core/build/water_distance_hilbert_w16.exe,6,False,6,5,114,2026-07-29T23:00:01.872351+00:00,131072.0,4194400.0,5.0
hilbert_rmi,5,267362,8572,1072254,1063159,1189589,split,disk,rmi,32,32,25.0,12.5,1189589,9516712,0.895633,11.465543,23318.737979,0.0,47.592623,1.606679,10.278319,6.397244,4.63039,7616.515122,89.14373,425.239118,1.7367465528732917,14.0284098000011,232321024,285167616,psapi:GetProcessMemoryInfo,008945d1a38aff3570c2eafaed7ec1b6276243062b63f1dd5c8fafa78b424620,43998335,32,425.23911775046565,89.14373022344238,47.59262348426478,60.31990709225694,0.5767498747017152,622.0004652544069,7616.515121819854,hilbert_rmi@countywide@split@w32,7bd2071b3c6b,countywide,split,32,cpp/spatial_core/build/water_distance_hilbert_w32.exe,6,False,6,6,115,2026-07-29T23:00:15.929530+00:00,131072.0,4194400.0,5.0
hilbert_rmi,5,267362,8572,1072254,1063159,1189589,split,disk,rmi,64,32,25.0,12.5,1189589,9516712,0.893784,11.097739,24091.573751,0.0,47.592623,1.606679,10.278319,6.397244,4.63039,7616.515122,83.16842,352.515432,1.5388433412534919,13.648525900000095,232390656,285171712,psapi:GetProcessMemoryInfo,008945d1a38aff3570c2eafaed7ec1b6276243062b63f1dd5c8fafa78b424620,43998335,64,352.51543226038103,83.16841959590369,47.59262348426478,60.31990709225694,0.4600915612540301,517.3435071130551,7616.515121819854,hilbert_rmi@countywide@split@w64,7bd2071b3c6b,countywide,split,64,cpp/spatial_core/build/water_distance_hilbert_w64.exe,6,False,6,7,116,2026-07-29T23:00:29.607738+00:00,131072.0,4194400.0,5.0
hilbert_rmi,5,267362,8572,1072254,1063159,1189589,split,disk,rmi,128,32,25.0,12.5,1189589,9516712,0.900754,10.28948,25984.015499,0.0,47.592623,1.606679,10.278319,6.397244,4.63039,7616.515122,77.994345,285.395722,1.3716233479402213,12.851149100000839,232308736,285171712,psapi:GetProcessMemoryInfo,008945d1a38aff3570c2eafaed7ec1b6276243062b63f1dd5c8fafa78b424620,43998335,128,285.39572190513235,77.99434474607462,47.59262348426478,60.31990709225694,0.34191096715314817,101.4538809445732,7616.515121819854,hilbert_rmi@countywide@split@w128,7bd2071b3c6b,countywide,split,128,cpp/spatial_core/build/water_distance_hilbert_w128.exe,6,False,6,8,117,2026-07-29T23:00:42.489227+00:00,131072.0,4194400.0,5.0
hilbert_rmi,5,267362,8572,1072254,1063159,1189589,split,disk,rmi,256,32,25.0,12.5,1189589,9516712,0.881819,10.039351,26631.402236,0.0,47.592623,1.606679,10.278319,6.397244,4.63039,7616.515122,72.356827,196.291163,1.2434167205239846,12.617830600000161,232296448,285163520,psapi:GetProcessMemoryInfo,008945d1a38aff3570c2eafaed7ec1b6276243062b63f1dd5c8fafa78b424620,43998335,256,196.29116329171686,72.3568270734061,47.59262348426478,60.31990709225694,0.263193722368923,101.38558794252857,7616.515121819854,hilbert_rmi@countywide@split@w256,7bd2071b3c6b,countywide,split,256,cpp/spatial_core/build/water_distance_hilbert_w256.exe,6,False,6,9,118,2026-07-29T23:00:55.137008+00:00,131072.0,4194400.0,5.0
hilbert_rmi,5,267362,8572,1072254,1063159,1189589,split,disk,rmi,512,32,25.0,12.5,1189589,9516712,0.884723,10.184901,26250.819976,0.0,47.592623,1.606679,10.278319,6.397244,4.63039,7616.515122,68.800836,150.062529,1.1591483187648373,12.770534499999485,232341504,285175808,psapi:GetProcessMemoryInfo,008945d1a38aff3570c2eafaed7ec1b6276243062b63f1dd5c8fafa78b424620,43998335,512,150.0625294544475,68.80083557124797,47.59262348426478,60.31990709225694,0.18595761551753803,61.51572638052632,7616.515121819854,hilbert_rmi@countywide@split@w512,7bd2071b3c6b,countywide,split,512,cpp/spatial_core/build/water_distance_hilbert_w512.exe,6,False,6,10,119,2026-07-29T23:01:07.938505+00:00,131072.0,4194400.0,5.0
hilbert_rmi,5,267362,8572,1072254,1063159,1189589,split,disk,rmi,1024,32,25.0,12.5,1189589,9516712,0.885095,11.028295,24243.276485,0.0,47.592623,1.606679,10.278319,6.397244,4.63039,7616.515122,66.746045,113.145638,1.1064928565938394,13.59366240000054,232386560,285175808,psapi:GetProcessMemoryInfo,008945d1a38aff3570c2eafaed7ec1b6276243062b63f1dd5c8fafa78b424620,43998335,1024,113.145637749568,66.7460446884748,47.59262348426478,60.31990709225694,0.14846911677800137,61.51572638052632,7616.515121819854,hilbert_rmi@countywide@split@w1024,7bd2071b3c6b,countywide,split,1024,cpp/spatial_core/build/water_distance_hilbert_w1024.exe,6,False,6,11,120,2026-07-29T23:01:21.561830+00:00,131072.0,4194400.0,5.0
hilbert_rmi,5,267362,8572,1072254,1063159,1189589,split,disk,rmi,2048,32,25.0,12.5,1189589,9516712,0.894696,13.10013,20409.109977,0.0,47.592623,1.606679,10.278319,6.397244,4.63039,7616.515122,65.419865,94.188789,1.0783234430702657,15.694218999999066,232349696,285175808,psapi:GetProcessMemoryInfo,008945d1a38aff3570c2eafaed7ec1b6276243062b63f1dd5c8fafa78b424620,43998335,2048,94.18878898272754,65.41986520148713,47.59262348426478,60.31990709225694,0.12161788137431646,61.51572638052632,7616.515121819854,hilbert_rmi@countywide@split@w2048,7bd2071b3c6b,countywide,split,2048,cpp/spatial_core/build/water_distance_hilbert_w2048.exe,6,False,6,12,121,2026-07-29T23:01:37.285880+00:00,131072.0,4194400.0,5.0
hilbert_binary,4,267362,8572,1072254,1063159,1189589,split,disk,binary,8,32,25.0,12.5,1189589,9516712,0.939851,10.054084,26592.376726,20.23764,47.592623,1.606679,10.278319,6.397244,4.63039,7616.515122,74.983988,167.972087,1.2995785295067468,12.742038399999728,232415232,285175808,psapi:GetProcessMemoryInfo,05c799b1fcef76bee01701d88ae4f2512d0e6b460aa63aa7f17143616ede12ee,45067783,8,167.97208653436167,74.98398800128665,47.59262348426478,60.31990709225694,0.6987978845161242,108.80716516728772,7616.515121819854,hilbert_binary@countywide@split@w8,7bd2071b3c6b,countywide,split,8,cpp/spatial_core/build/water_distance_hilbert_w8.exe,6,False,6,13,122,2026-07-29T23:01:50.060141+00:00,,,
hilbert_binary,4,267362,8572,1072254,1063159,1189589,split,disk,binary,16,32,25.0,12.5,1189589,9516712,0.940248,10.195029,26224.741489,20.23764,47.592623,1.606679,10.278319,6.397244,4.63039,7616.515122,73.973366,162.071065,1.2595458506267132,12.84870679999949,232402944,285179904,psapi:GetProcessMemoryInfo,05c799b1fcef76bee01701d88ae4f2512d0e6b460aa63aa7f17143616ede12ee,45067783,16,162.0710646987979,73.97336569894001,47.59262348426478,60.31990709225694,0.6075769929907765,108.80716516728772,7616.515121819854,hilbert_binary@countywide@split@w16,7bd2071b3c6b,countywide,split,16,cpp/spatial_core/build/water_distance_hilbert_w16.exe,6,False,6,14,123,2026-07-29T23:02:02.940664+00:00,,,
hilbert_binary,4,267362,8572,1072254,1063159,1189589,split,disk,binary,32,32,25.0,12.5,1189589,9516712,0.902986,10.228479,26138.979983,20.23764,47.592623,1.606679,10.278319,6.397244,4.63039,7616.515122,72.745742,153.844982,1.2149287631756989,12.828044300000329,232423424,285155328,psapi:GetProcessMemoryInfo,05c799b1fcef76bee01701d88ae4f2512d0e6b460aa63aa7f17143616ede12ee,45067783,32,153.84498171019067,72.74574172844308,47.59262348426478,60.31990709225694,0.4992631712808851,96.38698922438562,7616.515121819854,hilbert_binary@countywide@split@w32,7bd2071b3c6b,countywide,split,32,cpp/spatial_core/build/water_distance_hilbert_w32.exe,6,False,6,15,124,2026-07-29T23:02:15.798347+00:00,,,
hilbert_binary,4,267362,8572,1072254,1063159,1189589,split,disk,binary,64,32,25.0,12.5,1189589,9516712,0.903313,10.005171,26722.380788,20.23764,47.592623,1.606679,10.278319,6.397244,4.63039,7616.515122,70.913503,141.174168,1.1716919272505513,12.580490300000747,232341504,285175808,psapi:GetProcessMemoryInfo,05c799b1fcef76bee01701d88ae4f2512d0e6b460aa63aa7f17143616ede12ee,45067783,64,141.1741683560117,70.91350304082106,47.59262348426478,60.31990709225694,0.38615061227848385,32.23319399612495,7616.515121819854,hilbert_binary@countywide@split@w64,7bd2071b3c6b,countywide,split,64,cpp/spatial_core/build/water_distance_hilbert_w64.exe,6,False,6,16,125,2026-07-29T23:02:28.409126+00:00,,,
hilbert_binary,4,267362,8572,1072254,1063159,1189589,split,disk,binary,128,32,25.0,12.5,1189589,9516712,0.895023,9.83644,27180.767547,20.23764,47.592623,1.606679,10.278319,6.397244,4.63039,7616.515122,69.511206,133.036864,1.1379628107584276,12.422225599999365,232443904,285167616,psapi:GetProcessMemoryInfo,05c799b1fcef76bee01701d88ae4f2512d0e6b460aa63aa7f17143616ede12ee,45067783,128,133.03686387743957,69.51120578092623,47.59262348426478,60.31990709225694,0.2851040910825024,32.23319399612495,7616.515121819854,hilbert_binary@countywide@split@w128,7bd2071b3c6b,countywide,split,128,cpp/spatial_core/build/water_distance_hilbert_w128.exe,6,False,6,17,126,2026-07-29T23:02:40.862449+00:00,,,
hilbert_binary,4,267362,8572,1072254,1063159,1189589,split,disk,binary,512,32,25.0,12.5,1189589,9516712,0.919,10.210575,26184.812268,20.23764,47.592623,1.606679,10.278319,6.397244,4.63039,7616.515122,65.929904,87.909441,1.0851163047527554,12.899128400000336,232300544,285159424,psapi:GetProcessMemoryInfo,05c799b1fcef76bee01701d88ae4f2512d0e6b460aa63aa7f17143616ede12ee,45067783,512,87.90944113224766,65.92990402525415,47.59262348426478,60.31990709225694,0.1713332485543944,32.23319399612495,7616.515121819854,hilbert_binary@countywide@split@w512,7bd2071b3c6b,countywide,split,512,cpp/spatial_core/build/water_distance_hilbert_w512.exe,7,False,7,0,127,2026-07-29T23:02:53.792143+00:00,,,
hilbert_binary,4,267362,8572,1072254,1063159,1189589,split,disk,binary,1024,32,25.0,12.5,1189589,9516712,0.938217,11.194391,23883.567692,20.23764,47.592623,1.606679,10.278319,6.397244,4.63039,7616.515122,65.363791,81.922005,1.0714848157425225,13.8498512999995,232357888,285171712,psapi:GetProcessMemoryInfo,05c799b1fcef76bee01701d88ae4f2512d0e6b460aa63aa7f17143616ede12ee,45067783,1024,81.92200462294566,65.3637914138883,47.59262348426478,60.31990709225694,0.1427053956807624,27.562416131538136,7616.515121819854,hilbert_binary@countywide@split@w1024,7bd2071b3c6b,countywide,split,1024,cpp/spatial_core/build/water_distance_hilbert_w1024.exe,7,False,7,1,128,2026-07-29T23:03:07.674458+00:00,,,
hilbert_binary,4,267362,8572,1072254,1063159,1189589,split,disk,binary,2048,32,25.0,12.5,1189589,9516712,0.915249,13.198571,20256.889931,20.23764,47.592623,1.606679,10.278319,6.397244,4.63039,7616.515122,64.662173,77.464161,1.0609392279398582,15.84069449999879,232431616,285171712,psapi:GetProcessMemoryInfo,05c799b1fcef76bee01701d88ae4f2512d0e6b460aa63aa7f17143616ede12ee,45067783,2048,77.46416095032204,64.66217338290407,47.59262348426478,60.31990709225694,0.11835264547691893,23.4322724546416,7616.515121819854,hilbert_binary@countywide@split@w2048,7bd2071b3c6b,countywide,split,2048,cpp/spatial_core/build/water_distance_hilbert_w2048.exe,7,False,7,2,129,2026-07-29T23:03:23.546016+00:00,,,
hilbert_rmi,5,267362,8572,1072254,1063159,1189589,split,disk,rmi,8,32,25.0,12.5,1189589,9516712,0.91934,12.349521,21649.585504,0.0,47.592623,1.606679,10.278319,6.397244,4.63039,7616.515122,97.81237,523.042818,2.3084423545694475,14.98728200000005,232448000,285171712,psapi:GetProcessMemoryInfo,008945d1a38aff3570c2eafaed7ec1b6276243062b63f1dd5c8fafa78b424620,43998335,8,523.0428183511493,97.81237049393705,47.59262348426478,60.31990709225694,0.7914662517485657,8877.224333006976,7616.515121819854,hilbert_rmi@countywide@split@w8,7bd2071b3c6b,countywide,split,8,cpp/spatial_core/build/water_distance_hilbert_w8.exe,7,False,7,3,130,2026-07-29T23:03:38.563276+00:00,131072.0,4194400.0,5.0
hilbert_rmi,5,267362,8572,1072254,1063159,1189589,split,disk,rmi,16,32,25.0,12.5,1189589,9516712,0.909679,11.877038,22510.831215,0.0,47.592623,1.606679,10.278319,6.397244,4.63039,7616.515122,93.958554,481.209914,1.9849233826174602,14.529612700000143,232308736,285163520,psapi:GetProcessMemoryInfo,008945d1a38aff3570c2eafaed7ec1b6276243062b63f1dd5c8fafa78b424620,43998335,16,481.20991389950706,93.95855431961161,47.59262348426478,60.31990709225694,0.6895706944143146,2023.760005018199,7616.515121819854,hilbert_rmi@countywide@split@w16,7bd2071b3c6b,countywide,split,16,cpp/spatial_core/build/water_distance_hilbert_w16.exe,7,False,7,4,131,2026-07-29T23:03:53.123809+00:00,131072.0,4194400.0,5.0
hilbert_rmi,5,267362,8572,1072254,1063159,1189589,split,disk,rmi,32,32,25.0,12.5,1189589,9516712,0.920422,11.841294,22578.782734,0.0,47.592623,1.606679,10.278319,6.397244,4.63039,7616.515122,89.14373,425.239118,1.7367465528732917,14.470044000001508,232378368,285159424,psapi:GetProcessMemoryInfo,008945d1a38aff3570c2eafaed7ec1b6276243062b63f1dd5c8fafa78b424620,43998335,32,425.23911775046565,89.14373022344238,47.59262348426478,60.31990709225694,0.5767498747017152,622.0004652544069,7616.515121819854,hilbert_rmi@countywide@split@w32,7bd2071b3c6b,countywide,split,32,cpp/spatial_core/build/water_distance_hilbert_w32.exe,7,False,7,5,132,2026-07-29T23:04:07.625728+00:00,131072.0,4194400.0,5.0
hilbert_rmi,5,267362,8572,1072254,1063159,1189589,split,disk,rmi,64,32,25.0,12.5,1189589,9516712,0.926044,11.167755,23940.532577,0.0,47.592623,1.606679,10.278319,6.397244,4.63039,7616.515122,83.16842,352.515432,1.5388433412534919,13.831700100001399,232366080,285167616,psapi:GetProcessMemoryInfo,008945d1a38aff3570c2eafaed7ec1b6276243062b63f1dd5c8fafa78b424620,43998335,64,352.51543226038103,83.16841959590369,47.59262348426478,60.31990709225694,0.4600915612540301,517.3435071130551,7616.515121819854,hilbert_rmi@countywide@split@w64,7bd2071b3c6b,countywide,split,64,cpp/spatial_core/build/water_distance_hilbert_w64.exe,7,False,7,6,133,2026-07-29T23:04:21.488126+00:00,131072.0,4194400.0,5.0
hilbert_rmi,5,267362,8572,1072254,1063159,1189589,split,disk,rmi,128,32,25.0,12.5,1189589,9516712,0.93027,10.473304,25527.95061,0.0,47.592623,1.606679,10.278319,6.397244,4.63039,7616.515122,77.994345,285.395722,1.3716233479402213,13.137393499999234,232353792,285163520,psapi:GetProcessMemoryInfo,008945d1a38aff3570c2eafaed7ec1b6276243062b63f1dd5c8fafa78b424620,43998335,128,285.39572190513235,77.99434474607462,47.59262348426478,60.31990709225694,0.34191096715314817,101.4538809445732,7616.515121819854,hilbert_rmi@countywide@split@w128,7bd2071b3c6b,countywide,split,128,cpp/spatial_core/build/water_distance_hilbert_w128.exe,7,False,7,7,134,2026-07-29T23:04:34.658179+00:00,131072.0,4194400.0,5.0
hilbert_rmi,5,267362,8572,1072254,1063159,1189589,split,disk,rmi,256,32,25.0,12.5,1189589,9516712,0.910473,10.565659,25304.810134,0.0,47.592623,1.606679,10.278319,6.397244,4.63039,7616.515122,72.356827,196.291163,1.2434167205239846,13.218427699999665,232325120,285179904,psapi:GetProcessMemoryInfo,008945d1a38aff3570c2eafaed7ec1b6276243062b63f1dd5c8fafa78b424620,43998335,256,196.29116329171686,72.3568270734061,47.59262348426478,60.31990709225694,0.263193722368923,101.38558794252857,7616.515121819854,hilbert_rmi@countywide@split@w256,7bd2071b3c6b,countywide,split,256,cpp/spatial_core/build/water_distance_hilbert_w256.exe,7,False,7,8,135,2026-07-29T23:04:47.907912+00:00,131072.0,4194400.0,5.0
hilbert_rmi,5,267362,8572,1072254,1063159,1189589,split,disk,rmi,512,32,25.0,12.5,1189589,9516712,0.891695,10.487506,25493.381344,0.0,47.592623,1.606679,10.278319,6.397244,4.63039,7616.515122,68.800836,150.062529,1.1591483187648373,13.083248000000822,232361984,285163520,psapi:GetProcessMemoryInfo,008945d1a38aff3570c2eafaed7ec1b6276243062b63f1dd5c8fafa78b424620,43998335,512,150.0625294544475,68.80083557124797,47.59262348426478,60.31990709225694,0.18595761551753803,61.51572638052632,7616.515121819854,hilbert_rmi@countywide@split@w512,7bd2071b3c6b,countywide,split,512,cpp/spatial_core/build/water_distance_hilbert_w512.exe,7,False,7,9,136,2026-07-29T23:05:01.020872+00:00,131072.0,4194400.0,5.0
hilbert_rmi,5,267362,8572,1072254,1063159,1189589,split,disk,rmi,1024,32,25.0,12.5,1189589,9516712,0.892687,11.141402,23997.16007,0.0,47.592623,1.606679,10.278319,6.397244,4.63039,7616.515122,66.746045,113.145638,1.1064928565938394,13.71470749999935,232329216,285175808,psapi:GetProcessMemoryInfo,008945d1a38aff3570c2eafaed7ec1b6276243062b63f1dd5c8fafa78b424620,43998335,1024,113.145637749568,66.7460446884748,47.59262348426478,60.31990709225694,0.14846911677800137,61.51572638052632,7616.515121819854,hilbert_rmi@countywide@split@w1024,7bd2071b3c6b,countywide,split,1024,cpp/spatial_core/build/water_distance_hilbert_w1024.exe,7,False,7,10,137,2026-07-29T23:05:14.766190+00:00,131072.0,4194400.0,5.0
hilbert_rmi,5,267362,8572,1072254,1063159,1189589,split,disk,rmi,2048,32,25.0,12.5,1189589,9516712,0.898614,13.240256,20193.114396,0.0,47.592623,1.606679,10.278319,6.397244,4.63039,7616.515122,65.419865,94.188789,1.0783234430702657,15.830399200000102,232255488,285175808,psapi:GetProcessMemoryInfo,008945d1a38aff3570c2eafaed7ec1b6276243062b63f1dd5c8fafa78b424620,43998335,2048,94.18878898272754,65.41986520148713,47.59262348426478,60.31990709225694,0.12161788137431646,61.51572638052632,7616.515121819854,hilbert_rmi@countywide@split@w2048,7bd2071b3c6b,countywide,split,2048,cpp/spatial_core/build/water_distance_hilbert_w2048.exe,7,False,7,11,138,2026-07-29T23:05:30.625779+00:00,131072.0,4194400.0,5.0
hilbert_binary,4,267362,8572,1072254,1063159,1189589,split,disk,binary,8,32,25.0,12.5,1189589,9516712,0.923652,10.045596,26614.846944,20.23764,47.592623,1.606679,10.278319,6.397244,4.63039,7616.515122,74.983988,167.972087,1.2995785295067468,12.74953110000024,232353792,285163520,psapi:GetProcessMemoryInfo,05c799b1fcef76bee01701d88ae4f2512d0e6b460aa63aa7f17143616ede12ee,45067783,8,167.97208653436167,74.98398800128665,47.59262348426478,60.31990709225694,0.6987978845161242,108.80716516728772,7616.515121819854,hilbert_binary@countywide@split@w8,7bd2071b3c6b,countywide,split,8,cpp/spatial_core/build/water_distance_hilbert_w8.exe,7,False,7,12,139,2026-07-29T23:05:43.406106+00:00,,,
hilbert_binary,4,267362,8572,1072254,1063159,1189589,split,disk,binary,16,32,25.0,12.5,1189589,9516712,0.919377,10.060941,26574.25384,20.23764,47.592623,1.606679,10.278319,6.397244,4.63039,7616.515122,73.973366,162.071065,1.2595458506267132,12.704041700000744,232345600,285163520,psapi:GetProcessMemoryInfo,05c799b1fcef76bee01701d88ae4f2512d0e6b460aa63aa7f17143616ede12ee,45067783,16,162.0710646987979,73.97336569894001,47.59262348426478,60.31990709225694,0.6075769929907765,108.80716516728772,7616.515121819854,hilbert_binary@countywide@split@w16,7bd2071b3c6b,countywide,split,16,cpp/spatial_core/build/water_distance_hilbert_w16.exe,7,False,7,13,140,2026-07-29T23:05:56.141953+00:00,,,
hilbert_binary,4,267362,8572,1072254,1063159,1189589,split,disk,binary,32,32,25.0,12.5,1189589,9516712,0.930297,10.19885,26214.917416,20.23764,47.592623,1.606679,10.278319,6.397244,4.63039,7616.515122,72.745742,153.844982,1.2149287631756989,12.937330000000657,232329216,285163520,psapi:GetProcessMemoryInfo,05c799b1fcef76bee01701d88ae4f2512d0e6b460aa63aa7f17143616ede12ee,45067783,32,153.84498171019067,72.74574172844308,47.59262348426478,60.31990709225694,0.4992631712808851,96.38698922438562,7616.515121819854,hilbert_binary@countywide@split@w32,7bd2071b3c6b,countywide,split,32,cpp/spatial_core/build/water_distance_hilbert_w32.exe,7,False,7,14,141,2026-07-29T23:06:09.110468+00:00,,,
hilbert_binary,4,267362,8572,1072254,1063159,1189589,split,disk,binary,64,32,25.0,12.5,1189589,9516712,0.916988,9.923957,26941.068235,20.23764,47.592623,1.606679,10.278319,6.397244,4.63039,7616.515122,70.913503,141.174168,1.1716919272505513,12.570908399999098,232361984,285163520,psapi:GetProcessMemoryInfo,05c799b1fcef76bee01701d88ae4f2512d0e6b460aa63aa7f17143616ede12ee,45067783,64,141.1741683560117,70.91350304082106,47.59262348426478,60.31990709225694,0.38615061227848385,32.23319399612495,7616.515121819854,hilbert_binary@countywide@split@w64,7bd2071b3c6b,countywide,split,64,cpp/spatial_core/build/water_distance_hilbert_w64.exe,7,False,7,15,142,2026-07-29T23:06:21.714641+00:00,,,
hilbert_binary,4,267362,8572,1072254,1063159,1189589,split,disk,binary,128,32,25.0,12.5,1189589,9516712,0.918181,10.169047,26291.745406,20.23764,47.592623,1.606679,10.278319,6.397244,4.63039,7616.515122,69.511206,133.036864,1.1379628107584276,12.835932100000718,232394752,285163520,psapi:GetProcessMemoryInfo,05c799b1fcef76bee01701d88ae4f2512d0e6b460aa63aa7f17143616ede12ee,45067783,128,133.03686387743957,69.51120578092623,47.59262348426478,60.31990709225694,0.2851040910825024,32.23319399612495,7616.515121819854,hilbert_binary@countywide@split@w128,7bd2071b3c6b,countywide,split,128,cpp/spatial_core/build/water_distance_hilbert_w128.exe,7,False,7,16,143,2026-07-29T23:06:34.582215+00:00,,,
hilbert_binary,4,267362,8572,1072254,1063159,1189589,split,disk,binary,256,32,25.0,12.5,1189589,9516712,0.910733,9.876063,27071.719309,20.23764,47.592623,1.606679,10.278319,6.397244,4.63039,7616.515122,67.145582,98.352634,1.1085579986699086,12.500019400000383,232308736,285179904,psapi:GetProcessMemoryInfo,05c799b1fcef76bee01701d88ae4f2512d0e6b460aa63aa7f17143616ede12ee,45067783,256,98.35263425617701,67.14558164585843,47.59262348426478,60.31990709225694,0.23136047755477593,32.23319399612495,7616.515121819854,hilbert_binary@countywide@split@w256,7bd2071b3c6b,countywide,split,256,cpp/spatial_core/build/water_distance_hilbert_w256.exe,7,False,7,17,144,2026-07-29T23:06:47.114595+00:00,,,
